INSERT INTO categories (id, position, name, url, description, image, parent_id, is_contains)
VALUES
(1, 5, 'Запчасти для краскораспылителей', 'zapasnyechasti', '', 'http://194.67.78.19/images/im13.png', null, true),
(2, 4, 'Компрессорное оборудование', 'kompressory', '', 'http://194.67.78.19/images/im38.png', null, true),
(3, 2, 'Краскораспылители', 'kraskoraspyliteli', 'Бренды краскораспылителей: WALCOM.', 'http://194.67.78.19/images/im60.png', null, true),
(4, 3, 'Пневматический инструмент', 'pnevmoinstrument', '', 'http://194.67.78.19/images/im112.png', null, true),
(5, 1, 'Крепежные изделия', 'krepezh', '', 'http://194.67.78.19/images/im187.png', null, true),
(6, 6, 'Соеденительные элементы Aignep', 'soedinitelnyeelementy', '', 'http://194.67.78.19/images/im127.png', null, true),
(7, 7, 'Трубки и шланги', 'trubki_shlangi_rvd', '', 'http://194.67.78.19/images/im125.png', null, false),
(8, 2, 'Бачки для краски', 'bachki', 'Оригинальные бачки для краскораспылителей WALCOM.', 'http://194.67.78.19/images/im2.png', 1, false),
(9, 3, 'Регуляторы давления', 'regulyatory_davleniya', 'Оригинальные регуляторы давления для краскораспылителей WALCOM.', 'http://194.67.78.19/images/im8.png', 1, false),

(10, 0, 'Серия CARBONIO', 'test1', '', 'http://194.67.78.19/images/im11.png', 33, false),
(11, 0, 'Серия EGO', 'test2', '', 'http://194.67.78.19/images/im17.png', 33, false),
(12, 0, 'Серия GENESI', 'test4', '', 'http://194.67.78.19/images/im19.png', 33, false),
(13, 0, 'Серия KOMBAT', 'test5', '', 'http://194.67.78.19/images/im22.png', 33, false),
(14, 0, 'Серия SLIM', 'test6', '', 'http://194.67.78.19/images/im24.png', 33, false),
(15, 0, 'Серия XLIGHT', 'test7', '', 'http://194.67.78.19/images/im26.png', 33, false),

(16, 0, 'Компрессоры с прямым приводом', 'kompressoryspryamymprivodom', 'Компрессоры поршневые полупрофессиональные с прямым приводом. Хорошо подходят для личных целей, где требуется компактность, была возможность взять его с собой, а самое главное - невысокая цена.', 'http://194.67.78.19/images/im31.png', 2, false),
(17, 0, 'Компрессоры с ременным приводом', 'kompressoryporshnevye', 'Поршневые компрессоры с ременным приводом до 10 атмосфер. Используются в основном для промышленных нужд, где не требуется высокая производительность.', 'http://194.67.78.19/images/im38.png', 2, false),

(18, 6, 'Серия CARBONIO', 'test8', '', 'http://194.67.78.19/images/im60.png', 3, false),
(19, 4, 'Серия EGO', 'test9', '', 'http://194.67.78.19/images/im64.png', 3, false),
(20, 5, 'Серия GENESI', 'test10', '', 'http://194.67.78.19/images/im72.png', 3, false),
(21, 2, 'Серия KOMBAT', 'test11', '', 'http://194.67.78.19/images/im76.png', 3, false),
(22, 3, 'Серия SLIM', 'test12', '', 'http://194.67.78.19/images/im81.png', 3, false),
(23, 1, 'Серия XLIGHT', 'test13', '', 'http://194.67.78.19/images/im92.png', 3, false),

(24, 3, 'Гвоздезабивные пистолеты', 'gvozdezabivnyepistolety', 'Гвоздезабивные пистолеты представлены брендом: Fasco.', 'http://194.67.78.19/images/im99.png', 4, false),
(25, 1, 'Скобозабивные пистолеты', 'skobozabivnie_pistoleti', 'Бренды скобозабивных пистолетов: Fasco, EZ-Fasten.', 'http://194.67.78.19/images/im103.png', 4, false),
(26, 2, 'Шпилько- штифтозабивные пистолеты', 'shtiftozabivnyepistolety', 'Бренды штифто-шпилькозабивных пистолетов: Fasco, EZ-Fasten.', 'http://194.67.78.19/images/im112.png', 4, false),

(27, 1, 'Быстросъемные соединения', 'test14', 'Быстросъемные соединения представлены брендом Aignep.', 'http://194.67.78.19/images/im201.png', 6, false),
(28, 6, 'Глушители', 'test15', 'Глушители Aignep с порогом фильтрации 50, 75, 100 и 120 мкм.', 'http://194.67.78.19/images/im206.png', 6, false),
(29, 4, 'Клапаны', 'klapany', 'Обратные клапаны и клапаны быстрого сброса бренда Aignep.', 'http://194.67.78.19/images/im204.png', 6, false),
(30, 5, 'Краны', 'test17', 'Краны шаровые, комбинированные и цанговые представлены брендом Aignep.', 'http://194.67.78.19/images/im205.png', 6, false),
(31, 2, 'Резьбовые переходники', 'test18', 'Резьбовые переходники представлены брендом Aignep.', 'http://194.67.78.19/images/im202.png', 6, false),
(32, 3, 'Цанговые соединения', 'test19', 'Цанговые соединения представлены брендом Aignep.', 'http://194.67.78.19/images/im203.png', 6, false),

(33, 1, 'Наборы сменных сопел', 'naborysmennihsopel', '', 'http://194.67.78.19/images/im13.png', 1, true),

(34, 0, 'Скобы', 'skobi', '', 'http://194.67.78.19/images/im188.png', 5, true),
(35, 0, 'Шпильки', 'shpilki', '', 'http://194.67.78.19/images/im182.png', 5, false),
(36, 0, 'Штифты', 'stifti', '', 'http://194.67.78.19/images/im183.png', 5, true),

(37, 0, 'Тип 14LC', 'type14LC', '', 'http://194.67.78.19/images/im184.png', 34, false),
(38, 0, 'Тип 90', 'type90', '', 'http://194.67.78.19/images/im185.png', 34, false),
(39, 0, 'Тип 92', 'type92', '', 'http://194.67.78.19/images/im186.png', 34, false),
(40, 0, 'Тип 97', 'type97', '', 'http://194.67.78.19/images/im187.png', 34, false),
(41, 0, 'Тип 115', 'type115', '', 'http://194.67.78.19/images/im188.png', 34, false),
(42, 0, 'Тип 145', 'type145', '', 'http://194.67.78.19/images/im189.png', 34, false),
(43, 0, 'Тип C2', 'typeC2', '', 'http://194.67.78.19/images/im151.png', 34, false),
(44, 0, 'Тип C3', 'typeC3', '', 'http://194.67.78.19/images/im152.png', 34, false),
(45, 0, 'Тип CF', 'typeCF', '', 'http://194.67.78.19/images/im153.png', 34, false),
(46, 0, 'Тип K 33', 'typeK33', '', 'http://194.67.78.19/images/im190.png', 34, false),

(47, 0, 'ST 0.6', 'st06', '', 'http://194.67.78.19/images/im191.png', 36, false),
(48, 0, 'ST 1.2', 'st12', '', 'http://194.67.78.19/images/im192.png', 36, false);

-- variables
INSERT INTO app_variables (name, value)
VALUES
('phone_sales', '+375 (29) 741-52-26'),
('phone_services', '+375 (44) 758-16-43'),
('email', 'zhibul.maksim@yandex.ru'),
('address', 'г. Минск, Селицкого 21К, 4 этаж, кабинет 8'),
('work_time', 'Пн - Чт: 09.00 - 17.00'),
('work_time', 'Пт: 09.00 - 16.30'),
('years', '12'),
('clients', '209'),
('partners', '12'),
('repair_done', '2974');

-- countries
INSERT INTO countries (name)
VALUES
('Беларусь'),
('Германия'),
('Италия'),
('Китай'),
('Польша'),
('Россия'),
('Тайвань'),
('Хорватия'),
('США');

-- slider
INSERT INTO slides (url, title, brand)
VALUES
('kraskoraspyliteli', 'Краскораспылители', 'WALCOM'),
('kompressory', 'Компрессоры', 'REMEZA'),
('krepezh', 'Крепежные изделия', 'EMES');

-- slider images
INSERT INTO slider_images (slide_id, display, src)
VALUES
(1, 'desktop', 'http://194.67.78.19/slider/slide1.png'),
(2, 'desktop', 'http://194.67.78.19/slider/slide2.png'),
(3, 'desktop', 'http://194.67.78.19/slider/slide3.png'),
(1, 'mobile', 'http://194.67.78.19/slider/mob-slide1.png'),
(2, 'mobile', 'http://194.67.78.19/slider/mob-slide2.png'),
(3, 'mobile', 'http://194.67.78.19/slider/mob-slide3.png');

-- test
INSERT INTO users (phone, name, company, email, comment)
VALUES
('+7 812 055-33-25', 'Виктор', 'ООО Прямые руки', 'pryam@ruki.ru', 'Прошу связаться со мной по поводу распылителя'),
('+7 892 885-53-52', 'Алексей', 'ИП Петров А. И.', 'fdsa@ruwerki.ru', 'Рассматривайте предложения о сотрудничестве?'),
('+7 911 100-89-43', 'Анна', 'ООО Эконом маркет', 'econom@market.ru', 'Здраствуйте, мне нужна информация по товару'),
('+7 874 535-88-30', 'Дмитрий', 'АО Рестор', 'restore@gmail.com', 'Готовы сделать заказ'),
('+7 534 832-78-15', 'Анастасия', 'ООО ДНС', 'anastasia.dns@yandex.ru', 'Можно ли забрать 2 распылителя 18 апреля?'),
('+7 973 453-22-48', 'Даниил', 'ИП Магаданов Д. А.', 'guru12@mail.ru', 'Возможно сделать заказ оптом?'),
('+7 354 877-35-45', 'Ольга', 'ООО АлЭкспромт', 'alXspromt@mail.ru', 'Нужна косультация по товару'),
('+7 783 453-978-35', 'Тимофей', 'ООО Пятерочка', '5opka@yandex.ru', 'Позвоните по номеру +7 923 453 23 43'),
('+7 351 543-78-12', 'Екатерина', 'ООО Иностранные Товары', 'foreignitems@gmail.com', 'Нужно уточнить про доставку'),
('+7 678 456-15-67', 'Владимир', 'РУВД', 'gosorgan@mvd.ru', 'Есть ли еще цвета?');

INSERT INTO candidates (phone, name)
VALUES
('Алгормат', '+918 44 125-22-84'),
('Дед мороз', '+111 111-11-11'),
('Виталий', '+7 981 865-45-38'),
('Валентин', '+33 25 354-87-78'),
('Картонуз', '+375 29 545-21-87');

-- items
INSERT INTO items (id, code, category_id, url, name, description, brand, manufacturer_id, price)
VALUES
(1, '1.0001', 8, 'bachok_52008w', 'Алюминевый бачок<br/> 750 мл 52008/W', '', 'WALCOM', 3, '70 руб / шт'),
(2, '1.0002', 8, 'bachok_52010uv', 'Пластиковый бачок<br/> 680 мл 52010/UV', '', 'WALCOM', 3, '115 руб / шт'),
(3, '1.0003', 8, 'bachok_52014uv', 'Пластиковый бачок<br/> 180 мл 52014/UV', '', 'WALCOM', 3, '110 руб / шт'),
(4, '1.0004', 8, 'bachok_52014w', 'Пластиковый бачок<br/> 180 мл 52014/W', '', 'WALCOM', 3, '50 руб / шт'),
(5, '1.0005', 8, 'bachok_52015w', 'Пластиковый бачок<br/> 75 мл 52015/W', '', 'WALCOM', 3, '80 руб / шт'),
(6, '1.0006', 8, 'bachok_52028b', 'Пластиковый бачок<br/> 680 мл 52028/B', '', 'WALCOM', 3, '110 руб / шт'),
(7, '1.0007', 8, 'bachok_52028uv', 'Пластиковый бачок<br/> 680 мл 52028/UV', '', 'WALCOM', 3, '125 руб / шт'),
(283, '1.0283', 8, 'bachok_52007w', 'Алюминевый бачок<br/> 500 мл 52007/W', '', 'WALCOM', 3, '85 руб / шт'),
(284, '1.0284', 8, 'bachok_52005w', 'Алюминевый бачок<br/> 750 мл 52005/W', '', 'WALCOM', 3, '85 руб / шт'),
(285, '1.0285', 8, 'bachok_52010w', 'Пластиковый бачок<br/> 680 мл 52010/W', '', 'WALCOM', 3, '100 руб / шт'),

(8, '1.0008', 9, 'regulyator_90147w', 'Регулятор давления с манометром<br/> WALCOM 90147/W', 'Регулятор давления сжатого воздуха с большой пропускной способностью, точной регулировкой, с манометром. Регулятор изготовлен из высококачественной анодированной латуни. Корпус манометра изготовлен из металла, имеет стеклянное окошко.', 'WALCOM', 3, '165 руб / шт'),
(9, '1.0009', 9, 'regulyator_90105w', 'Регулятор давления с манометром<br/> WALCOM 90105/W', 'Регулятор изготовлен из высококачественной латуни. Корпус манометра изготовлен из металла, имеет стеклянное окошко и осевое крепление.', 'WALCOM', 3, '120 руб / шт'),
(10, '1.0010', 9, 'regulyator_90180w', 'Электронный регулятор давления<br/> WALCOM 90180/W', 'Высокоточный регулятор давления из углеродного волокна и поворотным соединением с регулируемым углом наклона, цифровой манометр с корпусом из углеродного волокна. Подходит только для краскопультов серии Carbonio 360.', 'WALCOM', 3, '520 руб / шт'),

(286, '1.0286', 9, 'krishka_90128', 'Защитная крышка для манометра 90128', 'Защитная крышка для манометра из прозрачного, ударопрочного и устойчивого к воздействию растворителей пластика. ', 'WALCOM', 3, '10 руб / шт'),

(287, '1.0287', 9, 'regulyator_90106w', 'Регулятор давления 90106/W', 'Регулятор давления сжатого воздуха для краскораспылителей. Регулятор изготовлен из высококачественной латуни.', 'WALCOM', 3, '50 руб / шт'),

(288, '1.0288', 9, 'manometr_61306', 'Манометр 61306', 'Манометр для регулирования входного давления в краскопульт. Корпус манометра изготовлен из металла и имеет стеклянное окошко.', 'WALCOM', 3, '60 руб / шт'),

(11, '1.0011', 10, 'test12', 'Набор сменных сопел<br/> WALCOM Genesi Carbonio GEO 99001*', 'В набор входит: Распыляющая головка, сопло, игла-пружина', 'WALCOM', 3, '0.99 руб / шт'),

(12, '1.0019', 10, 'test20', 'Набор сменных сопел<br/> WALCOM Carbonio 360 HTE BASE 97001*', 'В набор входит: Распыляющая головка, сопло, игла-пружина', 'WALCOM', 3, '0.99 руб / шт'),

(13, '1.0026', 10, 'test27', 'Набор сменных сопел<br/> WALCOM Carbonio 360 HTE CLEAR 96001*', 'В набор входит: Распыляющая головка, сопло, игла-пружина', 'WALCOM', 3, '0.99 руб / шт'),

(14, '1.0032', 10, 'test32', 'Набор сменных сопел<br/> WALCOM Carbonio 360 HVLP 98001*', 'В набор входит: Распыляющая головка, сопло, игла-пружина', 'WALCOM', 3, '0.99 руб / шт'),

(15, '1.0039', 10, 'test39', 'Набор сменных сопел<br/> WALCOM Ego Carbonio HTE 7000**', 'В набор входит: Распыляющая головка, сопло, игла-пружина', 'WALCOM', 3, '0.99 руб / шт'),

(16, '1.0044', 10, 'test44', 'Набор сменных сопел<br/> WALCOM Ego Carbonio HVLP 7100**', 'В набор входит: Распыляющая головка, сопло, игла-пружина', 'WALCOM', 3, '0.99 руб / шт'),

(17, '1.0049', 11, 'test49', 'Набор сменных сопел<br/> WALCOM Ego HTE 4100**', 'В набор входит: Распыляющая головка, сопло, игла-пружина', 'WALCOM', 3, '0.99 руб / шт'),

(18, '1.0054', 11, 'test54', 'Набор сменных сопел<br/> WALCOM Ego HVLP 4137*', 'В набор входит: Распыляющая головка, сопло, игла-пружина', 'WALCOM', 3, '0.99 руб / шт'),

(19, '1.0059', 12, 'test59', 'Набор сменных сопел<br/> WALCOM Genesi Top Line GEO 93601*', 'В набор входит: Распыляющая головка, сопло, игла-пружина', 'WALCOM', 3, '0.99 руб / шт'),

(20, '1.0064', 12, 'test64', 'Набор сменных сопел<br/> WALCOM Genesi Top Line HTE 95601*', 'В набор входит: Распыляющая головка, сопло, игла-пружина', 'WALCOM', 3, '0.99 руб / шт'),

(21, '1.0070', 12, 'test70', 'Набор сменных сопел<br/> WALCOM Genesi Top Line HVLP 94601*', 'В набор входит: Распыляющая головка, сопло, игла-пружина', 'WALCOM', 3, '0.99 руб / шт'),

(22, '1.0076', 13, 'test76', 'Набор сменных сопел<br/> WALCOM Kombat HTE 8000**', 'В набор входит: Распыляющая головка, сопло, игла-пружина', 'WALCOM', 3, '0.99 руб / шт'),

(23, '1.0085', 13, 'test85', 'Набор сменных сопел<br/> WALCOM Kombat HVLP 8100**', 'В набор входит: Распыляющая головка, сопло, игла-пружина', 'WALCOM', 3, '0.99 руб / шт'),

(24, '1.0093', 14, 'test93', 'Набор сменных сопел<br/> WALCOM Slim HTE 11352**', 'В набор входит: Распыляющая головка, сопло, игла-пружина', 'WALCOM', 3, '0.99 руб / шт'),

(25, '1.0101', 14, 'test101', 'Набор сменных сопел<br/> WALCOM Slim HVLP 11350**', 'В набор входит: Распыляющая головка, сопло, игла-пружина', 'WALCOM', 3, '0.99 руб / шт'),

(26, '1.0106', 15, 'test106', 'Набор сменных сопел<br/> WALCOM Xlight HTE 8200**', 'В набор входит: Распыляющая головка, сопло, игла-пружина', 'WALCOM', 3, '0.99 руб / шт'),

(27, '1.0114', 15, 'test114', 'Набор сменных сопел<br/> WALCOM Xlight HVLP 8300**', 'В набор входит: Распыляющая головка, сопло, игла-пружина', 'WALCOM', 3, '0.99 руб / шт'),

(121, '1.0121', 16, 'test121', 'Компрессор поршневой<br/> СБ4/C-24.J1047B', '', 'REMEZA', 1, '726 руб / шт'),
(122, '1.0122', 16, 'test122', 'Компрессор поршневой<br/> СБ4/C-24.J1048B', '', 'REMEZA', 1, '783 руб / шт'),
(123, '1.0123', 16, 'test123', 'Компрессор поршневой<br/> СБ4/C-50.J1047B', '', 'REMEZA', 1, '825 руб / шт'),
(124, '1.0124', 16, 'test124', 'Компрессор поршневой<br/> СБ4/C-50.J1048B', '', 'REMEZA', 1, '864 руб / шт'),
(125, '1.0125', 16, 'test125', 'Компрессор поршневой<br/> СБ4/C-50.J2047B', '', 'REMEZA', 1, '1089 руб / шт'),
(126, '1.0126', 16, 'test126', 'Компрессор поршневой<br/> СБ4/C-100.J2047B', '', 'REMEZA', 1, '1155 руб / шт'),
(127, '1.0127', 17, 'test127', 'Компрессор поршневой<br/> СБ4/C-50.LB24A', '', 'REMEZA', 1, '1374 руб / шт'),
(128, '1.0128', 17, 'test128', 'Компрессор поршневой<br/> СБ4/C-50.LB24', '', 'REMEZA', 1, '1467 руб / шт'),
(129, '1.0129', 17, 'test129', 'Компрессор поршневой<br/> СБ4/C-100.LB24A', '', 'REMEZA', 1, '1461 руб / шт'),
(130, '1.0130', 17, 'test130', 'Компрессор поршневой<br/> СБ4/C-100.LB24', '', 'REMEZA', 1, '1557 руб / шт'),
(131, '1.0131', 17, 'test131', 'Компрессор поршневой<br/> СБ4/C-50.LB30A', '', 'REMEZA', 1, '1446 руб / шт'),
(132, '1.0132', 17, 'test132', 'Компрессор поршневой<br/> СБ4/C-50.LB30', '', 'REMEZA', 1, '1542 руб / шт'),
(133, '1.0133', 17, 'test133', 'Компрессор поршневой<br/> СБ4/C-100.LB30A', '', 'REMEZA', 1, '1563 руб / шт'),
(134, '1.0134', 17, 'test134', 'Компрессор поршневой<br/> СБ4/C-100.LB30', '', 'REMEZA', 1, '1707 руб / шт'),
(135, '1.0135', 17, 'test135', 'Компрессор поршневой<br/> СБ4/С-200.LB30А', '', 'REMEZA', 1, '2127 руб / шт'),
(136, '1.0136', 17, 'test136', 'Компрессор поршневой<br/> СБ4/С-200.LB30', '', 'REMEZA', 1, '2223 руб / шт'),
(137, '1.0137', 17, 'test137', 'Компрессор поршневой<br/> СБ4/C-100.LB40', '', 'REMEZA', 1, '1980 руб / шт'),
(138, '1.0138', 17, 'test138', 'Компрессор поршневой<br/> СБ4/С-200.LB40', '', 'REMEZA', 1, '2394 руб / шт'),
(139, '1.0139', 17, 'test139', 'Компрессор поршневой<br/> СБ4/C-100.LB50', '', 'REMEZA', 1, '2559 руб / шт'),
(140, '1.0140', 17, 'test140', 'Компрессор поршневой<br/> СБ4/Ф-270.LB50', '', 'REMEZA', 1, '3126 руб / шт'),
(141, '1.0141', 17, 'test141', 'Компрессор поршневой<br/> СБ4/С-100.LB75', '', 'REMEZA', 1, '2970 руб / шт'),
(142, '1.0142', 17, 'test142', 'Компрессор поршневой<br/> СБ4/Ф-270.LB75', '', 'REMEZA', 1, '3549 руб / шт'),
(143, '1.0143', 17, 'test143', 'Компрессор поршневой<br/> СБ4/Ф-500.LB75', '', 'REMEZA', 1, '3795 руб / шт'),
(144, '1.0144', 17, 'test144', 'Компрессор поршневой<br/> СБ4/Ф-500.LT100', '', 'REMEZA', 1, '5361 руб / шт'),
(145, '1.0145', 17, 'test145', 'Компрессор поршневой<br/> СБ4/Ф-500.LT100-11,0', '', 'REMEZA', 1, '7209 руб / шт'),
(146, '1.0146', 18, 'test146', 'Краскораспылитель<br/> WALCOM EGO CARBONIO HTE 7030**', '', 'WALCOM', 3, '735 руб / шт'),
(147, '1.0147', 18, 'test147', 'Краскораспылитель<br/> WALCOM EGO CARBONIO HVLP 7130**', '', 'WALCOM', 3, '740 руб / шт'),
(148, '1.0148', 18, 'test148', 'Краскораспылитель<br/> WALCOM GENESI CARBONIO 360 HTE CLEAR 9620**', '', 'WALCOM', 3, '1230 руб / шт'),
(149, '1.0149', 18, 'test149', 'Краскораспылитель<br/> WALCOM GENESI CARBONIO 360 HTE BASE 9730**', '', 'WALCOM', 3, '1230 руб / шт'),
(150, '1.0150', 18, 'test150', 'Краскораспылитель<br/> WALCOM GENESI CARBONIO 360 HVLP 9820**', '', 'WALCOM', 3, '1280 руб / шт'),
(151, '1.0151', 18, 'test151', 'Краскораспылитель<br/> WALCOM GENESI CARBONIO 360 HTE CLEAR 9630**', '', 'WALCOM', 3, '1455 руб / шт'),
(152, '1.0152', 18, 'test152', 'Краскораспылитель<br/> WALCOM GENESI CARBONIO 360 HTE BASE 9730**', '', 'WALCOM', 3, '1455 руб / шт'),
(153, '1.0153', 18, 'test153', 'Краскораспылитель<br/> WALCOM GENESI CARBONIO 360 HVLP 9830**', '', 'WALCOM', 3, '1505 руб / шт'),
(154, '1.0154', 18, 'test154', 'Краскораспылитель<br/> WALCOM GENESI CARBONIO 360 LIGHT HTE BASE ITALIAN BEAUTY 9730**/IB', '', 'WALCOM', 3, '1690 руб / шт'),
(155, '1.0155', 18, 'test155', 'Краскораспылитель<br/> WALCOM GENESI GEO CARBONIO 360 HVLP 9920**', '', 'WALCOM', 3, '1540 руб / шт'),
(156, '1.0156', 18, 'test156', 'Краскораспылитель<br/> WALCOM GENESI GEO CARBONIO 360 HVLP 9930**', '', 'WALCOM', 3, '1770 руб / шт'),
(157, '1.0157', 19, 'test157', 'Краскораспылитель<br/> WALCOM EGO HVLP 10023**', '', 'WALCOM', 3, '600 руб / шт'),
(158, '1.0158', 19, 'test158', 'Краскораспылитель<br/> WALCOM EGO HTE 10090**', '', 'WALCOM', 3, '600 руб / шт'),
(159, '1.0159', 20, 'test159', 'Краскораспылитель<br/> WALCOM GENESI TOP LINE S HTE 9535**', '', 'WALCOM', 3, '1055 руб / шт'),
(160, '1.0160', 20, 'test160', 'Краскораспылитель<br/> WALCOM GENESI TOP LINE SP HTE 9550**', '', 'WALCOM', 3, '1055 руб / шт'),
(161, '1.0161', 20, 'test161', 'Краскораспылитель<br/> WALCOM GENESI TOP LINE I HTE 9540**', '', 'WALCOM', 3, '1240 руб / шт'),
(162, '1.0162', 20, 'test162', 'Краскораспылитель<br/> WALCOM GENESI S HVLP 9430**', '', 'WALCOM', 3, '1100 руб / шт'),
(163, '1.0163', 20, 'test163', 'Краскораспылитель<br/> WALCOM GENESI SP HVLP 9450**', '', 'WALCOM', 3, '1100 руб / шт'),
(164, '1.0164', 20, 'test164', 'Краскораспылитель<br/> WALCOM GENESI I HVLP 9440**', '', 'WALCOM', 3, '1275 руб / шт'),
(165, '1.0165', 20, 'test165', 'Краскораспылитель<br/> WALCOM GENESI TOP LINE S GEO 9330**', '', 'WALCOM', 3, '1320 руб / шт'),
(166, '1.0166', 20, 'test166', 'Краскораспылитель<br/> WALCOM GENESI TOP LINE SP GEO 9350**', '', 'WALCOM', 3, '1320 руб / шт'),
(167, '1.0167', 20, 'test167', 'Краскораспылитель<br/> WALCOM GENESI TOP LINE I GEO 9340**', '', 'WALCOM', 3, '1490 руб / шт'),
(168, '1.0168', 21, 'test168', 'Краскораспылитель<br/> WALCOM SLIM KOMBAT HTE SR 8020**', '', 'WALCOM', 3, '470 руб / шт'),
(169, '1.0169', 21, 'test169', 'Краскораспылитель<br/> WALCOM SLIM KOMBAT HTE 8030**', '', 'WALCOM', 3, '500 руб / шт'),
(170, '1.0170', 21, 'test170', 'Краскораспылитель<br/> WALCOM SLIM KOMBAT HTE KILLER 8030**K', '', 'WALCOM', 3, '550 руб / шт'),
(171, '1.0171', 21, 'test171', 'Краскораспылитель<br/> WALCOM SLIM KOMBAT HVLP 8130**', '', 'WALCOM', 3, '575 руб / шт'),
(172, '1.0172', 21, 'test172', 'Краскораспылитель<br/> WALCOM SLIM KOMBAT HVLP 8130**K', '', 'WALCOM', 3, '650 руб / шт'),
(173, '1.0173', 22, 'test173', 'Краскораспылитель<br/> WALCOM SLIM S HTE SR 10083**', '', 'WALCOM', 3, '440 руб / шт'),
(174, '1.0174', 22, 'test174', 'Краскораспылитель<br/> WALCOM SLIM S HTE 10068**', '', 'WALCOM', 3, '490 руб / шт'),
(175, '1.0175', 22, 'test175', 'Краскораспылитель<br/> WALCOM SLIM S HVLP 10060**', '', 'WALCOM', 3, '530 руб / шт'),
(176, '1.0176', 22, 'test176', 'Краскораспылитель<br/> WALCOM SLIM SP HTE SR 10089**', '', 'WALCOM', 3, '420 руб / шт'),
(177, '1.0177', 22, 'test177', 'Краскораспылитель<br/> WALCOM SLIM SP HTE 10078**', '', 'WALCOM', 3, '460 руб / шт'),
(178, '1.0178', 22, 'test178', 'Краскораспылитель<br/> WALCOM SLIM I HTE SR 10088**', '', 'WALCOM', 3, '485 руб / шт'),
(179, '1.0179', 22, 'test179', 'Краскораспылитель<br/> WALCOM SLIM I HTE 10077**', '', 'WALCOM', 3, '545 руб / шт'),
(180, '1.0180', 22, 'test180', 'Краскораспылитель<br/> WALCOM SLIM HTE HD 10080**', '', 'WALCOM', 3, '1140 руб / шт'),
(181, '1.0181', 22, 'test181', 'Краскораспылитель<br/> WALCOM SLIM SP HVLP 10071**', '', 'WALCOM', 3, '510 руб / шт'),
(182, '1.0182', 22, 'test182', 'Краскораспылитель<br/> WALCOM SLIM I HVLP 10070**', '', 'WALCOM', 3, '570 руб / шт'),
(183, '1.0183', 23, 'test183', 'Краскораспылитель<br/> WALCOM SLIM XLIGHT HTE SR 8220**', '', 'WALCOM', 3, '390 руб / шт'),
(184, '1.0184', 23, 'test184', 'Краскораспылитель<br/> WALCOM SLIM XLIGHT HTE 8230**', '', 'WALCOM', 3, '440 руб / шт'),
(185, '1.0185', 23, 'test185', 'Краскораспылитель<br/> WALCOM SLIM XLIGHT HVLP 8330**', '', 'WALCOM', 3, '465 руб / шт'),
(186, '1.0186', 23, 'test186', 'Краскораспылитель<br/> WALCOM SLIM XLIGHT SP HTE SR 8281**', '', 'WALCOM', 3, '390 руб / шт'),
(187, '1.0187', 23, 'test187', 'Краскораспылитель<br/> WALCOM SLIM XLIGHT SP HTE 8280**', '', 'WALCOM', 3, '440 руб / шт'),
(188, '1.0188', 23, 'test188', 'Краскораспылитель<br/> WALCOM SLIM XLIGHT I HTE SR 8272**', '', 'WALCOM', 3, '440 руб / шт'),
(189, '1.0189', 23, 'test189', 'Краскораспылитель<br/> WALCOM SLIM XLIGHT HTE HD 8240**', '', 'WALCOM', 3, '780 руб / шт'),
(190, '1.0190', 23, 'test190', 'Краскораспылитель<br/> WALCOM SLIM XLIGHT I HVLP 8370**', '', 'WALCOM', 3, '510 руб / шт'),
(191, '1.0191', 24, 'test191', 'Гвоздезабивной пистолет<br/> FASCO F48C CN15W-55', '', 'FASCO', 3, '820 руб / шт'),
(192, '1.0192', 24, 'test192', 'Гвоздезабивной пистолет<br/> FASCO F58A CN15W-70', '', 'FASCO', 3, '820 руб / шт'),
(193, '1.0193', 24, 'test193', 'Гвоздезабивной пистолет<br/> FASCO F58AC CN15W-80', '', 'FASCO', 3, '820 руб / шт'),
(194, '1.0194', 24, 'test194', 'Гвоздезабивной пистолет<br/> FASCO F6AC CN15W-90B SCR', '', 'FASCO', 3, '880 руб / шт'),

-- (195, '1.0195', 25, 'test195', 'Скобозабивной пистолет<br/> EZ-FASTEN 80/16RN', '', 'EZ-Fasten', 7, '470'),
-- (196, '1.0196', 25, 'test196', 'Скобозабивной пистолет<br/> FASCO F1B 80-16', '', 'FASCO', 3, '500'),
-- (197, '1.0197', 25, 'test197', 'Скобозабивной пистолет<br/> FASCO F1B 97B-19', '', 'Fasco', 3, '500'),
-- (198, '1.0198', 25, 'test198', 'Скобозабивной пистолет<br/> EZ-FASTEN 90/40AC', '', 'EZ-FASTEN', 7, '640'),
-- (199, '1.0199', 25, 'test199', 'Скобозабивной пистолет<br/> EZ-FASTEN 92/40AC', '', 'EZ-FASTEN', 7, '680'),
-- (200, '1.0200', 25, 'test200', 'Скобозабивной пистолет<br/> EZ-FASTEN MS16/50A', '', 'EZ-FASTEN', 7, '750'),
-- (201, '1.0201', 25, 'test201', 'Скобозабивной пистолет<br/> FASCO F26AT 92-40', '', 'Fasco', 3, '1000'),
-- (202, '1.0202', 25, 'test202', 'Скобозабивной пистолет<br/> FASCO F44AC G-50 TL', '', 'Fasco', 3, '1400'),
-- (203, '1.0203', 25, 'test203', 'Скобозабивной пистолет<br/> FASCO F1B 80-16A CARTON PLIER', '', 'Fasco', 3, '1200'),

(195, '1.0195', 25, 'test195', 'Скобозабивной пистолет<br/> EZ-FASTEN 80/16RN', '', 'EZ-Fasten', 7, '470 руб / шт'),
(196, '1.0196', 25, 'test196', 'Скобозабивной пистолет<br/> FASCO F1B 80-16', '', 'Fasco', 3, '500 руб / шт'),
(197, '1.0197', 25, 'test197', 'Скобозабивной пистолет<br/> FASCO F1B 97B-19', '', 'Fasco', 3, '500 руб / шт'),
(198, '1.0198', 25, 'test198', 'Скобозабивной пистолет<br/> EZ-FASTEN 90/40AC', '', 'EZ-Fasten', 7, '640 руб / шт'),
(199, '1.0199', 25, 'test199', 'Скобозабивной пистолет<br/> EZ-FASTEN 92/40AC', '', 'EZ-FASTEN', 7, '680 руб / шт'),
(200, '1.0200', 25, 'test200', 'Скобозабивной пистолет<br/> EZ-FASTEN MS16/50A', '', 'EZ-FASTEN', 7, '750 руб / шт'),
(201, '1.0201', 25, 'test201', 'Скобозабивной пистолет<br/> FASCO F26AT 92-40', '', 'FASCO', 3, '1000 руб / шт'),
(202, '1.0202', 25, 'test202', 'Скобозабивной пистолет<br/> FASCO F44AC G-50 TL', '', 'FASCO', 3, '1400 руб / шт'),

(203, '1.0203', 26, 'test203', 'Шпилько- штифтозабивной пистолет<br/> EZ-FASTEN SUPER630', '', 'EZ-FASTEN', 7, '470 руб / шт'),
(204, '1.0204', 26, 'test204', 'Шпилько- штифтозабивной пистолет<br/> FASCO F23 A64-35P B', '', 'FASCO', 3, '800 руб / шт'),
(205, '1.0205', 26, 'test205', 'Шпилько- штифтозабивной пистолет<br/> FASCO F21P GA 18-31A', '', 'FASCO', 3, '720 руб / шт'),
(206, '1.0206', 26, 'test206', 'Шпилько- штифтозабивной пистолет<br/> EZ-FASTEN F18/32VM', '', 'EZ-Fasten', 7, '390 руб / шт'),
(207, '1.0207', 26, 'test207', 'Шпилько- штифтозабивной пистолет<br/> FASCO F21T GN-40A S.A.', '', 'FASCO', 3, '820 руб / шт'),
(208, '1.0208', 26, 'test208', 'Шпилько- штифтозабивной пистолет<br/> FASCO F21T GN-40A G.S.', '', 'FASCO', 3, '1200 руб / шт'),
(209, '1.0209', 26, 'test209', 'Шпилько- штифтозабивной пистолет<br/> EZ-FASTEN F18/50AC', '', 'EZ-FASTEN', 7, '460 руб / шт'),
(210, '1.0210', 26, 'test210', 'Шпилько- штифтозабивной пистолет<br/> FASCO F26AC FN-50', '', 'FASCO', 3, '1400 руб / шт'),
(211, '1.0211', 26, 'test211', 'Шпилько- штифтозабивной пистолет<br/> FASCO F3C FN-50A', '', 'FASCO', 3, '1600 руб / шт'),
(212, '1.0212', 26, 'test212', 'Шпилько- штифтозабивной пистолет<br/> FASCO F21T GN-40A G.S.S.A.', '', 'FASCO', 3, '1250 руб / шт'),
(213, '1.0213', 26, 'test213', 'Шпилько- штифтозабивной пистолет<br/> SENCO SLP20 GLN', '', 'SENCO', 9, '2150 руб / шт'),
-- (214, '1.0214', 7, 'test214', 'Трубка полиамидная<br/> TB1200427NЕ', '', 'Aignep', 3, '0'),
(215, '1.0215', 7, 'test215', 'Трубка полиамидная<br/> TB1200640NT', '', 'Aignep', 3, '2.90 руб / м'),
(216, '1.0216', 7, 'test216', 'Трубка полиамидная<br/> TB1200860NT', '', 'Aignep', 3, '4.20 руб / м'),
(217, '1.0217', 7, 'test217', 'Трубка полиамидная<br/> TB1201080NT', '', 'Aignep', 3, '5.20 руб / м'),
(218, '1.0218', 7, 'test218', 'Трубка полиамидная<br/> TB1212100NT', '', 'Aignep', 3, '6.40 руб / м'),
(219, '1.0219', 7, 'test219', 'Трубка полиамидная<br/> TB1214120AZ', '', 'Aignep', 3, '8.20 руб / м'),
(220, '1.0220', 7, 'test220', 'Трубка полиуретановая<br/> TBPU00640NT', '', 'Aignep', 3, '2.50 руб / м'),
(221, '1.0221', 7, 'test221', 'Трубка полиуретановая<br/> TBPU00860NT', '', 'Aignep', 3, '3.40 руб / м'),
(222, '1.0222', 7, 'test222', 'Трубка тефлоновая<br/> TBPF00640NT', '', 'Aignep', 3, '13.44 руб / м'),
(223, '1.0223', 7, 'test223', 'Шланг на адаптеры с обжимом<br/> TBPL3/40BL080', '', 'Aignep', 3, '45.40 руб / м'),
(224, '1.0224', 7, 'test224', 'Шланг на адаптеры с обжимом<br/> TBPL5/80BL080', '', 'Aignep', 3, '39.50 руб / м'),
(225, '1.0225', 7, 'test225', 'Шланг ПВХ<br/> TBPVM01106AZ', '', 'Aignep', 3, '3.90 руб / м'),
(226, '1.0226', 7, 'test226', 'Шланг ПВХ<br/> TBPVM01308AZ', '', 'Aignep', 3, '4.20 руб / м'),
(227, '1.0227', 7, 'test227', 'Шланг ПВХ<br/> TBPVM15510AZ', '', 'Aignep', 3, '5.30 руб / м'),
(281, '1.0281', 7, 'test281', 'Шланг ПВХ<br/> TBPVM19127AZ', '', 'Aignep', 3, '6.70 руб / м'),
(282, '1.0282', 7, 'test282', 'Шланг ПВХ<br/> TBPVM02316AZ', '', 'Aignep', 3, '9.10 руб / м'),

(228, '1.0228', 37, 'test228', 'Скобы 14 LC / 25', '', 'Emes', 5, '0 руб / уп'),
(229, '1.0229', 37, 'test229', 'Скобы 14 LC / 28', '', 'Emes', 5, '0 руб / уп'),
(230, '1.0230', 37, 'test230', 'Скобы 14 LC / 38', '', 'Emes', 5, '0 руб / уп'),
(231, '1.0231', 38, 'test231', 'Скобы 90 / 10', '', 'Emes', 5, '0 руб / уп'),
(232, '1.0232', 38, 'test232', 'Скобы 90 / 14', '', 'Emes', 5, '0 руб / уп'),
(233, '1.0233', 38, 'test233', 'Скобы 90 / 16', '', 'Emes', 5, '0 руб / уп'),
(234, '1.0234', 38, 'test234', 'Скобы 90 / 18', '', 'Emes', 5, '0 руб / уп'),
(235, '1.0235', 38, 'test235', 'Скобы 90 / 25', '', 'Emes', 5, '0 руб / уп'),
(236, '1.0236', 38, 'test236', 'Скобы 90 / 28', '', 'Emes', 5, '0 руб / уп'),
(237, '1.0237', 38, 'test237', 'Скобы 90 / 32', '', 'Emes', 5, '0 руб / уп'),
(238, '1.0238', 38, 'test238', 'Скобы 90 / 38', '', 'Emes', 5, '0 руб / уп'),
(239, '1.0239', 39, 'test239', 'Скобы 92 / 25', '', 'Emes', 5, '0 руб / уп'),
(240, '1.0240', 39, 'test240', 'Скобы 92 / 40', '', 'Emes', 5, '0 руб / уп'),
(241, '1.0241', 40, 'test241', 'Скобы 97 / 14', '', 'Emes', 5, '0 руб / уп'),
(242, '1.0242', 40, 'test242', 'Скобы 97 / 16', '', 'Emes', 5, '0 руб / уп'),
(243, '1.0243', 41, 'test243', 'Скобы 115 / 4', '', 'Emes', 5, '0 руб / уп'),
(244, '1.0244', 41, 'test244', 'Скобы 115 / 6', '', 'Emes', 5, '0 руб / уп'),
(245, '1.0245', 41, 'test245', 'Скобы 115 / 8', '', 'Emes', 5, '0 руб / уп'),
(246, '1.0246', 41, 'test246', 'Скобы 115 / 10', '', 'Emes', 5, '0 руб / уп'),
(247, '1.0247', 41, 'test247', 'Скобы 115 / 12', '', 'Emes', 5, '0 руб / уп'),
(248, '1.0248', 41, 'test248', 'Скобы 115 / 14', '', 'Emes', 5, '0 руб / уп'),
(249, '1.0249', 41, 'test249', 'Скобы 115 / 16', '', 'Emes', 5, '0 руб / уп'),
(250, '1.0250', 42, 'test250', 'Скобы 145 / 16', '', 'Emes', 5, '0 руб / уп'),
(251, '1.0251', 42, 'test251', 'Скобы 145 / 21', '', 'Emes', 5, '0 руб / уп'),
(252, '1.0252', 43, 'test252', 'Скобы C / 2', '', 'Emes', 5, '0 руб / уп'),
(253, '1.0253', 44, 'test253', 'Скобы C / 3', '', 'Emes', 5, '0 руб / уп'),
(254, '1.0254', 45, 'test254', 'Скобы CF 13', '', 'Emes', 5, '0 руб / уп'),
(255, '1.0255', 46, 'test255', 'Скобы K 33 / 18', '', 'Emes', 5, '0 руб / уп'),
(256, '1.0256', 46, 'test256', 'Скобы K 33 / 21', '', 'Emes', 5, '0 руб / уп'),
(257, '1.0257', 35, 'test257', 'Микрошпилька S 0.6 / 10', '', 'Emes', 5, '0 руб / уп'),
(258, '1.0258', 35, 'test258', 'Микрошпилька S 0.6 / 12', '', 'Emes', 5, '0 руб / уп'),
(259, '1.0259', 35, 'test259', 'Микрошпилька S 0.6 / 15', '', 'Emes', 5, '0 руб / уп'),
(260, '1.0260', 35, 'test260', 'Микрошпилька S 0.6 / 17', '', 'Emes', 5, '0 руб / уп'),
(261, '1.0261', 35, 'test261', 'Микрошпилька S 0.6 / 18', '', 'Emes', 5, '0 руб / уп'),
(262, '1.0262', 35, 'test262', 'Микрошпилька S 0.6 / 22', '', 'Emes', 5, '0 руб / уп'),
(263, '1.0263', 35, 'test263', 'Микрошпилька S 0.6 / 25', '', 'Emes', 5, '0 руб / уп'),
(264, '1.0264', 35, 'test264', 'Микрошпилька S 0.6 / 30', '', 'Emes', 5, '0 руб / уп'),
(265, '1.0265', 47, 'test265', 'Штифты ST 0.6 / 10', '', 'Emes', 5, '0 руб / уп'),
(266, '1.0266', 47, 'test266', 'Штифты ST 0.6 / 12', '', 'Emes', 5, '0 руб / уп'),
(267, '1.0267', 47, 'test267', 'Штифты ST 0.6 / 15', '', 'Emes', 5, '0 руб / уп'),
(268, '1.0268', 47, 'test268', 'Штифты ST 0.6 / 17', '', 'Emes', 5, '0 руб / уп'),
(269, '1.0269', 47, 'test269', 'Штифты ST 0.6 / 18', '', 'Emes', 5, '0 руб / уп'),
(270, '1.0270', 47, 'test270', 'Штифты ST 0.6 / 22', '', 'Emes', 5, '0 руб / уп'),
(271, '1.0271', 47, 'test271', 'Штифты ST 0.6 / 25', '', 'Emes', 5, '0 руб / уп'),
(272, '1.0272', 47, 'test272', 'Штифты ST 0.6 / 30', '', 'Emes', 5, '0 руб / уп'),
(273, '1.0273', 48, 'test273', 'Штифты ST 1.2 / 15', '', 'Emes', 5, '0 руб / уп'),
(274, '1.0274', 48, 'test274', 'Штифты ST 1.2 / 19', '', 'Emes', 5, '0 руб / уп'),
(275, '1.0275', 48, 'test275', 'Штифты ST 1.2 / 25', '', 'Emes', 5, '0 руб / уп'),
(276, '1.0276', 48, 'test276', 'Штифты ST 1.2 / 30', '', 'Emes', 5, '0 руб / уп'),
(277, '1.0277', 48, 'test277', 'Штифты ST 1.2 / 35', '', 'Emes', 5, '0 руб / уп'),
(278, '1.0278', 48, 'test278', 'Штифты ST 1.2 / 38', '', 'Emes', 5, '0 руб / уп'),
(279, '1.0279', 48, 'test279', 'Штифты ST 1.2 / 45', '', 'Emes', 5, '0 руб / уп'),
(280, '1.0280', 48, 'test280', 'Штифты ST 1.2 / 50', '', 'Emes', 5, '0 руб / уп');

-- (228, '1.0228', 6, 'test228', '', '', 'Aignep', 3, '0'),

-- (229, '1.0229', 26, 'test229', 'Муфта быстросъемная Aignep 001610000*(1;2;3)', '', 'Aignep', 3, '0'),
-- (230, '1.0230', 26, 'test230', 'Муфта быстросъемная Aignep 001620000*(1;2)', '', 'Aignep', 3, '0'),
-- (231, '1.0231', 26, 'test231', 'Муфта быстросъемная Aignep 001650000*(1;2;3;4)', '', 'Aignep', 3, '0'),
-- (232, '1.0232', 27, 'test232', 'Глушитель Aignep 0700000001', '', 'Aignep', 3, '0'),
-- (233, '1.0233', 27, 'test233', 'Глушитель Aignep 0702000002', '', 'Aignep', 3, '0'),
-- (234, '1.0234', 27, 'test234', 'Глушитель Aignep 071000000*(2;3)', '', 'Aignep', 3, '0'),
-- (235, '1.0235', 27, 'test235', 'Глушитель Aignep 0712000001', '', 'Aignep', 3, '0'),
-- (236, '1.0236', 28, 'test236', 'Обратный клапан Aignep 0603600001', '', 'Aignep', 3, '0'),
-- (237, '1.0237', 28, 'test237', 'Обратный клапан быстрого сброса Aignep 0605000003', '', 'Aignep', 3, '0'),
-- (238, '1.0238', 28, 'test238', 'Обратный клапан Aignep 060630000*(2;3)', '', 'Aignep', 3, '0'),
-- (239, '1.0239', 28, 'test239', 'Обратный клапан цанговый Aignep 060640000*(2;3)', '', 'Aignep', 3, '0'),
-- (240, '1.0240', 29, 'test240', 'Кран шаровый муфтовый с резьбой G ISO 228', '', 'Aignep', 3, '0'),
-- (241, '1.0241', 29, 'test241', 'Кран комбинированный с резьбой G ISO 228', '', 'Aignep', 3, '0'),
-- (242, '1.0242', 29, 'test242', 'Кран муфтовый с резьбой RP ISO 7', '', 'Aignep', 3, '0'),
-- (243, '1.0243', 29, 'test243', 'Кран комбинированный, паралельная наружная резьба GA ISO 228 / внутренняя резьба RP ISO 7', '', 'Aignep', 3, '0'),
-- (244, '1.0244', 29, 'test244', 'Кран комбинированный с байонетной гайкой и конической наружной резьбой RP ISO 7', '', 'Aignep', 3, '0'),
-- (245, '1.0245', 29, 'test245', 'Кран муфтовый с креплением на поверхность', '', 'Aignep', 3, '0'),
-- (246, '1.0246', 29, 'test246', 'Кран комбинированный цанговый с наружной конической резьбой R ISO 7', '', 'Aignep', 3, '0'),
-- (247, '1.0247', 30, 'test247', 'Ниппель с конической резьбой', '', 'Aignep', 3, '0');

-- images
INSERT INTO images (item_id, src)
VALUES
(1, 'http://194.67.78.19/images/im1.png'),
(2, 'http://194.67.78.19/images/im2.png'),
(3, 'http://194.67.78.19/images/im3.png'),
(4, 'http://194.67.78.19/images/im4.png'),
(5, 'http://194.67.78.19/images/im5.png'),
(6, 'http://194.67.78.19/images/im207.png'),
(7, 'http://194.67.78.19/images/im2.png'),
(283, 'http://194.67.78.19/images/im1.png'),
(284, 'http://194.67.78.19/images/im1.png'),
(285, 'http://194.67.78.19/images/im207.png'),
(8, 'http://194.67.78.19/images/im8.png'),
(9, 'http://194.67.78.19/images/im9.png'),
(10, 'http://194.67.78.19/images/im10.png'),
(286, 'http://194.67.78.19/images/im208.png'),
(287, 'http://194.67.78.19/images/im209.png'),
(288, 'http://194.67.78.19/images/im210.png'),

(11, 'http://194.67.78.19/images/im11.png'),
(11, 'http://194.67.78.19/images/im11-2.png'),

(12, 'http://194.67.78.19/images/im12.png'),

(13, 'http://194.67.78.19/images/im13.png'),

(14, 'http://194.67.78.19/images/im14.png'),
(14, 'http://194.67.78.19/images/im14-2.png'),

(15, 'http://194.67.78.19/images/im15.png'),
(15, 'http://194.67.78.19/images/im15-2.png'),

(16, 'http://194.67.78.19/images/im16.png'),
(16, 'http://194.67.78.19/images/im16-2.png'),

(17, 'http://194.67.78.19/images/im17.png'),
(17, 'http://194.67.78.19/images/im17-2.png'),

(18, 'http://194.67.78.19/images/im18.png'),
(18, 'http://194.67.78.19/images/im18-2.png'),

(19, 'http://194.67.78.19/images/im19.png'),
(19, 'http://194.67.78.19/images/im19-2.png'),

(20, 'http://194.67.78.19/images/im20.png'),
(20, 'http://194.67.78.19/images/im20-2.png'),

(21, 'http://194.67.78.19/images/im21.png'),
(21, 'http://194.67.78.19/images/im21-2.png'),

(22, 'http://194.67.78.19/images/im22.png'),

(23, 'http://194.67.78.19/images/im23.png'),

(24, 'http://194.67.78.19/images/im24.png'),
(24, 'http://194.67.78.19/images/im24-2.png'),

(25, 'http://194.67.78.19/images/im24.png'),
(25, 'http://194.67.78.19/images/im24-2.png'),

(26, 'http://194.67.78.19/images/im26.png'),
(26, 'http://194.67.78.19/images/im26-2.png'),

(27, 'http://194.67.78.19/images/im27.png'),
(27, 'http://194.67.78.19/images/im27-2.png'),

(121, 'http://194.67.78.19/images/im28.png'),
(122, 'http://194.67.78.19/images/im29.png'),
(123, 'http://194.67.78.19/images/im30.png'),
(124, 'http://194.67.78.19/images/im31.png'),
(125, 'http://194.67.78.19/images/im32.png'),
(126, 'http://194.67.78.19/images/im33.png'),
(127, 'http://194.67.78.19/images/im34.png'),
(128, 'http://194.67.78.19/images/im35.png'),
(129, 'http://194.67.78.19/images/im36.png'),
(130, 'http://194.67.78.19/images/im37.png'),
(131, 'http://194.67.78.19/images/im38.png'),
(132, 'http://194.67.78.19/images/im39.png'),
(133, 'http://194.67.78.19/images/im40.png'),
(134, 'http://194.67.78.19/images/im41.png'),
(135, 'http://194.67.78.19/images/im42.png'),
(136, 'http://194.67.78.19/images/im43.png'),
(137, 'http://194.67.78.19/images/im44.png'),
(138, 'http://194.67.78.19/images/im45.png'),
(139, 'http://194.67.78.19/images/im46.png'),
(140, 'http://194.67.78.19/images/im47.png'),
(141, 'http://194.67.78.19/images/im48.png'),
(142, 'http://194.67.78.19/images/im49.png'),
(143, 'http://194.67.78.19/images/im50.png'),
(144, 'http://194.67.78.19/images/im51.png'),
(145, 'http://194.67.78.19/images/im52.png'),
(146, 'http://194.67.78.19/images/im53.png'),
(147, 'http://194.67.78.19/images/im54.png'),
(148, 'http://194.67.78.19/images/im55.png'),
(149, 'http://194.67.78.19/images/im56.png'),
(150, 'http://194.67.78.19/images/im57.png'),
(151, 'http://194.67.78.19/images/im58.png'),
(152, 'http://194.67.78.19/images/im59.png'),
(153, 'http://194.67.78.19/images/im60.png'),
(154, 'http://194.67.78.19/images/im61.png'),
(155, 'http://194.67.78.19/images/im62.png'),
(156, 'http://194.67.78.19/images/im63.png'),
(157, 'http://194.67.78.19/images/im64.png'),
(158, 'http://194.67.78.19/images/im65.png'),
(159, 'http://194.67.78.19/images/im66.png'),
(160, 'http://194.67.78.19/images/im67.png'),
(161, 'http://194.67.78.19/images/im68.png'),
(162, 'http://194.67.78.19/images/im69.png'),
(163, 'http://194.67.78.19/images/im70.png'),
(164, 'http://194.67.78.19/images/im71.png'),
(165, 'http://194.67.78.19/images/im72.png'),
(166, 'http://194.67.78.19/images/im73.png'),
(167, 'http://194.67.78.19/images/im74.png'),
(168, 'http://194.67.78.19/images/im75.png'),
(169, 'http://194.67.78.19/images/im76.png'),
(170, 'http://194.67.78.19/images/im77.png'),
(171, 'http://194.67.78.19/images/im78.png'),
(172, 'http://194.67.78.19/images/im79.png'),
(173, 'http://194.67.78.19/images/im80.png'),
(174, 'http://194.67.78.19/images/im81.png'),
(175, 'http://194.67.78.19/images/im200.png'),
(176, 'http://194.67.78.19/images/im83.png'),
(177, 'http://194.67.78.19/images/im84.png'),
(178, 'http://194.67.78.19/images/im85.png'),
(179, 'http://194.67.78.19/images/im86.png'),
(180, 'http://194.67.78.19/images/im87.png'),
(181, 'http://194.67.78.19/images/im88.png'),
(182, 'http://194.67.78.19/images/im89.png'),
(183, 'http://194.67.78.19/images/im90.png'),
(184, 'http://194.67.78.19/images/im91.png'),
(185, 'http://194.67.78.19/images/im92.png'),
(186, 'http://194.67.78.19/images/im93.png'),
(187, 'http://194.67.78.19/images/im94.png'),
(188, 'http://194.67.78.19/images/im95.png'),
(189, 'http://194.67.78.19/images/im96.png'),
(190, 'http://194.67.78.19/images/im97.png'),
(191, 'http://194.67.78.19/images/im98.png'),
(192, 'http://194.67.78.19/images/im99.png'),
(193, 'http://194.67.78.19/images/im100.png'),
(194, 'http://194.67.78.19/images/im101.png'),
(195, 'http://194.67.78.19/images/im102.png'),
(196, 'http://194.67.78.19/images/im103.png'),
(197, 'http://194.67.78.19/images/im104.png'),
(198, 'http://194.67.78.19/images/im105.png'),
(199, 'http://194.67.78.19/images/im106.png'),
(200, 'http://194.67.78.19/images/im107-1.png'),
(200, 'http://194.67.78.19/images/im107-2.png'),
(200, 'http://194.67.78.19/images/im107-3.png'),
(200, 'http://194.67.78.19/images/im107-4.png'),
(200, 'http://194.67.78.19/images/im107-5.png'),
(201, 'http://194.67.78.19/images/im108.png'),
(202, 'http://194.67.78.19/images/im109.png'),
(203, 'http://194.67.78.19/images/im111.png'),
(204, 'http://194.67.78.19/images/im112.png'),
(205, 'http://194.67.78.19/images/im113.png'),
(206, 'http://194.67.78.19/images/im114.png'),
(207, 'http://194.67.78.19/images/im115.png'),
(208, 'http://194.67.78.19/images/im116.png'),
(209, 'http://194.67.78.19/images/im117.png'),
(210, 'http://194.67.78.19/images/im118.png'),
(211, 'http://194.67.78.19/images/im119.png'),
(212, 'http://194.67.78.19/images/im120.png'),
(213, 'http://194.67.78.19/images/im121.png'),
-- (214, 'http://194.67.78.19/images/im122.png'),
(215, 'http://194.67.78.19/images/im122.png'),
(216, 'http://194.67.78.19/images/im122.png'),
(217, 'http://194.67.78.19/images/im122.png'),
(218, 'http://194.67.78.19/images/im122.png'),
(219, 'http://194.67.78.19/images/im122.png'),
(220, 'http://194.67.78.19/images/im123.png'),
(221, 'http://194.67.78.19/images/im123.png'),
(222, 'http://194.67.78.19/images/im124.png'),
(223, 'http://194.67.78.19/images/im125.png'),
(224, 'http://194.67.78.19/images/im125.png'),
(225, 'http://194.67.78.19/images/im126.png'),
(226, 'http://194.67.78.19/images/im126.png'),
(227, 'http://194.67.78.19/images/im126.png'),
(228, 'http://194.67.78.19/images/im180.png'),
(229, 'http://194.67.78.19/images/im128.png'),
(230, 'http://194.67.78.19/images/im129.png'),
(231, 'http://194.67.78.19/images/im130.png'),
(232, 'http://194.67.78.19/images/im131.png'),
(233, 'http://194.67.78.19/images/im132.png'),
(234, 'http://194.67.78.19/images/im133.png'),
(235, 'http://194.67.78.19/images/im134.png'),
(236, 'http://194.67.78.19/images/im135.png'),
(237, 'http://194.67.78.19/images/im136.png'),
(238, 'http://194.67.78.19/images/im137.png'),
(239, 'http://194.67.78.19/images/im138.png'),
(240, 'http://194.67.78.19/images/im139.png'),
(241, 'http://194.67.78.19/images/im140.png'),
(242, 'http://194.67.78.19/images/im141.png'),
(243, 'http://194.67.78.19/images/im142.png'),
(244, 'http://194.67.78.19/images/im143.png'),
(245, 'http://194.67.78.19/images/im144.png'),
(246, 'http://194.67.78.19/images/im145.png'),
(247, 'http://194.67.78.19/images/im146.png'),
(248, 'http://194.67.78.19/images/im147.png'),
(249, 'http://194.67.78.19/images/im148.png'),
(250, 'http://194.67.78.19/images/im149.png'),
(251, 'http://194.67.78.19/images/im150.png'),
(252, 'http://194.67.78.19/images/im151.png'),
(253, 'http://194.67.78.19/images/im152.png'),
(254, 'http://194.67.78.19/images/im153.png'),
(255, 'http://194.67.78.19/images/im154.png'),
(256, 'http://194.67.78.19/images/im155.png'),
(257, 'http://194.67.78.19/images/im156.png'),
(258, 'http://194.67.78.19/images/im157.png'),
(259, 'http://194.67.78.19/images/im158.png'),
(260, 'http://194.67.78.19/images/im159.png'),
(261, 'http://194.67.78.19/images/im160.png'),
(262, 'http://194.67.78.19/images/im161.png'),
(263, 'http://194.67.78.19/images/im162.png'),
(264, 'http://194.67.78.19/images/im163.png'),
(265, 'http://194.67.78.19/images/im164.png'),
(266, 'http://194.67.78.19/images/im165.png'),
(267, 'http://194.67.78.19/images/im166.png'),
(268, 'http://194.67.78.19/images/im167.png'),
(269, 'http://194.67.78.19/images/im168.png'),
(270, 'http://194.67.78.19/images/im169.png'),
(271, 'http://194.67.78.19/images/im170.png'),
(272, 'http://194.67.78.19/images/im171.png'),
(273, 'http://194.67.78.19/images/im172.png'),
(274, 'http://194.67.78.19/images/im173.png'),
(275, 'http://194.67.78.19/images/im174.png'),
(276, 'http://194.67.78.19/images/im175.png'),
(277, 'http://194.67.78.19/images/im176.png'),
(278, 'http://194.67.78.19/images/im177.png'),
(279, 'http://194.67.78.19/images/im178.png'),
(280, 'http://194.67.78.19/images/im179.png'),
(281, 'http://194.67.78.19/images/im126.png'),
(282, 'http://194.67.78.19/images/im126.png');

INSERT INTO pages (url, name, text, seo_title, seo_description, seo_keywords)
VALUES
('contacts', 'КОНТАКТНАЯ ИНФОРМАЦИЯ', '', 'Контакты', '', ''),
('delivery', 'Доставка по Беларуси', 'Доставка по Республике Беларусь осуществляется двумя способами:<ol><li>Автолайт экспресс</li><li>Европочта (возможен наложенный платёж)</li></ol><br/>Стоимость доставки уточняйте у менеджера.<br/><br/><br/><h1 class="text-center">Бесплатная доставка</h1><br/>Бесплатная доставка осуществляется в пределах зелёной зоны, которая отмечена на карте ниже. Данный вид доставки возможен только при покупке от 400 белорусских рублей.<br/><br/>В неё не входят категории:<br/><ol><li>Компрессорное оборудование</li><li>Осушители</li><li>Фильтры</li></ol><br/>При бесплатной доставке возможен только наличный способ оплаты.<br/><br/>', 'Доставка и оплата', 'Страница доставки и оплаты', 'доставка,оплата'),
('rembaza', 'ОБСЛУЖИВАНИЕ И РЕМОНТ ПНЕВМОИНСТРУМЕНТА', 'Наша компания ZHBL располагает собственной ремонтно-технической базой.<br/><br/> Мы предлагаем оригинальные запасные части для пневматических инструментов таких брендов, как: BeA, BOSTITCH, DYNABRADE, EZ-Fasten, FASCO (BECK), HITACHI, PREBENA, SENCO, SUMAKE и др.<br/>Ремонтируем следующие типы пневматического оборудования:<br/><ol><li>Гвоздезабивные пистолеты</li><li>Пневматические шлифмашинки</li><li>Скобозабивные пистолеты</li><li>Шпилькозабивные пистолеты</li><li>Штифтозабивные пистолеты</li></ol><br/>Не ремонтируем: гайковерты, пневмозаклепочники, пневмомолотки, пневмотрещетки, пневмотрещетки, пневмолобзики, пневматические дрели, пнеевмоотвертки.', 'ZHBL - Ремонт пневматического инструмента (Минск)', 'Компания ZHBL осуществляет ремонт пневматического инструмента и оборудования. Есть возможность выезда специалиста на производства. Телефон: +375 (44) 758-16-43', 'Ремонт пневмоинструмента, ремонт пневмооборудования, ремонт компрессора, ип жибуль, ремонт шлифмашинки, ремонт шпилькозабивного пистолета, ремонт скобозабивателя, ремонт пневмостеплера, ремонт, штифтозабивного пистолета, ремонт инструмента fasco, ez-fasten, bostitch, sumake, fasco, hitachi, senco, prebena, ремонт ez-fasten, ремонт bostitch, ремонт sumake, ремонт hitachi, ремонт prebena, ремонт senco, ремонт инструмента минск, ремонт пневмоинструмента минск, боек для шпилечника');

INSERT INTO trailer_rent (title, url, image_src)
VALUES
('Аренда автоприцепа с тентом', 'arenda-s-tentom', 'http://194.67.78.19/trailers/preview-with-tent.png'),
('Аренда автоприцепа без тента', 'arenda-bez-tenta', 'http://194.67.78.19/trailers/preview-without-tent.jpg');

INSERT INTO trailers (trailer_rent_id, title, text)
VALUES
(1, 'Аренда автоприцепа с тентом', 'В концепцию прицепа был заложен крепкий кузов уникальных размеров 3 на 1,5 метра. На легковом прицепе "Атлет" удобно перевозить как материалы для строительства, так и технику для экстримального отдыха. Подвеска прицепа для легковых автомобилей имеет уникальную рессору с подрессорником. Для защиты грузов от внешнего воздействия (осадки, грязь, пыль и тп.) на прицепе "Атлет" устанавливается тент. Высота кузова от пола до тента 1,5 метра. Тент имеет аэродинамический скос, позволяющий умешить сопротивление воздуха при езде с прицепом. При установке удлинителя дышла в крайнее положение на прицепе можно перевозить длиномерные грузы до 6 метров, при этом следует помнить, что груз выступающий за 1 метр от кузова прицепа надо обозначить знаком "крупногабаритный груз".'),
(2, 'Аренда автоприцепа без тента', 'Прицеп Титан-3000 для легковых автомобилей решает вопрос перевозки тяжёлых (до 500 кг) и габаритных грузов, когда нет возможности или потребности в покупке грузового транспорта. Оборудован высоким жёстким каркасом, к которому можно крепить грузы для их большей устойчивости. На каркас можно натянуть водонепроницаемый тент, который защитит перевозимые грузы от осадков, пыли и грязи (например, при перевозке по грязным дорогам в дождь). Так же тент скроет содержимое прицепа от посторонних глаз.');

INSERT INTO trailer_options (trailer_id, icon, name, text)
VALUES
(1, 'size', 'Габариты кузова', 'Длина кузова - 3010 мм<br/>Ширина кузова - 1480 мм'),
(1, 'height', 'Высота кузова', 'Высота кузова - 380 мм<br/>Высота каркаса (тента) - 1500 мм'),
(1, 'options', 'Грузоподъемность', 'По документам - 460 кг<br/>По факту - до 750 кг'),
(1, 'exclamation-mark', 'Общая информация', 'Минимальный срок аренды - 3 часа<br/>Цена за сутки - 25 рублей'),
(2, 'size', 'Габариты кузова', 'Длина кузова - 3000 мм<br/>Ширина кузова - 1500 мм'),
(2, 'info', 'Шасси', 'Тип подвески - рессорно-амортизаторная<br/>Размер колес - R13 4х98'),
(2, 'options', 'Грузоподъемность', 'По документам - 500 кг<br/>По факту - до 740 кг'),
(2, 'exclamation-mark', 'Общая информация', 'Минимальный срок аренды - 3 часа<br/>Цена за сутки - 25 рублей');

INSERT INTO trailer_images (trailer_id, src)
VALUES
(1, 'http://194.67.78.19/trailer/tent1.jpg'),
(1, 'http://194.67.78.19/trailer/tent2.png'),
(1, 'http://194.67.78.19/trailer/tent3.jpg'),
(2, 'http://194.67.78.19/trailer/without_tent1.jpg'),
(2, 'http://194.67.78.19/trailer/without_tent2.jpg'),
(2, 'http://194.67.78.19/trailer/without_tent3.jpg');
