INSERT INTO categories (id, name, url, parent_id, is_contains)
VALUES
(1, 'Запчасти для краскораспылителей', 'zapasnyechasti', null, true),
(2, 'Компрессоры', 'kompressory', null, true),
(3, 'Краскораспылители', 'kraskoraspyliteli', null, true),
(4, 'Пневмоинструмент', 'pnevmoinstrument', null, true),
(5, 'Соеденительные элементы Aignep', 'soedinitelnyeelementy', null, true),
(6, 'Шланги и трубки', 'trubki_shlangi_rvd', null, false),
(7, 'Бачки', 'bachki', 1, false),
(8, 'Регуляторы давления', 'reg_dav', 1, false),
(9, 'Серия Carbonio', 'test1', 1, false),
(10, 'Серия Ego', 'test2', 1, false),
(11, 'Серия Genesi', 'test4', 1, false),
(12, 'Серия Kombat', 'test5', 1, false),
(13, 'Серия Slim', 'test6', 1, false),
(14, 'Серия Xlight', 'test7', 1, false),
(15, 'Компрессоры с прямым приводом', 'kompressoryspryamymprivodom', 2, false),
(16, 'Компрессоры с ременным приводом', 'kompressoryporshnevye', 2, false),
(17, 'Серия Carbonio', 'test8', 3, false),
(18, 'Серия Ego', 'test9', 3, false),
(19, 'Серия Genesi', 'test10', 3, false),
(20, 'Серия Kombat', 'test11', 3, false),
(21, 'Серия Slim', 'test12', 3, false),
(22, 'Серия Xlight', 'test13', 3, false),
(23, 'Гвоздезабивные пистолеты', 'gvozdezabivnyepistolety', 4, false),
(24, 'Скобозабивные пистолеты', 'skobozabivnie_pistoleti', 4, false),
(25, 'Шпилько-штифтозабивной пистолет', 'shtiftozabivnyepistolety', 4, false),
(26, 'Быстросъемные соединения', 'test14', 5, false),
(27, 'Глушители', 'test15', 5, false),
(28, 'Клапаны', 'klapany', 5, false),
(29, 'Краны', 'test17', 5, false),
(30, 'Резьбовые переходники', 'test18', 5, false),
(31, 'Цанговые соединения', 'test19', 5, false);

-- variables
INSERT INTO app_variables (name, value)
VALUES
('phone_sales', '+375 (29) 741-52-26'),
('phone_services', '+375 (44) 758-16-43'),
('email', 'zhibul.maksim@yandex.ru'),
('address', 'г. Минск, Селицкого 21К, 4 этаж, кабинет 1'),
('work_time', 'Пн-Чт: 09.00-17.00'),
('work_time', 'Пт: 09.00-16.00'),
('years', '12'),
('clients', '209'),
('partners', '12'),
('repair_done', '2974');

-- countries
INSERT INTO countries (name)
VALUES
('Беларусь'),
('Германия'),
('Италия'),
('Китай'),
('Польша'),
('Россия'),
('Тайвань'),
('Хорватия'),
('США');

-- slider
INSERT INTO slides (url, title, brand)
VALUES
('kraskoraspyliteli', 'Краскораспылители', 'WALCOM'),
('krepezh', 'Крепежные изделия', 'EMES'),
('kompressory', 'Компрессоры', 'REMEZA');

-- slider images
INSERT INTO slider_images (slide_id, display, src)
VALUES
(1, 'desktop', 'http://localhost:5000/slider/slide1.png'),
(2, 'desktop', 'http://localhost:5000/slider/slide2.png'),
(3, 'desktop', 'http://localhost:5000/slider/slide3.png'),
(1, 'mobile', 'http://localhost:5000/slider/slide1.png'),
(2, 'mobile', 'http://localhost:5000/slider/slide2.png'),
(3, 'mobile', 'http://localhost:5000/slider/slide3.png');

-- test
INSERT INTO users (phone, name, company, email, comment)
VALUES
('+7 812 055-33-25', 'Виктор', 'ООО Прямые руки', 'pryam@ruki.ru', 'Прошу связаться со мной по поводу распылителя'),
('+7 892 885-53-52', 'Алексей', 'ИП Петров А. И.', 'fdsa@ruwerki.ru', 'Рассматривайте предложения о сотрудничестве?'),
('+7 911 100-89-43', 'Анна', 'ООО Эконом маркет', 'econom@market.ru', 'Здраствуйте, мне нужна информация по товару'),
('+7 874 535-88-30', 'Дмитрий', 'АО Рестор', 'restore@gmail.com', 'Готовы сделать заказ'),
('+7 534 832-78-15', 'Анастасия', 'ООО ДНС', 'anastasia.dns@yandex.ru', 'Можно ли забрать 2 распылителя 18 апреля?'),
('+7 973 453-22-48', 'Даниил', 'ИП Магаданов Д. А.', 'guru12@mail.ru', 'Возможно сделать заказ оптом?'),
('+7 354 877-35-45', 'Ольга', 'ООО АлЭкспромт', 'alXspromt@mail.ru', 'Нужна косультация по товару'),
('+7 783 453-978-35', 'Тимофей', 'ООО Пятерочка', '5opka@yandex.ru', 'Позвоните по номеру +7 923 453 23 43'),
('+7 351 543-78-12', 'Екатерина', 'ООО Иностранные Товары', 'foreignitems@gmail.com', 'Нужно уточнить про доставку'),
('+7 678 456-15-67', 'Владимир', 'РУВД', 'gosorgan@mvd.ru', 'Есть ли еще цвета?');

INSERT INTO candidates (phone, name)
VALUES
('Алгормат', '+918 44 125-22-84'),
('Дед мороз', '+111 111-11-11'),
('Виталий', '+7 981 865-45-38'),
('Валентин', '+33 25 354-87-78'),
('Картонуз', '+375 29 545-21-87');

-- items
INSERT INTO items (id, category_id, url, name, description, brand, manufacturer_id, price)
VALUES
(1, 7, 'test1', 'Алюминевый бачок 750 мл 52008/W', '', '', 3, '0.99'),
(2, 7, 'test2', 'Пластиковый бачок 680 мл 52010/UV', '', '', 3, '0.99'),
(3, 7, 'test3', 'Пластиковый бачок 180 мл 52014/UV', '', '', 3, '0.99'),
(4, 7, 'test4', 'Пластиковый бачок 180 мл 52014/W', '', '', 3, '0.99'),
(5, 7, 'test5', 'Пластиковый бачок 75 мл 52015/W', '', '', 3, '0.99'),
(6, 7, 'test6', 'Пластиковый бачок 680 мл 52028/B', '', '', 3, '0.99'),
(7, 7, 'test7', 'Пластиковый бачок 680 мл 52028/UV', '', '', 3, '0.99'),
(8, 8, 'test9', 'Регулятор давления с манометром Walcom 90147/W', '', 'Walcom', 3, '0.99'),
(9, 8, 'test10', 'Регулятор давления с манометром Walcom 90105/W', '', 'Walcom', 3, '0.99'),
(10, 8, 'test11', 'Электронный регулятор давления Walcom 90180/W', '', 'Walcom', 3, '0.99'),
(11, 9, 'test12', 'Набор сменных сопел Walcom Genesi Carbonio GEO 990010', 'В набор входит: Распыляющая головка, сопло, игла-пружина', 'Walcom', 3, '0.99'),
(12, 9, 'test13', 'Набор сменных сопел Walcom Genesi Carbonio GEO 990011', 'В набор входит: Распыляющая головка, сопло, игла-пружина', 'Walcom', 3, '0.99'),
(13, 9, 'test14', 'Набор сменных сопел Walcom Genesi Carbonio GEO 990012', 'В набор входит: Распыляющая головка, сопло, игла-пружина', 'Walcom', 3, '0.99'),
(14, 9, 'test15', 'Набор сменных сопел Walcom Genesi Carbonio GEO 990013', 'В набор входит: Распыляющая головка, сопло, игла-пружина', 'Walcom', 3, '0.99'),
(15, 9, 'test16', 'Набор сменных сопел Walcom Genesi Carbonio GEO 990014', 'В набор входит: Распыляющая головка, сопло, игла-пружина', 'Walcom', 3, '0.99'),
(16, 9, 'test17', 'Набор сменных сопел Walcom Genesi Carbonio GEO 990015', 'В набор входит: Распыляющая головка, сопло, игла-пружина', 'Walcom', 3, '0.99'),
(17, 9, 'test18', 'Набор сменных сопел Walcom Genesi Carbonio GEO 990017', 'В набор входит: Распыляющая головка, сопло, игла-пружина', 'Walcom', 3, '0.99'),
(18, 9, 'test19', 'Набор сменных сопел Walcom Genesi Carbonio GEO 990019', 'В набор входит: Распыляющая головка, сопло, игла-пружина', 'Walcom', 3, '0.99'),
(19, 9, 'test20', 'Набор сменных сопел Walcom Carbonio 360 HTE BASE 970010', 'В набор входит: Распыляющая головка, сопло, игла-пружина', 'Walcom', 3, '0.99'),
(20, 9, 'test21', 'Набор сменных сопел Walcom Carbonio 360 HTE BASE 970011', 'В набор входит: Распыляющая головка, сопло, игла-пружина', 'Walcom', 3, '0.99'),
(21, 9, 'test22', 'Набор сменных сопел Walcom Carbonio 360 HTE BASE 970012', 'В набор входит: Распыляющая головка, сопло, игла-пружина', 'Walcom', 3, '0.99'),
(22, 9, 'test23', 'Набор сменных сопел Walcom Carbonio 360 HTE BASE 970013', 'В набор входит: Распыляющая головка, сопло, игла-пружина', 'Walcom', 3, '0.99'),
(23, 9, 'test24', 'Набор сменных сопел Walcom Carbonio 360 HTE BASE 970014', 'В набор входит: Распыляющая головка, сопло, игла-пружина', 'Walcom', 3, '0.99'),
(24, 9, 'test25', 'Набор сменных сопел Walcom Carbonio 360 HTE BASE 970017', 'В набор входит: Распыляющая головка, сопло, игла-пружина', 'Walcom', 3, '0.99'),
(25, 9, 'test26', 'Набор сменных сопел Walcom Carbonio 360 HTE BASE 970019', 'В набор входит: Распыляющая головка, сопло, игла-пружина', 'Walcom', 3, '0.99'),
(26, 9, 'test27', 'Набор сменных сопел Walcom Carbonio 360 HTE CLEAR 960011', 'В набор входит: Распыляющая головка, сопло, игла-пружина', 'Walcom', 3, '0.99'),
(27, 9, 'test28', 'Набор сменных сопел Walcom Carbonio 360 HTE CLEAR 960012', 'В набор входит: Распыляющая головка, сопло, игла-пружина', 'Walcom', 3, '0.99'),
(28, 9, 'test29', 'Набор сменных сопел Walcom Carbonio 360 HTE CLEAR 960013', 'В набор входит: Распыляющая головка, сопло, игла-пружина', 'Walcom', 3, '0.99'),
(29, 9, 'test30', 'Набор сменных сопел Walcom Carbonio 360 HTE CLEAR 960014', 'В набор входит: Распыляющая головка, сопло, игла-пружина', 'Walcom', 3, '0.99'),
(30, 9, 'test31', 'Набор сменных сопел Walcom Carbonio 360 HTE CLEAR 960017', 'В набор входит: Распыляющая головка, сопло, игла-пружина', 'Walcom', 3, '0.99'),
(31, 9, 'test310', 'Набор сменных сопел Walcom Carbonio 360 HTE CLEAR 960019', 'В набор входит: Распыляющая головка, сопло, игла-пружина', 'Walcom', 3, '0.99'),
(32, 9, 'test32', 'Набор сменных сопел Walcom Carbonio 360 HVLP 980011', 'В набор входит: Распыляющая головка, сопло, игла-пружина', 'Walcom', 3, '0.99'),
(33, 9, 'test33', 'Набор сменных сопел Walcom Carbonio 360 HVLP 980012', 'В набор входит: Распыляющая головка, сопло, игла-пружина', 'Walcom', 3, '0.99'),
(34, 9, 'test34', 'Набор сменных сопел Walcom Carbonio 360 HVLP 980013', 'В набор входит: Распыляющая головка, сопло, игла-пружина', 'Walcom', 3, '0.99'),
(35, 9, 'test35', 'Набор сменных сопел Walcom Carbonio 360 HVLP 980014', 'В набор входит: Распыляющая головка, сопло, игла-пружина', 'Walcom', 3, '0.99'),
(36, 9, 'test36', 'Набор сменных сопел Walcom Carbonio 360 HVLP 980015', 'В набор входит: Распыляющая головка, сопло, игла-пружина', 'Walcom', 3, '0.99'),
(37, 9, 'test37', 'Набор сменных сопел Walcom Carbonio 360 HVLP 980017', 'В набор входит: Распыляющая головка, сопло, игла-пружина', 'Walcom', 3, '0.99'),
(38, 9, 'test38', 'Набор сменных сопел Walcom Carbonio 360 HVLP 980019', 'В набор входит: Распыляющая головка, сопло, игла-пружина', 'Walcom', 3, '0.99'),
(39, 9, 'test39', 'Набор сменных сопел Walcom Ego Carbonio HTE 700005', 'В набор входит: Распыляющая головка, сопло, игла-пружина', 'Walcom', 3, '0.99'),
(40, 9, 'test40', 'Набор сменных сопел Walcom Ego Carbonio HTE 700007', 'В набор входит: Распыляющая головка, сопло, игла-пружина', 'Walcom', 3, '0.99'),
(41, 9, 'test41', 'Набор сменных сопел Walcom Ego Carbonio HTE 700010', 'В набор входит: Распыляющая головка, сопло, игла-пружина', 'Walcom', 3, '0.99'),
(42, 9, 'test42', 'Набор сменных сопел Walcom Ego Carbonio HTE 700012', 'В набор входит: Распыляющая головка, сопло, игла-пружина', 'Walcom', 3, '0.99'),
(43, 9, 'test43', 'Набор сменных сопел Walcom Ego Carbonio HTE 700014', 'В набор входит: Распыляющая головка, сопло, игла-пружина', 'Walcom', 3, '0.99'),
(44, 9, 'test44', 'Набор сменных сопел Walcom Ego Carbonio HVLP 710005', 'В набор входит: Распыляющая головка, сопло, игла-пружина', 'Walcom', 3, '0.99'),
(45, 9, 'test45', 'Набор сменных сопел Walcom Ego Carbonio HVLP 710007', 'В набор входит: Распыляющая головка, сопло, игла-пружина', 'Walcom', 3, '0.99'),
(46, 9, 'test46', 'Набор сменных сопел Walcom Ego Carbonio HVLP 710010', 'В набор входит: Распыляющая головка, сопло, игла-пружина', 'Walcom', 3, '0.99'),
(47, 9, 'test47', 'Набор сменных сопел Walcom Ego Carbonio HVLP 710012', 'В набор входит: Распыляющая головка, сопло, игла-пружина', 'Walcom', 3, '0.99'),
(48, 9, 'test48', 'Набор сменных сопел Walcom Ego Carbonio HVLP 710014', 'В набор входит: Распыляющая головка, сопло, игла-пружина', 'Walcom', 3, '0.99'),
(49, 10, 'test49', 'Набор сменных сопел Walcom Ego HTE 410005', 'В набор входит: Распыляющая головка, сопло, игла-пружина', 'Walcom', 3, '0.99'),
(50, 10, 'test50', 'Набор сменных сопел Walcom Ego HTE 410007', 'В набор входит: Распыляющая головка, сопло, игла-пружина', 'Walcom', 3, '0.99'),
(51, 10, 'test51', 'Набор сменных сопел Walcom Ego HTE 410010', 'В набор входит: Распыляющая головка, сопло, игла-пружина', 'Walcom', 3, '0.99'),
(52, 10, 'test52', 'Набор сменных сопел Walcom Ego HTE 410012', 'В набор входит: Распыляющая головка, сопло, игла-пружина', 'Walcom', 3, '0.99'),
(53, 10, 'test53', 'Набор сменных сопел Walcom Ego HTE 410014', 'В набор входит: Распыляющая головка, сопло, игла-пружина', 'Walcom', 3, '0.99'),
(54, 10, 'test54', 'Набор сменных сопел Walcom Ego HVLP 41370', 'В набор входит: Распыляющая головка, сопло, игла-пружина', 'Walcom', 3, '0.99'),
(55, 10, 'test55', 'Набор сменных сопел Walcom Ego HVLP 41371', 'В набор входит: Распыляющая головка, сопло, игла-пружина', 'Walcom', 3, '0.99'),
(56, 10, 'test56', 'Набор сменных сопел Walcom Ego HVLP 41372', 'В набор входит: Распыляющая головка, сопло, игла-пружина', 'Walcom', 3, '0.99'),
(57, 10, 'test57', 'Набор сменных сопел Walcom Ego HVLP 41373', 'В набор входит: Распыляющая головка, сопло, игла-пружина', 'Walcom', 3, '0.99'),
(58, 10, 'test58', 'Набор сменных сопел Walcom Ego HVLP 41374', 'В набор входит: Распыляющая головка, сопло, игла-пружина', 'Walcom', 3, '0.99'),
(59, 11, 'test59', 'Набор сменных сопел Walcom Genesi Top Line GEO 936010', 'В набор входит: Распыляющая головка, сопло, игла-пружина', 'Walcom', 3, '0.99'),
(60, 11, 'test60', 'Набор сменных сопел Walcom Genesi Top Line GEO 936013', 'В набор входит: Распыляющая головка, сопло, игла-пружина', 'Walcom', 3, '0.99'),
(61, 11, 'test61', 'Набор сменных сопел Walcom Genesi Top Line GEO 936015', 'В набор входит: Распыляющая головка, сопло, игла-пружина', 'Walcom', 3, '0.99'),
(62, 11, 'test62', 'Набор сменных сопел Walcom Genesi Top Line GEO 936017', 'В набор входит: Распыляющая головка, сопло, игла-пружина', 'Walcom', 3, '0.99'),
(63, 11, 'test63', 'Набор сменных сопел Walcom Genesi Top Line GEO 936019', 'В набор входит: Распыляющая головка, сопло, игла-пружина', 'Walcom', 3, '0.99'),
(64, 11, 'test64', 'Набор сменных сопел Walcom Genesi Top Line HTE 956010', 'В набор входит: Распыляющая головка, сопло, игла-пружина', 'Walcom', 3, '0.99'),
(65, 11, 'test65', 'Набор сменных сопел Walcom Genesi Top Line HTE 956012', 'В набор входит: Распыляющая головка, сопло, игла-пружина', 'Walcom', 3, '0.99'),
(66, 11, 'test66', 'Набор сменных сопел Walcom Genesi Top Line HTE 956013', 'В набор входит: Распыляющая головка, сопло, игла-пружина', 'Walcom', 3, '0.99'),
(67, 11, 'test67', 'Набор сменных сопел Walcom Genesi Top Line HTE 956014', 'В набор входит: Распыляющая головка, сопло, игла-пружина', 'Walcom', 3, '0.99'),
(68, 11, 'test68', 'Набор сменных сопел Walcom Genesi Top Line HTE 956017', 'В набор входит: Распыляющая головка, сопло, игла-пружина', 'Walcom', 3, '0.99'),
(69, 11, 'test69', 'Набор сменных сопел Walcom Genesi Top Line HTE 956019', 'В набор входит: Распыляющая головка, сопло, игла-пружина', 'Walcom', 3, '0.99'),
(70, 11, 'test70', 'Набор сменных сопел Walcom Genesi Top Line HVLP 946010', 'В набор входит: Распыляющая головка, сопло, игла-пружина', 'Walcom', 3, '0.99'),
(71, 11, 'test71', 'Набор сменных сопел Walcom Genesi Top Line HVLP 946012', 'В набор входит: Распыляющая головка, сопло, игла-пружина', 'Walcom', 3, '0.99'),
(72, 11, 'test72', 'Набор сменных сопел Walcom Genesi Top Line HVLP 946013', 'В набор входит: Распыляющая головка, сопло, игла-пружина', 'Walcom', 3, '0.99'),
(73, 11, 'test73', 'Набор сменных сопел Walcom Genesi Top Line HVLP 946014', 'В набор входит: Распыляющая головка, сопло, игла-пружина', 'Walcom', 3, '0.99'),
(74, 11, 'test74', 'Набор сменных сопел Walcom Genesi Top Line HVLP 946017', 'В набор входит: Распыляющая головка, сопло, игла-пружина', 'Walcom', 3, '0.99'),
(75, 11, 'test75', 'Набор сменных сопел Walcom Genesi Top Line HVLP 946019', 'В набор входит: Распыляющая головка, сопло, игла-пружина', 'Walcom', 3, '0.99'),
(76, 12, 'test76', 'Набор сменных сопел Walcom Kombat HTE 800010', 'В набор входит: Распыляющая головка, сопло, игла-пружина', 'Walcom', 3, '0.99'),
(77, 12, 'test77', 'Набор сменных сопел Walcom Kombat HTE 800012', 'В набор входит: Распыляющая головка, сопло, игла-пружина', 'Walcom', 3, '0.99'),
(78, 12, 'test78', 'Набор сменных сопел Walcom Kombat HTE 800013', 'В набор входит: Распыляющая головка, сопло, игла-пружина', 'Walcom', 3, '0.99'),
(79, 12, 'test79', 'Набор сменных сопел Walcom Kombat HTE 800014', 'В набор входит: Распыляющая головка, сопло, игла-пружина', 'Walcom', 3, '0.99'),
(80, 12, 'test80', 'Набор сменных сопел Walcom Kombat HTE 800015', 'В набор входит: Распыляющая головка, сопло, игла-пружина', 'Walcom', 3, '0.99'),
(81, 12, 'test81', 'Набор сменных сопел Walcom Kombat HTE 800017', 'В набор входит: Распыляющая головка, сопло, игла-пружина', 'Walcom', 3, '0.99'),
(82, 12, 'test82', 'Набор сменных сопел Walcom Kombat HTE 800019', 'В набор входит: Распыляющая головка, сопло, игла-пружина', 'Walcom', 3, '0.99'),
(83, 12, 'test83', 'Набор сменных сопел Walcom Kombat HTE 800022', 'В набор входит: Распыляющая головка, сопло, игла-пружина', 'Walcom', 3, '0.99'),
(84, 12, 'test84', 'Набор сменных сопел Walcom Kombat HTE 800025', 'В набор входит: Распыляющая головка, сопло, игла-пружина', 'Walcom', 3, '0.99'),
(85, 12, 'test85', 'Набор сменных сопел Walcom Kombat HVLP 810012', 'В набор входит: Распыляющая головка, сопло, игла-пружина', 'Walcom', 3, '0.99'),
(86, 12, 'test86', 'Набор сменных сопел Walcom Kombat HVLP 810013', 'В набор входит: Распыляющая головка, сопло, игла-пружина', 'Walcom', 3, '0.99'),
(87, 12, 'test87', 'Набор сменных сопел Walcom Kombat HVLP 810014', 'В набор входит: Распыляющая головка, сопло, игла-пружина', 'Walcom', 3, '0.99'),
(88, 12, 'test88', 'Набор сменных сопел Walcom Kombat HVLP 810015', 'В набор входит: Распыляющая головка, сопло, игла-пружина', 'Walcom', 3, '0.99'),
(89, 12, 'test89', 'Набор сменных сопел Walcom Kombat HVLP 810017', 'В набор входит: Распыляющая головка, сопло, игла-пружина', 'Walcom', 3, '0.99'),
(90, 12, 'test90', 'Набор сменных сопел Walcom Kombat HVLP 810019', 'В набор входит: Распыляющая головка, сопло, игла-пружина', 'Walcom', 3, '0.99'),
(91, 12, 'test91', 'Набор сменных сопел Walcom Kombat HVLP 810022', 'В набор входит: Распыляющая головка, сопло, игла-пружина', 'Walcom', 3, '0.99'),
(92, 12, 'test92', 'Набор сменных сопел Walcom Kombat HVLP 810025', 'В набор входит: Распыляющая головка, сопло, игла-пружина', 'Walcom', 3, '0.99'),
(93, 13, 'test93', 'Набор сменных сопел Walcom Slim HTE 1135210', 'В набор входит: Распыляющая головка, сопло, игла-пружина', 'Walcom', 3, '0.99'),
(94, 13, 'test94', 'Набор сменных сопел Walcom Slim HTE 1135212', 'В набор входит: Распыляющая головка, сопло, игла-пружина', 'Walcom', 3, '0.99'),
(95, 13, 'test95', 'Набор сменных сопел Walcom Slim HTE 1135213', 'В набор входит: Распыляющая головка, сопло, игла-пружина', 'Walcom', 3, '0.99'),
(96, 13, 'test96', 'Набор сменных сопел Walcom Slim HTE 1135215', 'В набор входит: Распыляющая головка, сопло, игла-пружина', 'Walcom', 3, '0.99'),
(97, 13, 'test97', 'Набор сменных сопел Walcom Slim HTE 1135217', 'В набор входит: Распыляющая головка, сопло, игла-пружина', 'Walcom', 3, '0.99'),
(98, 13, 'test98', 'Набор сменных сопел Walcom Slim HTE 1135219', 'В набор входит: Распыляющая головка, сопло, игла-пружина', 'Walcom', 3, '0.99'),
(99, 13, 'test99', 'Набор сменных сопел Walcom Slim HTE 1135222', 'В набор входит: Распыляющая головка, сопло, игла-пружина', 'Walcom', 3, '0.99'),
(100, 13, 'test100', 'Набор сменных сопел Walcom Slim HTE 1135225', 'В набор входит: Распыляющая головка, сопло, игла-пружина', 'Walcom', 3, '0.99'),
(101, 13, 'test101', 'Набор сменных сопел Walcom Slim HVLP 1135013', 'В набор входит: Распыляющая головка, сопло, игла-пружина', 'Walcom', 3, '0.99'),
(102, 13, 'test102', 'Набор сменных сопел Walcom Slim HVLP 1135015', 'В набор входит: Распыляющая головка, сопло, игла-пружина', 'Walcom', 3, '0.99'),
(103, 13, 'test103', 'Набор сменных сопел Walcom Slim HVLP 1135017', 'В набор входит: Распыляющая головка, сопло, игла-пружина', 'Walcom', 3, '0.99'),
(104, 13, 'test104', 'Набор сменных сопел Walcom Slim HVLP 1135019', 'В набор входит: Распыляющая головка, сопло, игла-пружина', 'Walcom', 3, '0.99'),
(105, 13, 'test105', 'Набор сменных сопел Walcom Slim HVLP 1135022', 'В набор входит: Распыляющая головка, сопло, игла-пружина', 'Walcom', 3, '0.99'),
(106, 14, 'test106', 'Набор сменных сопел Walcom Xlight HTE 820012', 'В набор входит: Распыляющая головка, сопло, игла-пружина', 'Walcom', 3, '0.99'),
(107, 14, 'test107', 'Набор сменных сопел Walcom Xlight HTE 820013', 'В набор входит: Распыляющая головка, сопло, игла-пружина', 'Walcom', 3, '0.99'),
(108, 14, 'test108', 'Набор сменных сопел Walcom Xlight HTE 820014', 'В набор входит: Распыляющая головка, сопло, игла-пружина', 'Walcom', 3, '0.99'),
(109, 14, 'test109', 'Набор сменных сопел Walcom Xlight HTE 820015', 'В набор входит: Распыляющая головка, сопло, игла-пружина', 'Walcom', 3, '0.99'),
(110, 14, 'test110', 'Набор сменных сопел Walcom Xlight HTE 820017', 'В набор входит: Распыляющая головка, сопло, игла-пружина', 'Walcom', 3, '0.99'),
(111, 14, 'test111', 'Набор сменных сопел Walcom Xlight HTE 820019', 'В набор входит: Распыляющая головка, сопло, игла-пружина', 'Walcom', 3, '0.99'),
(112, 14, 'test112', 'Набор сменных сопел Walcom Xlight HTE 820022', 'В набор входит: Распыляющая головка, сопло, игла-пружина', 'Walcom', 3, '0.99'),
(113, 14, 'test113', 'Набор сменных сопел Walcom Xlight HTE 820025', 'В набор входит: Распыляющая головка, сопло, игла-пружина', 'Walcom', 3, '0.99'),
(114, 14, 'test114', 'Набор сменных сопел Walcom Xlight HVLP 830013', 'В набор входит: Распыляющая головка, сопло, игла-пружина', 'Walcom', 3, '0.99'),
(115, 14, 'test115', 'Набор сменных сопел Walcom Xlight HVLP 830014', 'В набор входит: Распыляющая головка, сопло, игла-пружина', 'Walcom', 3, '0.99'),
(116, 14, 'test116', 'Набор сменных сопел Walcom Xlight HVLP 830015', 'В набор входит: Распыляющая головка, сопло, игла-пружина', 'Walcom', 3, '0.99'),
(117, 14, 'test117', 'Набор сменных сопел Walcom Xlight HVLP 830017', 'В набор входит: Распыляющая головка, сопло, игла-пружина', 'Walcom', 3, '0.99'),
(118, 14, 'test118', 'Набор сменных сопел Walcom Xlight HVLP 830019', 'В набор входит: Распыляющая головка, сопло, игла-пружина', 'Walcom', 3, '0.99'),
(119, 14, 'test119', 'Набор сменных сопел Walcom Xlight HVLP 830022', 'В набор входит: Распыляющая головка, сопло, игла-пружина', 'Walcom', 3, '0.99'),
(120, 14, 'test120', 'Набор сменных сопел Walcom Xlight HVLP 830025', 'В набор входит: Распыляющая головка, сопло, игла-пружина', 'Walcom', 3, '0.99'),
(121, 15, 'test121', 'СБ4/C-24.J1047B', 'Очень большое, разноплановое, обширное и глубокое описание товара, а самое главное - ТЕСТОВОЕ!!! Чтобы описание заняло достаточно пространства приходится набирать много бессмысленного текста, зато когда тут будет настоящее описание, можно будет видеть его корректно =)', 'REMEZA', 1, '655'),
(122, 15, 'test122', 'СБ4/C-24.J1048B', '', 'REMEZA', 1, '705'),
(123, 15, 'test123', 'СБ4/C-50.J1047B', '', 'REMEZA', 1, '745'),
(124, 15, 'test124', 'СБ4/C-50.J1048B', '', 'REMEZA', 1, '780'),
(125, 15, 'test125', 'СБ4/C-50.J2047B', '', 'REMEZA', 1, '980'),
(126, 15, 'test126', 'СБ4/C-100.J2047B', '', 'REMEZA', 1, '1040'),
(127, 16, 'test127', 'СБ4/C-50.LB24A', '', 'REMEZA', 1, '1320'),
(128, 16, 'test128', 'СБ4/C-50.LB24', '', 'REMEZA', 1, '1320'),
(129, 16, 'test129', 'СБ4/C-100.LB24A', '', 'REMEZA', 1, '1315'),
(130, 16, 'test130', 'СБ4/C-100.LB24', '', 'REMEZA', 1, '1405'),
(131, 16, 'test131', 'СБ4/C-50.LB30A', '', 'REMEZA', 1, '1305'),
(132, 16, 'test132', 'СБ4/C-50.LB30', '', 'REMEZA', 1, '1390'),
(133, 16, 'test133', 'СБ4/C-100.LB30A', '', 'REMEZA', 1, '1410'),
(134, 16, 'test134', 'СБ4/C-100.LB30', '', 'REMEZA', 1, '1540'),
(135, 16, 'test135', 'СБ4/С-200.LB30А', '', 'REMEZA', 1, '1915'),
(136, 16, 'test136', 'СБ4/С-200.LB30', '', 'REMEZA', 1, '2000'),
(137, 16, 'test137', 'СБ4/C-100.LB40', '', 'REMEZA', 1, '1785'),
(138, 16, 'test138', 'СБ4/С-200.LB40', '', 'REMEZA', 1, '2155'),
(139, 16, 'test139', 'СБ4/C-100.LB50', '', 'REMEZA', 1, '2305'),
(140, 16, 'test140', 'СБ4/Ф-270.LB50', '', 'REMEZA', 1, '2815'),
(141, 16, 'test141', 'СБ4/С-100.LB75', '', 'REMEZA', 1, '2675'),
(142, 16, 'test142', 'СБ4/Ф-270.LB75', '', 'REMEZA', 1, '3195'),
(143, 16, 'test143', 'СБ4/Ф-500.LB75', '', 'REMEZA', 1, '3145'),
(144, 16, 'test144', 'СБ4/Ф-500.LT100', '', 'REMEZA', 1, '4825'),
(145, 16, 'test145', 'СБ4/Ф-500.LT100-11,0', '', 'REMEZA', 1, '6490'),
(146, 17, 'test146', 'WALCOM EGO CARBONIO HTE 7030**', '', 'WALCOM', 3, '735'),
(147, 17, 'test147', 'WALCOM EGO CARBONIO HVLP 7130**', '', 'WALCOM', 3, '740'),
(148, 17, 'test148', 'WALCOM GENESI CARBONIO 360 HTE CLEAR 9620**', '', 'WALCOM', 3, '1230'),
(149, 17, 'test149', 'WALCOM GENESI CARBONIO 360 HTE BASE 9720**', '', 'WALCOM', 3, '1230'),
(150, 17, 'test150', 'WALCOM GENESI CARBONIO 360 HVLP 9820**', '', 'WALCOM', 3, '1280'),
(151, 17, 'test151', 'WALCOM GENESI CARBONIO 360 HTE CLEAR 9630**', '', 'WALCOM', 3, '1455'),
(152, 17, 'test152', 'WALCOM GENESI CARBONIO 360 HTE BASE 9730**', '', 'WALCOM', 3, '1455'),
(153, 17, 'test153', 'WALCOM GENESI CARBONIO 360 HVLP 9830**', '', 'WALCOM', 3, '1505'),
(154, 17, 'test154', 'WALCOM GENESI CARBONIO 360 LIGHT HTE BASE ITALIAN BEAUTY 9730**/IB', '', 'WALCOM', 3, '1690'),
(155, 17, 'test155', 'WALCOM GENESI GEO CARBONIO 360 HVLP 9920**', '', 'WALCOM', 3, '1540'),
(156, 17, 'test156', 'WALCOM GENESI GEO CARBONIO 360 HVLP 9930**', '', 'WALCOM', 3, '1770'),
(157, 18, 'test157', 'WALCOM EGO HVLP 10023**', '', 'WALCOM', 3, '600'),
(158, 18, 'test158', 'WALCOM EGO HTE 10090**', '', 'WALCOM', 3, '600'),
(159, 19, 'test159', 'WALCOM GENESI TOP LINE S HTE 9535**', '', 'WALCOM', 3, '1055'),
(160, 19, 'test160', 'WALCOM GENESI TOP LINE SP HTE 9550**', '', 'WALCOM', 3, '1055'),
(161, 19, 'test161', 'WALCOM GENESI TOP LINE I HTE 9540**', '', 'WALCOM', 3, '1240'),
(162, 19, 'test162', 'WALCOM GENESI S HVLP 9430**', '', 'WALCOM', 3, '1100'),
(163, 19, 'test163', 'WALCOM GENESI SP HVLP 9450**', '', 'WALCOM', 3, '1100'),
(164, 19, 'test164', 'WALCOM GENESI I HVLP 9440**', '', 'WALCOM', 3, '1275'),
(165, 19, 'test165', 'WALCOM GENESI TOP LINE S GEO 9330**', '', 'WALCOM', 3, '1320'),
(166, 19, 'test166', 'WALCOM GENESI TOP LINE SP GEO 9350**', '', 'WALCOM', 3, '1320'),
(167, 19, 'test167', 'WALCOM GENESI TOP LINE I GEO 9340**', '', 'WALCOM', 3, '1490'),
(168, 20, 'test168', 'WALCOM SLIM KOMBAT HTE SR 8020**', '', 'WALCOM', 3, '470'),
(169, 20, 'test169', 'WALCOM SLIM KOMBAT HTE 8030**', '', 'WALCOM', 3, '500'),
(170, 20, 'test170', 'WALCOM SLIM KOMBAT HTE KILLER 8030**K', '', 'WALCOM', 3, '550'),
(171, 20, 'test171', 'WALCOM SLIM KOMBAT HVLP 8130**', '', 'WALCOM', 3, '575'),
(172, 20, 'test172', 'WALCOM SLIM KOMBAT HVLP 8130**K', '', 'WALCOM', 3, '650'),
(173, 21, 'test173', 'WALCOM SLIM S HTE SR 10083**', '', 'WALCOM', 3, '440'),
(174, 21, 'test174', 'WALCOM SLIM S HTE 10068**', '', 'WALCOM', 3, '490'),
(175, 21, 'test175', 'WALCOM SLIM S HVLP 10060**', '', 'WALCOM', 3, '530'),
(176, 21, 'test176', 'WALCOM SLIM SP HTE SR 10089**', '', 'WALCOM', 3, '420'),
(177, 21, 'test177', 'WALCOM SLIM SP HTE 10078**', '', 'WALCOM', 3, '460'),
(178, 21, 'test178', 'WALCOM SLIM I HTE SR 10088**', '', 'WALCOM', 3, '485'),
(179, 21, 'test179', 'WALCOM SLIM I HTE 10077**', '', 'WALCOM', 3, '545'),
(180, 21, 'test180', 'WALCOM SLIM HTE HD 10080**', '', 'WALCOM', 3, '1140'),
(181, 21, 'test181', 'WALCOM SLIM SP HVLP 10071**', '', 'WALCOM', 3, '510'),
(182, 21, 'test182', 'WALCOM SLIM I HVLP 10070**', '', 'WALCOM', 3, '570'),
(183, 22, 'test183', 'WALCOM SLIM XLIGHT HTE SR 8220**', '', 'WALCOM', 3, '390'),
(184, 22, 'test184', 'WALCOM SLIM XLIGHT HTE 8230**', '', 'WALCOM', 3, '440'),
(185, 22, 'test185', 'WALCOM SLIM XLIGHT HVLP 8330**', '', 'WALCOM', 3, '465'),
(186, 22, 'test186', 'WALCOM SLIM XLIGHT SP HTE SR 8281**', '', 'WALCOM', 3, '390'),
(187, 22, 'test187', 'WALCOM SLIM XLIGHT SP HTE 8280**', '', 'WALCOM', 3, '440'),
(188, 22, 'test188', 'WALCOM SLIM XLIGHT I HTE SR 8272**', '', 'WALCOM', 3, '440'),
(189, 22, 'test189', 'WALCOM SLIM XLIGHT HTE HD 8240**', '', 'WALCOM', 3, '780'),
(190, 22, 'test190', 'WALCOM SLIM XLIGHT I HVLP 8370**', '', 'WALCOM', 3, '510'),
(191, 23, 'test191', 'FASCO F48C CN15W-55', '', 'FASCO', 3, '820'),
(192, 23, 'test192', 'FASCO F58A CN15W-70', '', 'FASCO', 3, '820'),
(193, 23, 'test193', 'FASCO F58AC CN15W-80', '', 'FASCO', 3, '820'),
(194, 23, 'test194', 'FASCO F6AC CN15W-90B SCR', '', 'FASCO', 3, '880'),
(195, 24, 'test195', 'EZ-FASTEN 80/16RN', '', 'EZ-Fasten', 7, '470'),
(196, 24, 'test196', 'FASCO F1B 80-16', '', 'FASCO', 3, '500'),
(197, 24, 'test197', 'FASCO F1B 97B-19', '', 'Fasco', 3, '500'),
(198, 24, 'test198', 'EZ-FASTEN 90/40AC', '', 'EZ-FASTEN', 7, '640'),
(199, 24, 'test199', 'EZ-FASTEN 92/40AC', '', 'EZ-FASTEN', 7, '680'),
(200, 24, 'test200', 'EZ-FASTEN MS16/50A', '', 'EZ-FASTEN', 7, '750'),
(201, 24, 'test201', 'FASCO F26AT 92-40', '', 'Fasco', 3, '1000'),
(202, 24, 'test202', 'FASCO F44AC G-50 TL', '', 'Fasco', 3, '1400'),
(203, 24, 'test203', 'FASCO F1B 80-16A CARTON PLIER', '', 'Fasco', 3, '1200'),
(204, 25, 'test204', 'EZ-FASTEN SUPER630', '', 'EZ-FASTEN', 7, '470'),
(205, 25, 'test205', 'FASCO F23 A64-35P B', '', 'FASCO', 3, '800'),
(206, 25, 'test206', 'FASCO F21P GA 18-31A', '', 'FASCO', 3, '720'),
(207, 25, 'test207', 'EZ-FASTEN F18/32VM', '', 'EZ-Fasten', 7, '390'),
(208, 25, 'test208', 'FASCO F21T GN-40A S.A.', '', 'FASCO', 3, '820'),
(209, 25, 'test209', 'FASCO F21T GN-40A G.S.', '', 'FASCO', 3, '1200'),
(210, 25, 'test210', 'EZ-FASTEN F18/50AC', '', 'EZ-FASTEN', 7, '460'),
(211, 25, 'test211', 'FASCO F26AC FN-50', '', 'FASCO', 3, '1400'),
(212, 25, 'test212', 'FASCO F3C FN-50A', '', 'FASCO', 3, '1600'),
(213, 25, 'test213', 'FASCO F21T GN-40A G.S.S.A.', '', 'FASCO', 3, '1250'),
(214, 25, 'test214', 'SENCO SLP20 GLN', '', 'SENCO', 9, '2150'),
(215, 6, 'test215', 'Трубка полиамидная TB1200427NЕ', '', '', 1, '0'),
(216, 6, 'test216', 'Трубка полиамидная TB1200640NT', '', '', 1, '0'),
(217, 6, 'test217', 'Трубка полиамидная TB1200860NT', '', '', 1, '0'),
(218, 6, 'test218', 'Трубка полиамидная TB1201080NT', '', '', 1, '0'),
(219, 6, 'test219', 'Трубка полиамидная TB1212100NT', '', '', 1, '0'),
(220, 6, 'test220', 'Трубка полиамидная TB1214120AZ', '', '', 1, '0'),
(221, 6, 'test221', 'Трубка полиуретановая TBPU00640NT', '', '', 1, '0'),
(222, 6, 'test222', 'Трубка полиуретановая TBPU00860NT', '', '', 1, '0'),
(223, 6, 'test223', 'Трубка тефлоновая TBPF00640NT', '', '', 1, '0'),
(224, 6, 'test224', 'Шланг на адаптеры с обжимом TBPL3/40BL080', '', '', 1, '0'),
(225, 6, 'test225', 'Шланг на адаптеры с обжимом TBPL5/80BL080', '', '', 1, '0'),
(226, 6, 'test226', 'Шланг ПВХ TBPVM01106AZ', '', '', 1, '0'),
(227, 6, 'test227', 'Шланг ПВХ TBPVM01308AZ', '', '', 1, '0'),
(228, 6, 'test228', 'Шланг ПВХ TBPVM15510AZ', '', '', 1, '0');

-- images
INSERT INTO images (item_id, src)
VALUES
(1, 'http://localhost:5000/images/im1.png'),
(2, 'http://localhost:5000/images/im2.png'),
(3, 'http://localhost:5000/images/im3.png'),
(4, 'http://localhost:5000/images/im4.png'),
(5, 'http://localhost:5000/images/im5.png'),
(6, 'http://localhost:5000/images/im6.png'),
(7, 'http://localhost:5000/images/im7.png'),
(8, 'http://localhost:5000/images/im8.png'),
(9, 'http://localhost:5000/images/im9.png'),
(10, 'http://localhost:5000/images/im10.png'),
(11, 'http://localhost:5000/images/im11.png'),
(11, 'http://localhost:5000/images/im11-2.png'),
(12, 'http://localhost:5000/images/im11.png'),
(12, 'http://localhost:5000/images/im11-2.png'),
(13, 'http://localhost:5000/images/im11.png'),
(13, 'http://localhost:5000/images/im11-2.png'),
(14, 'http://localhost:5000/images/im11.png'),
(14, 'http://localhost:5000/images/im11-2.png'),
(15, 'http://localhost:5000/images/im11.png'),
(15, 'http://localhost:5000/images/im11-2.png'),
(16, 'http://localhost:5000/images/im11.png'),
(16, 'http://localhost:5000/images/im11-2.png'),
(17, 'http://localhost:5000/images/im11.png'),
(17, 'http://localhost:5000/images/im11-2.png'),
(18, 'http://localhost:5000/images/im11.png'),
(18, 'http://localhost:5000/images/im11-2.png'),
(19, 'http://localhost:5000/images/im12.png'),
(20, 'http://localhost:5000/images/im12.png'),
(21, 'http://localhost:5000/images/im12.png'),
(22, 'http://localhost:5000/images/im12.png'),
(23, 'http://localhost:5000/images/im12.png'),
(24, 'http://localhost:5000/images/im12.png'),
(25, 'http://localhost:5000/images/im12.png'),
(26, 'http://localhost:5000/images/im13.png'),
(27, 'http://localhost:5000/images/im13.png'),
(28, 'http://localhost:5000/images/im13.png'),
(29, 'http://localhost:5000/images/im13.png'),
(30, 'http://localhost:5000/images/im13.png'),
(31, 'http://localhost:5000/images/im13.png'),
(32, 'http://localhost:5000/images/im14.png'),
(32, 'http://localhost:5000/images/im14-2.png'),
(33, 'http://localhost:5000/images/im14.png'),
(33, 'http://localhost:5000/images/im14-2.png'),
(34, 'http://localhost:5000/images/im14.png'),
(34, 'http://localhost:5000/images/im14-2.png'),
(35, 'http://localhost:5000/images/im14.png'),
(35, 'http://localhost:5000/images/im14-2.png'),
(36, 'http://localhost:5000/images/im14.png'),
(36, 'http://localhost:5000/images/im14-2.png'),
(37, 'http://localhost:5000/images/im14.png'),
(37, 'http://localhost:5000/images/im14-2.png'),
(38, 'http://localhost:5000/images/im14.png'),
(38, 'http://localhost:5000/images/im14-2.png'),
(39, 'http://localhost:5000/images/im15.png'),
(39, 'http://localhost:5000/images/im15-2.png'),
(40, 'http://localhost:5000/images/im15.png'),
(40, 'http://localhost:5000/images/im15-2.png'),
(41, 'http://localhost:5000/images/im15.png'),
(41, 'http://localhost:5000/images/im15-2.png'),
(42, 'http://localhost:5000/images/im15.png'),
(42, 'http://localhost:5000/images/im15-2.png'),
(43, 'http://localhost:5000/images/im15.png'),
(43, 'http://localhost:5000/images/im15-2.png'),
(44, 'http://localhost:5000/images/im16.png'),
(44, 'http://localhost:5000/images/im16-2.png'),
(45, 'http://localhost:5000/images/im16.png'),
(45, 'http://localhost:5000/images/im16-2.png'),
(46, 'http://localhost:5000/images/im16.png'),
(46, 'http://localhost:5000/images/im16-2.png'),
(47, 'http://localhost:5000/images/im16.png'),
(47, 'http://localhost:5000/images/im16-2.png'),
(48, 'http://localhost:5000/images/im16.png'),
(48, 'http://localhost:5000/images/im16-2.png'),
(49, 'http://localhost:5000/images/im17.png'),
(49, 'http://localhost:5000/images/im17-2.png'),
(50, 'http://localhost:5000/images/im17.png'),
(50, 'http://localhost:5000/images/im17-2.png'),
(51, 'http://localhost:5000/images/im17.png'),
(51, 'http://localhost:5000/images/im17-2.png'),
(52, 'http://localhost:5000/images/im17.png'),
(52, 'http://localhost:5000/images/im17-2.png'),
(53, 'http://localhost:5000/images/im17.png'),
(53, 'http://localhost:5000/images/im17-2.png'),
(54, 'http://localhost:5000/images/im18.png'),
(54, 'http://localhost:5000/images/im18-2.png'),
(55, 'http://localhost:5000/images/im18.png'),
(55, 'http://localhost:5000/images/im18-2.png'),
(56, 'http://localhost:5000/images/im18.png'),
(56, 'http://localhost:5000/images/im18-2.png'),
(57, 'http://localhost:5000/images/im18.png'),
(57, 'http://localhost:5000/images/im18-2.png'),
(58, 'http://localhost:5000/images/im18.png'),
(58, 'http://localhost:5000/images/im18-2.png'),
(59, 'http://localhost:5000/images/im19.png'),
(59, 'http://localhost:5000/images/im19-2.png'),
(60, 'http://localhost:5000/images/im19.png'),
(60, 'http://localhost:5000/images/im19-2.png'),
(61, 'http://localhost:5000/images/im19.png'),
(61, 'http://localhost:5000/images/im19-2.png'),
(62, 'http://localhost:5000/images/im19.png'),
(62, 'http://localhost:5000/images/im19-2.png'),
(63, 'http://localhost:5000/images/im19.png'),
(63, 'http://localhost:5000/images/im19-2.png'),
(64, 'http://localhost:5000/images/im20.png'),
(64, 'http://localhost:5000/images/im20-2.png'),
(65, 'http://localhost:5000/images/im20.png'),
(65, 'http://localhost:5000/images/im20-2.png'),
(66, 'http://localhost:5000/images/im20.png'),
(66, 'http://localhost:5000/images/im20-2.png'),
(67, 'http://localhost:5000/images/im20.png'),
(67, 'http://localhost:5000/images/im20-2.png'),
(68, 'http://localhost:5000/images/im20.png'),
(68, 'http://localhost:5000/images/im20-2.png'),
(69, 'http://localhost:5000/images/im20.png'),
(69, 'http://localhost:5000/images/im20-2.png'),
(70, 'http://localhost:5000/images/im21.png'),
(70, 'http://localhost:5000/images/im21-2.png'),
(71, 'http://localhost:5000/images/im21.png'),
(71, 'http://localhost:5000/images/im21-2.png'),
(72, 'http://localhost:5000/images/im21.png'),
(72, 'http://localhost:5000/images/im21-2.png'),
(73, 'http://localhost:5000/images/im21.png'),
(73, 'http://localhost:5000/images/im21-2.png'),
(74, 'http://localhost:5000/images/im21.png'),
(74, 'http://localhost:5000/images/im21-2.png'),
(75, 'http://localhost:5000/images/im21.png'),
(75, 'http://localhost:5000/images/im21-2.png'),
(76, 'http://localhost:5000/images/im22.png'),
(77, 'http://localhost:5000/images/im22.png'),
(78, 'http://localhost:5000/images/im22.png'),
(79, 'http://localhost:5000/images/im22.png'),
(80, 'http://localhost:5000/images/im22.png'),
(81, 'http://localhost:5000/images/im22.png'),
(82, 'http://localhost:5000/images/im22.png'),
(83, 'http://localhost:5000/images/im22.png'),
(84, 'http://localhost:5000/images/im22.png'),
(85, 'http://localhost:5000/images/im23.png'),
(86, 'http://localhost:5000/images/im23.png'),
(87, 'http://localhost:5000/images/im23.png'),
(88, 'http://localhost:5000/images/im23.png'),
(89, 'http://localhost:5000/images/im23.png'),
(90, 'http://localhost:5000/images/im23.png'),
(91, 'http://localhost:5000/images/im23.png'),
(92, 'http://localhost:5000/images/im23.png'),
(93, 'http://localhost:5000/images/im24.png'),
(93, 'http://localhost:5000/images/im24-2.png'),
(94, 'http://localhost:5000/images/im24.png'),
(94, 'http://localhost:5000/images/im24-2.png'),
(95, 'http://localhost:5000/images/im24.png'),
(95, 'http://localhost:5000/images/im24-2.png'),
(96, 'http://localhost:5000/images/im24.png'),
(96, 'http://localhost:5000/images/im24-2.png'),
(97, 'http://localhost:5000/images/im24.png'),
(97, 'http://localhost:5000/images/im24-2.png'),
(98, 'http://localhost:5000/images/im24.png'),
(98, 'http://localhost:5000/images/im24-2.png'),
(99, 'http://localhost:5000/images/im24.png'),
(99, 'http://localhost:5000/images/im24-2.png'),
(100, 'http://localhost:5000/images/im24.png'),
(100, 'http://localhost:5000/images/im24-2.png'),
(101, 'http://localhost:5000/images/im25.png'),
(101, 'http://localhost:5000/images/im25-2.png'),
(102, 'http://localhost:5000/images/im25.png'),
(102, 'http://localhost:5000/images/im25-2.png'),
(103, 'http://localhost:5000/images/im25.png'),
(103, 'http://localhost:5000/images/im25-2.png'),
(104, 'http://localhost:5000/images/im25.png'),
(104, 'http://localhost:5000/images/im25-2.png'),
(105, 'http://localhost:5000/images/im25.png'),
(105, 'http://localhost:5000/images/im25-2.png'),
(106, 'http://localhost:5000/images/im26.png'),
(106, 'http://localhost:5000/images/im26-2.png'),
(107, 'http://localhost:5000/images/im26.png'),
(107, 'http://localhost:5000/images/im26-2.png'),
(108, 'http://localhost:5000/images/im26.png'),
(108, 'http://localhost:5000/images/im26-2.png'),
(109, 'http://localhost:5000/images/im26.png'),
(109, 'http://localhost:5000/images/im26-2.png'),
(110, 'http://localhost:5000/images/im26.png'),
(110, 'http://localhost:5000/images/im26-2.png'),
(111, 'http://localhost:5000/images/im26.png'),
(111, 'http://localhost:5000/images/im26-2.png'),
(112, 'http://localhost:5000/images/im26.png'),
(112, 'http://localhost:5000/images/im26-2.png'),
(113, 'http://localhost:5000/images/im26.png'),
(113, 'http://localhost:5000/images/im26-2.png'),
(114, 'http://localhost:5000/images/im27.png'),
(114, 'http://localhost:5000/images/im27-2.png'),
(115, 'http://localhost:5000/images/im27.png'),
(115, 'http://localhost:5000/images/im27-2.png'),
(116, 'http://localhost:5000/images/im27.png'),
(116, 'http://localhost:5000/images/im27-2.png'),
(117, 'http://localhost:5000/images/im27.png'),
(117, 'http://localhost:5000/images/im27-2.png'),
(118, 'http://localhost:5000/images/im27.png'),
(118, 'http://localhost:5000/images/im27-2.png'),
(119, 'http://localhost:5000/images/im27.png'),
(119, 'http://localhost:5000/images/im27-2.png'),
(120, 'http://localhost:5000/images/im27.png'),
(120, 'http://localhost:5000/images/im27-2.png'),
(121, 'http://localhost:5000/images/im28.png'),
(121, 'http://localhost:5000/images/im29.png'),
(121, 'http://localhost:5000/images/im30.png'),
(121, 'http://localhost:5000/images/im31.png'),
(121, 'http://localhost:5000/images/im32.png'),
(121, 'http://localhost:5000/images/im33.png'),
(122, 'http://localhost:5000/images/im29.png'),
(123, 'http://localhost:5000/images/im30.png'),
(124, 'http://localhost:5000/images/im31.png'),
(125, 'http://localhost:5000/images/im32.png'),
(126, 'http://localhost:5000/images/im33.png'),
(127, 'http://localhost:5000/images/im34.png'),
(128, 'http://localhost:5000/images/im35.png'),
(129, 'http://localhost:5000/images/im36.png'),
(130, 'http://localhost:5000/images/im37.png'),
(131, 'http://localhost:5000/images/im38.png'),
(132, 'http://localhost:5000/images/im39.png'),
(133, 'http://localhost:5000/images/im40.png'),
(134, 'http://localhost:5000/images/im41.png'),
(135, 'http://localhost:5000/images/im42.png'),
(136, 'http://localhost:5000/images/im43.png'),
(137, 'http://localhost:5000/images/im44.png'),
(138, 'http://localhost:5000/images/im45.png'),
(139, 'http://localhost:5000/images/im46.png'),
(140, 'http://localhost:5000/images/im47.png'),
(141, 'http://localhost:5000/images/im48.png'),
(142, 'http://localhost:5000/images/im49.png'),
(143, 'http://localhost:5000/images/im50.png'),
(144, 'http://localhost:5000/images/im51.png'),
(145, 'http://localhost:5000/images/im52.png'),
(146, 'http://localhost:5000/images/im53.png'),
(147, 'http://localhost:5000/images/im54.png'),
(148, 'http://localhost:5000/images/im55.png'),
(149, 'http://localhost:5000/images/im56.png'),
(150, 'http://localhost:5000/images/im57.png'),
(151, 'http://localhost:5000/images/im58.png'),
(152, 'http://localhost:5000/images/im59.png'),
(153, 'http://localhost:5000/images/im60.png'),
(154, 'http://localhost:5000/images/im61.png'),
(155, 'http://localhost:5000/images/im62.png'),
(156, 'http://localhost:5000/images/im63.png'),
(157, 'http://localhost:5000/images/im64.png'),
(158, 'http://localhost:5000/images/im65.png'),
(159, 'http://localhost:5000/images/im66.png'),
(160, 'http://localhost:5000/images/im67.png'),
(161, 'http://localhost:5000/images/im68.png'),
(162, 'http://localhost:5000/images/im69.png'),
(163, 'http://localhost:5000/images/im70.png'),
(164, 'http://localhost:5000/images/im71.png'),
(165, 'http://localhost:5000/images/im72.png'),
(166, 'http://localhost:5000/images/im73.png'),
(167, 'http://localhost:5000/images/im74.png'),
(168, 'http://localhost:5000/images/im75.png'),
(169, 'http://localhost:5000/images/im76.png'),
(170, 'http://localhost:5000/images/im77.png'),
(171, 'http://localhost:5000/images/im78.png'),
(172, 'http://localhost:5000/images/im79.png'),
(173, 'http://localhost:5000/images/im80.png'),
(174, 'http://localhost:5000/images/im81.png'),
(175, 'http://localhost:5000/images/im80.png'),
(176, 'http://localhost:5000/images/im83.png'),
(177, 'http://localhost:5000/images/im84.png'),
(178, 'http://localhost:5000/images/im85.png'),
(179, 'http://localhost:5000/images/im86.png'),
(180, 'http://localhost:5000/images/im87.png'),
(181, 'http://localhost:5000/images/im88.png'),
(182, 'http://localhost:5000/images/im89.png'),
(183, 'http://localhost:5000/images/im90.png'),
(184, 'http://localhost:5000/images/im91.png'),
(185, 'http://localhost:5000/images/im92.png'),
(186, 'http://localhost:5000/images/im93.png'),
(187, 'http://localhost:5000/images/im94.png'),
(188, 'http://localhost:5000/images/im95.png'),
(189, 'http://localhost:5000/images/im96.png'),
(190, 'http://localhost:5000/images/im97.png'),
(191, 'http://localhost:5000/images/im98.png'),
(192, 'http://localhost:5000/images/im99.png'),
(193, 'http://localhost:5000/images/im100.png'),
(194, 'http://localhost:5000/images/im101.png'),
(195, 'http://localhost:5000/images/im102.png'),
(196, 'http://localhost:5000/images/im103.png'),
(197, 'http://localhost:5000/images/im104.png'),
(198, 'http://localhost:5000/images/im105.png'),
(199, 'http://localhost:5000/images/im106.png'),
(200, 'http://localhost:5000/images/im107.png'),
(201, 'http://localhost:5000/images/im108.png'),
(202, 'http://localhost:5000/images/im109.png'),
(203, 'http://localhost:5000/images/im110.png'),
(204, 'http://localhost:5000/images/im111.png'),
(205, 'http://localhost:5000/images/im112.png'),
(206, 'http://localhost:5000/images/im113.png'),
(207, 'http://localhost:5000/images/im114.png'),
(208, 'http://localhost:5000/images/im115.png'),
(209, 'http://localhost:5000/images/im116.png'),
(210, 'http://localhost:5000/images/im117.png'),
(211, 'http://localhost:5000/images/im118.png'),
(212, 'http://localhost:5000/images/im119.png'),
(213, 'http://localhost:5000/images/im120.png'),
(214, 'http://localhost:5000/images/im121.png'),
(215, 'http://localhost:5000/images/im122.png'),
(216, 'http://localhost:5000/images/im122.png'),
(217, 'http://localhost:5000/images/im122.png'),
(218, 'http://localhost:5000/images/im122.png'),
(219, 'http://localhost:5000/images/im122.png'),
(220, 'http://localhost:5000/images/im122.png'),
(221, 'http://localhost:5000/images/im123.png'),
(222, 'http://localhost:5000/images/im123.png'),
(223, 'http://localhost:5000/images/im124.png'),
(224, 'http://localhost:5000/images/im125.png'),
(225, 'http://localhost:5000/images/im125.png'),
(226, 'http://localhost:5000/images/im126.png'),
(227, 'http://localhost:5000/images/im126.png'),
(228, 'http://localhost:5000/images/im126.png');

INSERT INTO pages (url, name, text, seo_title, seo_description, seo_keywords)
VALUES
('contacts', 'КОНТАКТНАЯ ИНФОРМАЦИЯ', '', 'Контакты', '', '');