INSERT INTO categories (id, position, name, url, description, image, parent_id, is_contains, seo_title, seo_description, seo_keywords)
VALUES
(1, 5, 'Запчасти для краскораспылителей', 'zapasnye_chasti', '', 'http://194.67.78.19/images/im13.png', null, true, 'ZHBL - Запасные части для краскораспылителей WALCOM (Минск)', 'У нас вы сможете приобрести оригинальные запчасти и ремнаборы для краскораспылителей Walcom. +375 (29) 741-52-26', 'walcom genesi ремкомплект, ремкомплект краскопульта walcom, ремкомплект walcom, запчасти к краскопульту, запчасти walcom, ремкомплект walcom slim walcom, walmec, дюза в наборе, сопло, запчасти walcom slim, сопло kombat hte , сопло kombat, сопло kombat hvlp, сопло xlight, сопло xlight hte, сопло xlight hvlp, сопло ego, сопло ego hte, сопло ego hvlp, walcom slim сопло, сопло для краскопульта slim, сопло slim hte, сопло slim hvlp, сопло genesi, сопло genesi hte, сопло genesi geo, сопло genesi hvlp, сопло carbonio, сопло в наборе, дюза в наборе'),
(2, 4, 'Компрессорное оборудование', 'kompressory', '', 'http://194.67.78.19/images/im38.png', null, true, 'ZHBL - Компрессоры (Минск)', 'Продажа поршневых масляных компрессоров с прямым и ременным приводом, винтовых, а так же безмасляных компрессоров Remeza в Минске. +375 (29) 741-52-26', 'компрессор, безмасляный компрессор, купить компрессор минск, ремеза, remeza, aircast, поршневой компрессор, компрессор для покраски, купить компрессор, компрессор ременный, компрессор с прямым приводом, купить поршневой компрессор, fiac, oldc, компрессор поршневый, компрессор цена, компрессор 50, компрессор воздушный купить, компрессор 220в, компрессор 100, винтовой компрессор, винтовым компрессора, компрессоры воздушные 220в, компрессор воздуха, компрессор воздушный электрический, компрессор масляный, компрессор электрический 220в, компрессор воздушный электрический 220в, компрессор для покраски, компрессор 24, компрессор масляный 50, компрессор поршневой масляный, компрессор масляный купить, компрессор воздушный масляный, компрессор масляный 2.2 квт, компрессор ременной масляный, компрессор масляный 100 л, безмасляный компрессор купить, безмасляный воздушный компрессор, безмасляный компрессор для гаража, компрессор безмасляный 50, компрессор безмасляный 24, купить винтовой компрессор, компрессор винтовой воздушный, винтовые компрессоры вк, винтовой компрессор цена, винтовой компрессор 5 5, винтовой компрессор ремеза, компрессорное оборудование, винтовой компрессор remeza, винтовой компрессор 7.5, компрессор электрический винтовой, винтовые масляные компрессоры'),
(3, 2, 'Краскораспылители', 'kraskoraspyliteli', 'Бренды краскораспылителей: WALCOM.', 'http://194.67.78.19/images/im60.png', null, true, 'ZHBL - Краскораспылители Walcom (Минск)', 'Продажа краскораспылителей Walcom в Минске. У нас вы сможете купить краскопульт под необходимые задачи. +375 (29) 741-52-26', 'Walcom, краскопульт, краскопульт покраска, краскопульт минск, краскопульт купить, краскопульт пневматический, краскораспылитель, краскораспылитель купить, краскораспылитель пневматический, краскораспылитель hvlp, краскораспылитель hte, пулик, walmec, краскопульт пневматический все инструменты, краскопульт пневматический, пневмоинструмент для покраски, пневмоинструмент краскопульт'),
(4, 3, 'Пневматический инструмент', 'pnevmoinstrument', '', 'http://194.67.78.19/images/im112.png', null, true, 'ZHBL - Пневматический инструмент (Минск)', 'Продажа скобозабивных, шпилькозабивных, штифтозабивных, гвоздезабивных  в Минске. Таких брендов, как: Fasco, EZ-Fasten. Телефон: +375 (29) 741-52-26', 'фаско, ип жибуль, fasco, скобозабиватель, пневмоинструмент, скобозабивной пистолет, штифтозабиватель, шпилькозабиватель, штифтозабивной пистолет, гвоздезабиватель, гвоздезабивной пистолет, ez fasten купить, ez fasten, нейлер, купить нейлер минск, купить пневмостеплер минск, пневмостеплер, купить senco, инструмент для окон, инструмент для мебели, инструмент для поддонов, пневматический инструмент купить, пневматические пистолеты инструмент, пневматический инструмент оборудование, пневматические машины и инструменты, компрессоры и пневматические инструменты, пневматический строительный инструмент, характеристика пневматического инструмента, переносной пневматический инструмент, пневматический инструмент для гвоздей, пневматические инструменты цена, типы пневматического инструмента, устройство пневматических инструментов, пневматический инструмент bostitch, пневматический шлифовальный инструмент, современные пневматические инструменты, магазин пневматического инструмента, скобозабивной инструмент пневматический, пневматический упаковочный инструмент, пневматический инструмент для забивания, купить компрессоры и пневматические инструменты, пневматический инструмент для забивания гвоздей, компрессоры и пневматические инструменты цена, пневматический инструмент профессиональный, пневматический скобообжимной инструмент, пневмопистолет, пневматический инструмент минск, купить пневмоинструмент, магазин пневмоинструмента, пневмоинструмент сайт, пневмоинструмент цена, пневмоинструмент для гвоздей, гвоздезабивной пневмоинструмент, пневмоинструмент пистолеты, пневмоинструмент минск, бостич пневмоинструмент, пневмоинструмент купить в минске, пневмоинструмент senco, bostitch пневмоинструмент, купить пневмоинструмент беларусь, пневмоинструмент гомель'),
(5, 1, 'Крепеж для пневмоинструмента', 'krepezh', '', 'http://194.67.78.19/images/im187.png', null, true, 'ZHBL - Крепеж для пневмоинструмента (Минск)', 'Продажа крепежных изделий для пневматического инструмента в Минске. Скобы, штифты, шпильки и гвозди от польского бренда EMES. Телефон: +375 (29) 741-52-26', 'Пневмоинструмент, гвозди, гвозди рифленые, гвозди для нейлера купить, гвозди гладкие, гвозди ершеные,гвозди для нейлера, микрошпилька, пиннер, штифты, шпилька, ип жибуль, нейлер, скоба, микрошпилька, штифт без шляпки, крепеж, крепежные изделия, крепеж минск, крепежные изделия минск, купить скобы минск, купить штифты минск, купить гвозди минск, крепеж для пневмоинструмента, скобяные изделия, шпильки для нейлера, гвозди для нейлера, пневмоинструмент для забивания гвоздей'),
(6, 6, 'Соеденительные элементы Aignep', 'soedinitelnye_elementy', '', 'http://194.67.78.19/images/im127.png', null, true, 'ZHBL - Соединительные элементы Aignep (Минск)', 'Продажа цанговых, быстросъемных соединений, а так же резьбовых переходников, шаровых кранов, клапанов и глушителей в Минске. +375 (29) 741-52-26', 'цанговые соединения, цанга, быстросъем, быстросъемные соединения, быстроразъемные, глушитель, клапан, обратный клапан, впускной клапан, кран, кран шаровый, резьбовые переходники, ниппели, уголки, тройники, адаптеры, соединение для пневмоинструмента, штуцер для пневмоинструмента, быстросъемное соединение для пневмоинструмента, переходник для пневмоинструмента, подключение пневмоинструмента, резьба пневмоинструмента, фитинги для пневмоинструмента, папа для пневмоинструмента, разъем для пневмоинструмента, брс для пневмоинструмента, переходник для пневмоинструмента 1 4, купить соединения для пневмоинструмента, быстроразъемное соединение для пневмоинструмента, соединители для пневмоинструмента, купить переходник для пневмоинструмента, муфты для пневмоинструмента, фитинги для пневмоинструмента купить, фитинги, фитинги купить, фитинги для компрессора, фитинги для пневмоинструмента, штуцер для шланга пневмоинструмента, переходник для пневмоинструмента 1 8,  адаптер для пневмоинструмента, адаптер'),
(7, 7, 'Трубки и шланги', 'trubki_shlangi', '', 'http://194.67.78.19/images/im125.png', null, false, 'ZHBL - Трубки, шланги и рвд Aignep (Минск)', 'Продажа трубок, шлангов и рукавов высокого давления Aignep в Минске. +375 (29) 741-52-26', 'шланги спиральны, шланги, шланги полиуретановые, купить трубку, трубки, трубки тефлоновые, трубки полиуретановые, трубки полиамидные, рукава высокого давления, рвд, трубки aignep, aignep, шланги aignep, шланги gav, gav, рукава aignep, рвд aignep, шланг для пневматического инструмента, шланг для пневмоинструмента, шланг воздушный для пневмоинструмента, шланг для пневмоинструмента 10 мм, шланг для пневмоинструмента 12 мм, шланги компрессоров пневмоинструмента, шланг для пневмоинструмента 8 мм, шланг армированный для пневмоинструмента, шланг витой для пневмоинструмента, гибкий шланг для пневмоинструмента, шланг для пневмоинструмента резиновый, рукав для пневмоинструмента, шланг для пневмоинструмента fubag, шланг для пневмоинструмента внутренний диаметр 12 мм, какой шланг лучше для пневмоинструмента, какой шланг нужен для пневмоинструмента, длина шланга для пневмоинструмента, шланг под пневмоинструмент, купить шланг для пневмоинструмента 10 мм, купить шланг, шланг спиральный для пневмоинструмента 10 мм, купить шланг для пневмоинструмента 12 мм, какой шланг выбрать для пневмоинструмента, шланги воздушные для пневмоинструмента с быстроразъемным соединением, шланги воздушные, шланги воздушные для пневмоинструмента, масляные трубки компрессора'),
(8, 2, 'Бачки для краски', 'bachki', '', 'http://194.67.78.19/images/im2.png', 1, false, 'ZHBL - Бачки для краскораспылителей Walcom (Минск)', 'У нас вы сможете приобрести оригинальные бачки для краскораспылитей Walcom любого объема.  +375 (29) 741-52-26', 'бачок краскопульта купить верхний, бачок для краскопульта, бачок для краскопульта купить,walcom бачок, walcom slim бачок, бачок для краскопульта walcom, бачок для краскопульта walcom slim, бачок краскопульта walcom genesi, бачок для краскопульта, бачок для краскопульта купить, резьба бачка краскопульта, бачок краскопульты walcom, бачок для краскопульта walcom slim, бачок для краскопульта walcom slim верхний, бачок для краскопульта walcom slim s hte, genesi бачок, бачок для walcom slim, xlight бачок, kombat бачок, ego бачок'),
(9, 3, 'Регуляторы давления', 'regulyatory_davleniya', '', 'http://194.67.78.19/images/im8.png', 1, false, 'ZHBL - Регуляторы давления Walcom (Минск)', 'У нас вы сможете приобрести оригинальные регуляторы давления Walcom. +375 (29) 741-52-26', 'walcom, регулятор давления для краскопульта купить, регулятор давления с манометром для краскопульта, регулятор давления с манометром, регулятор давления, регулятор давления walcom, электронный регулятор давления, регулятор давления для краскопульта, регулятор давления с манометром walcom купить, регулятор давления с манометром для краскопульта, регулятор давления для краскопульта купить, регулятор давления воздуха для краскопульта, регулятор давления воздуха для краскопульта купить, регулятор давления воздуха для краскопульта с манометром, регулятор давления на краскопульт с манометром купить, регулятор давления с фильтром для краскопульта, регулятор давления для краскопульта 1 4, влагоотделитель с регулятором давления для краскопульта, регулятор давления под краскопульт, регулятор давления для пистолета краскопульта, регулятор давления для краскопульта купить в минске, регулятор давления перед краскопультом, регулятор давления c манометром на краскопульт, манометр для краскопульта, манометр регулятор для краскопульта, манометр давления для краскопульта, регулятор давления с манометром для краскопульта, купить манометр регулятор для краскопульта, регулятор воздуха с манометром для краскопульта, манометр на краскопульт купить, регулятор давления воздуха для краскопульта с манометром, купить манометр давления воздуха для краскопульта, регулятор давления на краскопульт с манометром купить, манометр к краскопульту, редуктор на краскопульт с манометром, краскопульт пневматический с манометром, манометр для краскопульта walcom, краскопульт для покраски с манометром, электронный манометр для краскопульта'),

(10, 6, 'Серия CARBONIO', 'nabory_carbonio', '', 'http://194.67.78.19/images/im11.png', 33, false, '', '', ''),
(11, 4, 'Серия EGO', 'nabory_ego', '', 'http://194.67.78.19/images/im17.png', 33, false, '', '', ''),
(12, 5, 'Серия GENESI', 'nabory_genesi', '', 'http://194.67.78.19/images/im19.png', 33, false, '', '', ''),
(13, 2, 'Серия KOMBAT', 'nabory_kombat', '', 'http://194.67.78.19/images/im22.png', 33, false, '', '', ''),
(14, 3, 'Серия SLIM', 'nabory_slim', '', 'http://194.67.78.19/images/im24.png', 33, false, '', '', ''),
(15, 1, 'Серия XLIGHT', 'nabory_xlight', '', 'http://194.67.78.19/images/im26.png', 33, false, '', '', ''),

(16, 0, 'Компрессоры с прямым приводом', 'kompressory_s_pryamym_privodom', 'Компрессоры поршневые полупрофессиональные с прямым приводом. Хорошо подходят для личных целей, где требуется компактность, была возможность взять его с собой, а главное - невысокая цена.', 'http://194.67.78.19/images/im31.png', 2, false, 'ZHBL - Компрессоры с прямым приводом (Минск)', 'Продажа поршневых компрессоров с прямым приводом от 1,5 до 2,2 кВт. Серии AiRcast. +375 (29) 741-52-26', 'компрессор, компрессор масляный 220в, компрессор масляный 24л, масляный компрессор 24 литра, купить масляный компрессор 24, компрессор масляный для дома, компрессор масляный купить 24, купить хороший компрессор для гаража масляный, какой купить масляный компрессор для гаража, компрессор масляный для гаража купить, купить компрессор с прямым приводом, компрессор 220в купить минск, компрессор масляный 1.5 квт, компрессор масляный 24, масляный компрессор для гаража, лучший масляный компрессор для гаража, поршневой компрессор с прямым приводом, компрессор 220в, компрессор воздушный, aircast, компрессор масляный 50, компрессор масляный, компрессор масляный 100, компрессор масляный купить, компрессор воздушный масляный, компрессор поршневой масляный, компрессор ремеза, компрессор масляный 2.2 квт, компрессор ременной масляный, купить масляный компрессор 50, компрессор воздушный поршневой масляный, компрессор масляный 50 л 2.2 квт, купить компрессор воздушный масляный, компрессор масляный 100 л 2.2 квт, омпрессор поршневой масляный купить, масляный компрессор remeza, купить компрессор масляный 50 л, компрессор масляный 100л, компрессор масляный remeza сб4, масляный компрессор для покраски, компрессор масляный 50л купить, компрессор воздушный электрический масляный, компрессоры воздушные 220в масляные, компрессор воздушный масляный 50л, компрессор масляный 100 литров, купить масляный компрессор 50 литров, компрессор поршневой масляный 50л, компрессор поршневой масляный 50 л, компрессор масляный электрический 220в, компрессор масляный воздушный электрический 220в, сб4 100 компрессор масляный remeza, компрессор масляный 200 л, 220 вольт компрессоры масляные, компрессор воздушный масляный 50 литров, купить компрессор масляный 100 л, масляный компрессор с ресивером, масляный компрессор для покраски какой лучше, компрессор воздушный 24л масляный, компрессор масляный ремеза, компрессор масляный 220в купить'),
(17, 0, 'Компрессоры с ременным приводом', 'kompressory_porshnevye', 'Поршневые компрессоры с ременным приводом до 10 атмосфер. Используются в основном для промышленных нужд, где не требуется высокая производительность.', 'http://194.67.78.19/images/im38.png', 2, false, 'ZHBL - Компрессоры с ременным приводом (Минск)', 'Продажа поршневых компрессоров мощностью от 1,5 до 11,0 кВт с ременным приводом до 10 бар (Remeza). +375 (29) 741-52-26', 'ип жибуль, zhbl, компрессор, ремеза, remeza, aircast, поршневой компрессор, масляный компрессор, купить компрессор, цена компрессора, квт, компрессор с ременным приводом, компрессор с ременным приводом, компрессор маслозаполненный, компрессор 10 бар, компрессор масляный 3 квт, компрессор масляный 320 50, компрессор масляный с ременным приводом, компрессоры воздушные масляные ременные, купить компрессор ременной масляный      , компрессор масляный 10 бар, лучший масляный компрессор для гаража, поршневой компрессор с прямым приводом, компрессор 220в, компрессор воздушный, aircast, компрессор масляный 50, компрессор масляный, компрессор масляный 100, компрессор масляный купить, компрессор воздушный масляный, компрессор поршневой масляный, компрессор ремеза, компрессор масляный 2.2 квт, компрессор ременной масляный, купить масляный компрессор 50, компрессор воздушный поршневой масляный, компрессор масляный 50 л 2.2 квт, купить компрессор воздушный масляный, компрессор масляный 100 л 2.2 квт, омпрессор поршневой масляный купить, масляный компрессор remeza, купить компрессор масляный 50 л, компрессор масляный 100л, компрессор масляный remeza сб4, масляный компрессор для покраски, компрессор масляный 50л купить, компрессор воздушный электрический масляный, компрессоры воздушные 220в масляные, компрессор воздушный масляный 50л, компрессор масляный 100 литров, купить масляный компрессор 50 литров, компрессор поршневой масляный 50л, компрессор поршневой масляный 50 л, компрессор масляный электрический 220в, компрессор масляный воздушный электрический 220в, сб4 100 компрессор масляный remeza, компрессор масляный 200 л, 220 вольт компрессоры масляные, компрессор воздушный масляный 50 литров, купить компрессор масляный 100 л, масляный компрессор с ресивером, масляный компрессор для покраски какой лучше, компрессор воздушный 24л масляный, компрессор масляный ремеза, компрессор масляный 220в купить'),

(18, 6, 'Серия CARBONIO', 'seriya_carbonio', '', 'http://194.67.78.19/images/im60.png', 3, false, '', '', ''),
(19, 4, 'Серия EGO', 'seriya_ego', '', 'http://194.67.78.19/images/im64.png', 3, false, '', '', ''),
(20, 5, 'Серия GENESI', 'seriya_genesi', '', 'http://194.67.78.19/images/im72.png', 3, false, '', '', ''),
(21, 2, 'Серия KOMBAT', 'seriya_kombat', '', 'http://194.67.78.19/images/im76.png', 3, false, '', '', ''),
(22, 3, 'Серия SLIM', 'seriya_slim', '', 'http://194.67.78.19/images/im81.png', 3, false, '', '', ''),
(23, 1, 'Серия XLIGHT', 'seriya_xlight', '', 'http://194.67.78.19/images/im92.png', 3, false, '', '', ''),

(24, 3, 'Гвоздезабивные пистолеты', 'gvozdezabivnye_pistolety', 'У нас вы сможете приобрести гвоздезабивные пистолеты FASCO (BECK) под любой размер и сечение гвоздей и выбрать барабанную либо реечную подачу.', 'http://194.67.78.19/images/im99.png', 4, false, 'ZHBL - Гвоздезабивные пистолеты (Минск)', 'Продажа профессиональных пневматических гвоздезабивных пистолетов под итальянским брендом Fasco. +375 (29) 741-52-26', 'ип жибуль, фаско, fasco, FASCO F58A CN1, FASCO F48C CN15W-55, гвоздезабиватель, гвоздезабивной пистолет, купить fasco, купить гвоздезабивной пистолет, гвоздезабивной пистолет fasco, гвоздезабивной пистолет минск, пневматический инструмент, нейлер, нейлер для гвоздей, нейлер для гвоздей 90, нейлер 90, нейлер 90 гвозди, нейлер 90 мм, гвоздомет, гвоздезабивной пистолет, нейлер купить, нейлер пневматический, нейлер для гвоздей 90 мм, нейлер цена, инструмент для забивания гвоздей, забиватель гвоздей, нейлер кровельный, нейлер барабанный, нейлер пневматический 90, купить нейлер пневматический для гвоздей, нейлер пневматический для гвоздей 90, нейлер 90 купить, нейлер 90мм, нейлер 90 цена, 50 мм нейлер, гвоздезабивной нейлер, пистолет нейлер, реечный нейлер, нейлер 50мм, пневмоинструмент для гвоздей, пневмоинструмент для забивания гвоздей, купить пневмоинструмент беларусь, пневмоинструмент для гвоздей купить, гвоздезабивной пневмоинструмент rgn cn90r, пневмоинструмент гомель, бостич пневмоинструмент для гвоздей, пневмоинструмент нейлер, пистолет гвоздезабивной, гвоздезабивной пистолет пневматический, купить гвоздезабивной пистолет, гвоздезабивные пистолеты по дереву, гвоздезабивной пистолет цена, барабанный гвоздезабивной пистолет, гвоздезабивной пистолет 90, гвоздезабивной пистолет 90мм, гвоздезабивной пистолет по дереву цена, кровельный гвоздезабивной пистолет, гвоздезабивной пистолет пневматический цена, пневматические гвоздезабивные пистолеты купить, пистолет гвоздезабивной пневматический 90, гвоздезабивной пистолет нейлер, гвоздезабивной пистолет пневматический барабанный, гвоздезабивной пистолет пневматический 50, гвоздезабивной пистолет 50 90, пистолет гвоздезабивной n90, реечный гвоздезабивной пистолет, гвоздезабивной пистолет пневматический 50 90, гвоздезабивной пистолет 90 мм, гвоздезабивной пистолет барабанного типа, гвоздезабивной пистолет по дереву 90мм, купить гвоздезабивной пистолет по дереву, гвоздезабивной пистолет 120 мм, bea гвоздезабивной пистолет, гвоздезабивной пистолет цена 90мм, гвоздезабивной пистолет для кровли, пневматические гвоздезабивные пистолеты по дереву, гвоздезабивной пистолет пневматический 50 90 барабанный, гвоздезабивной пистолет пневматический 120 мм, гвоздезабивной пистолет пневматический 90мм, гвоздезабивной пистолет cn 90, пневматический гвоздезабивной пистолет для 90 мм, cn90 гвоздезабивной пистолет, пневмо гвоздезабивной пистолет, барабанный пистолет для гвоздей'),
(25, 1, 'Скобозабивные пистолеты', 'skobozabivnie_pistolety', 'У нас вы сможете приобрести скобозабивные пистолеты FASCO (BECK) и EZ-FASTEN под любой размер скобы: малого сечения, среднего сечения и каркасные.', 'http://194.67.78.19/images/im103.png', 4, false, 'ZHBL - Скобозабивные пистолеты (Минск)', 'Продажа пневматических скобозабивных пистолетов для малых, средних и каркасных скоб. Представлены следующие бренды: Fasco и EZ-Fasten. +375 (29) 741-52-26', 'жбл, фаско, fasco, fasco купить, fasco купить минск, скобозабиватель, скобозабивной пистолет, ez fasten купить, ez fasten, ez fasten купить минск, купить пневматический инструмент минск, пневматический инструмент купить, купить пневмоинструмент, ez fasten 80/16, ez fasten ms 16-50, пневмостеплер для скобы 80, пневмостеплер, пневмостеплер купить минск, пневмостеплеб под скобу 90, пневмостеплер купить, пневмостеплер для мебели, степлер строительный, степлер строительный купить, степлер пневматический, пневмостеплер 18ga, пневмостеплер цена, купить пневмостеплер для мебели, пневмостеплер обивочный, пневмостеплер 80 16, пневматический степлер купить, степлер пневматический, степлеры мебельные пневматические, пистолет для скоб, инструмент для скоб, скобозабивной инструмент пневматический, пневматический упаковочный инструмент, пневматический инструмент для забивания, скобозабивной пневмоинструмент, купить пневмоинструмент беларусь, пневмоинструмент гомель'),
(26, 2, 'Штифтозабивные пистолеты', 'shtiftozabivnye_pistolety', 'У нас вы сможете приобрести шпилько- штифтозабивные пистолеты FASCO (BECK) и EZ-FASTEN под любое сечение и размер шпилек и штифтов: 0.6, 0.8, 1.2, 1.6 мм.', 'http://194.67.78.19/images/im112.png', 4, false, 'ZHBL - Штифтозабивные пистолеты (Минск)', 'Продажа пневматических шпилько- штифтозабивных пистолетов. Представлены следующие бренды: Fasco и EZ-Fasten. +375 (29) 741-52-26', 'ип жибуль, фаско, fasco, штифтозабиватель, нейлер, шпилькозабиватель, штифтозабивной пистолет, шпилькозабивной пистолет, пневматический инструмент, купить ez fasten, ez fasten super, купить fasco, fasco минск, ez fasten минск, нейлер, нейлер купить, гвоздезабивной пистолет, гвоздомет, нейлер пневматический для гвоздей, нейлер пневматический, купить нейлер пневматический, шпилечник купить, шпилечник пневматический, шпилечник, нейлер шпилечник, super 630, штифтозабивной пистолет купить, финишный нейлер, 50 мм нейлер, нейлер для вагонки, пневмоинструмент для гвоздей, купить пневмоинструмент беларусь, пневмоинструмент для гвоздей купить, пневмоинструмент гомель, бостич пневмоинструмент для гвоздей, пневмоинструмент шпилькозабивной, пневмоинструмент шпильки, пневмоинструмент нейлер, пистолет для финишных гвоздей, пневмопистолет для финишных гвоздей, нейлер пневматический для финишных гвоздей, купить пневмопистолет для финишных гвоздей, пистолет гвоздезабивной для финишных гвоздей, пневмопистолет для финишных гвоздей по дереву, пневмопистолет для финишных гвоздей, пистолет для финишных гвоздей по дереву, гвоздезабивной пистолет для вагонки, финишный гвоздезабивной пистолет'),

(27, 1, 'Быстросъемные соединения', 'bystrosiomnie_soedineniya', 'Быстросъемные соединения представлены брендом Aignep.', 'http://194.67.78.19/images/im201.png', 6, false, 'ZHBL - Быстросъемные соединения Aignep (Минск)', 'Продажа быстросъемных (быстроразъемных) муфт с наружной и внутренней резьбой, а так же под шланги. +375 (29) 741-52-26', 'ниппели, быстросъем 1, быстросъем для шланга, быстросъем для компрессора, муфта быстросъемная для шланга, муфта быстросъемная мама, муфта, фитинг, муфта быстроразъемная, муфта быстросъемная, купить быстросъем, быстросъем, купить штуцер, штуцер, быстросъем для пневмоинструмента, быстросъемное соединение для пневмоинструмента, переходник для пневмоинструмента, резьба пневмоинструмента, фитинги для пневмоинструмента, папа для пневмоинструмента, штуцер для пневмоинструмента быстросъемный, разъем для пневмоинструмента, брс для пневмоинструмента, штуцер папа для пневмоинструмента, купить соединения для пневмоинструмента, переходники для пневмоинструмента быстросъемные соединения, купить быстросъемные соединения для пневмоинструмента, купить быстросъемные соединения, большие быстросъемы для пневмоинструмента, быстросъем для пневмоинструмента папа, быстросъем для пневмоинструмента 1 4, быстросъем для пневмоинструмента мама, быстроразъемное соединение для пневмоинструмента, быстросъем для шланга пневмоинструмента, соединители для пневмоинструмента, переходник для пневмоинструмента штуцер быстросъемное, купить переходник для пневмоинструмента, муфты для пневмоинструмента, присоединение шлангов к пневмоинструменту, купить штуцер для пневмоинструмента, разъем для пневмоинструмента быстросъемный, быстросъемные соединения для пневмоинструмента 1 4, штуцер для шланга пневмоинструмента, переходник для пневмоинструмента 1 8, штуцер для пневмоинструмента быстросъемный мама, быстрый съем для пневмоинструмента, быстрый съем, типы быстросъемных соединений для пневмоинструмента, типы быстросъемных соединений, коннектор для пневмоинструмента, коннектор,быстросъем для пневмоинструмента 3 4, расходники для пневмоинструмента, расходники, быстросъем для пневмоинструмента размеры, виды быстросъемных соединений для пневмоинструмента'),
(28, 6, 'Глушители', 'glushiteli', 'Глушители Aignep с порогом фильтрации 50, 75, 100 и 120 мкм.', 'http://194.67.78.19/images/im206.png', 6, false, 'ZHBL - Глушители Aignep (Минск)', 'Продажа глушителей для компрессорного оборудования в Минске. +375 (29) 741-52-26', 'глушители, aignep, глушители aignep, купить глушители, купить глушитель на компрессор, глушитель на компрессор, полиэтиленовый глушитель, глушитель 50 мкм, глушитель 100 мкм, глушитель 75 мкм, глушитель 120 мкм, глушитель 10 бар, глушитель 12 бар, глушитель латунный резьбовой, глушитель резьбовой, глушитель aignep'),
(29, 4, 'Клапаны', 'klapany', 'Обратные клапаны и клапаны быстрого сброса бренда Aignep.', 'http://194.67.78.19/images/im204.png', 6, false, 'ZHBL - Клапаны Aignep и Gav (Минск)', 'Продажа обратных клапанов Aignep и Gav для компрессорного оборудования в Минске. +375 (29) 741-52-26', 'поршневой компрессор обратный клапан, воздушный обратный клапан для компрессора, цанговый обратный клапан, обратный клапан для компрессора купить, aignep, gav, обратный клапан, обратный клапан купить, обратный клапан для компрессора, обратный клапан купить, обратный клапан мм, клапан обратного давления, клапан обратный латунный, обратный клапан для компрессора, клапан быстрого сброса, воздушный обратный клапан, обратный клапан для воздушного компрессора, обратный клапан для компрессора купить, клапан обратный для поршневых компрессоров, обратный клапан для компрессора воздушного поршневого, обратный клапан для поршневого компрессора купить, обратный клапан для компрессора воздушного поршневого купить, обратный клапан для компрессора резьба, клапан обратный для компрессора резьба наружная, обратный клапан для компрессора ремеза, клапан обратного давления для компрессора, обратный клапан для компрессора купить в минске, цанговый обратный клапан, цанговый обратный клапан купить'),
(30, 5, 'Краны', 'krany', 'Краны шаровые, комбинированные и цанговые представлены брендом Aignep.', 'http://194.67.78.19/images/im205.png', 6, false, 'ZHBL - Краны шаровые, комбинированные и цанговые Aignep (Минск)', 'Продажа кранов шаровых, комбинированных и цанговых в Минске. Производитель - Aignep. +375 (29) 741-52-26', 'кран шаровый купить, краны шаровые муфтовые, кран шаровый 1 2, краны шаровые 1 2, краны шаровые комбинированные, кран для компрессора, купить кран, кран 1, кран, кран шаровый, кран комбинированный, кран цанговый, aignep, кран шаровой, кран шаровы, шаровые краны, шаровые краны купить, краны шаровые фланцевые, кран шаровый купить, краны шаровые цена, краны шаровые латунные, кран шаровый цена, кран шаровый фланцевый, краны шаровые латунные, полнопроходные шаровые краны, краны шаровые муфтовые, краны шаровые для воды, шаровый кран для воды, кран шаровый муфтовый, кран шаровый латунный, шаровые краны латунь, краны шаровые для воздуха, кран шаровый для воздуха, шаровые краны для сжатого воздуха, кран шаровый для сжатого воздуха, шаровые краны для спуска воздуха, кран шаровый для спуска воздуха, кран шаровый для компрессора, кран шаровый для пневмо, кран воздушный шаровый, кран латунный муфтовый, кран муфтовый полнопроходной, кран муфтовый цены, кран шаровый латунный муфтовый, кран шаровой муфтовый цена, краны муфтовые купить, кран шаровый полнопроходной муфтовый, кран шаровой муфтовый латунь, краны шаровые муфтовые купить, кран шаровый муфтовый цена, кран шаровой латунный муфтовый полнопроходной, кран шаровый муфтовый тип в в, купить кран шаровый муфтовый, цанговый кран, кран с цанговым зажимом, кран шаровый цанговый, фитинг цанговый с краном, кран с цанговым соединением, садовый проходной кран с цанговым зажимом, кран цанговый 8 мм, комбинированный кран, краны шаровые комбинированные, кран шаровый комбинированный, купить кран комбинированный, кран с цанговым соединением'),
(31, 2, 'Резьбовые соединения', 'rezbovye_perehodniki', 'Резьбовые соединения представлены брендом Aignep.', 'http://194.67.78.19/images/im202.png', 6, false, 'ZHBL - Резьбовые соединения Aignep (Минск)', 'Продажа резьбовых соединений Aignep: ниппели, муфты, уголки, переходники прямые, штуцеры, адаптеры, тройники, заглушки и другое в Минске. +375 (29) 741-52-26', 'ниппели, адаптеры, муфты, тройники, уголки, заглушки, фитинги резьбовые, американки, разветвитель, Aignep, переходники прямые, уголок резьбовой, переходник угловой, штуцеры, переходник для пневмоинструмента 1 4, купить соединения для пневмоинструмента, переходники для пневмоинструмента быстросъемные соединения, переходник для пневмоинструмента 1 2, соединители для пневмоинструмента, купить переходник для пневмоинструмента, муфты для пневмоинструмента, купить штуцер для пневмоинструмента, фитинги для компрессоров и пневмоинструмента, фитинги, фитинги для компрессоров, переходник для пневмоинструмента 1 8, разветвитель для пневмоинструмента, разветвитель для пневмоинструмента, переходник к пневмоинструменту, ниппель резьбовой, фитинг резьбовой ниппель, ниппели переходные резьбовые, ниппель резьбовой латунный, ниппель резьбовой нр, резьбовое соединение ниппелем, фитинг резьбовой ниппель с переходом на евроконус, муфта резьбовая, муфта резьбовая соединительная, соединение резьбовое муфты, резьбовые муфта переходная, муфты резьбовые купить, муфта стальная резьбовая, муфты резьбовые фитинги, муфта резьбовая наружная, угловые переходники резьбовые, уголок резьбовой, тройник резьбовой, тройник резьбовой переходной, фитинг резьбовой тройник, тройник резьбовой купить, тройник стальной резьбовой, тройники латунные резьбовые, тройники труб резьбовые, тройник резьбовой цена, переходник резьбовой, переходник резьбовой купить, переходник с резьбового на цанговый, переходники резьбовых соединений, фитинг резьбовой переходник, переходники латунные резьбовые, резьбовые переходники на шланг, переходник резьбовой метрический, адаптер шланговый, штуцер шланговый резьбовой, фитинги под металлические трубки, заглушка резьбовая, резьбовые заглушки купить, пробка заглушка резьбовая, заглушка резьбовая внутренняя, заглушка резьбовая внутренняя резьба'),
(32, 3, 'Цанговые соединения', 'cangovye_soedinenia', 'Цанговые соединения представлены брендом Aignep.', 'http://194.67.78.19/images/im203.png', 6, false, 'ZHBL - Цанговые соединения Aignep (Минск)', 'Продажа различных цанговых соединений Aignep в Минске. +375 (29) 741-52-26', 'цанговые соединения, цанга, уголок цанговый, тройник цанговый, адаптер цанговый, купить уголок цанговый, l-образные соединения, разветвитель для пневмоинструмента, цанговое соединение, штуцер с цанговым соединением, цанговое соединение шланга, цанговое соединение трубок, цанговое соединение купить, цанговый тип соединения, резьбовые цанговые соединения, угловое цанговое соединение, цанговый тип соединения, штуцер с цанговым соединением festo, переходник на цанговое соединение, фитинги с цанговым соединением, переходник с резьбового соединения на цанговое, кран с цанговым соединением, цанговые быстросъемные соединения, соединения пневматические цанговые, тройник цанговый, фитинг тройник цанговый, тройник цанговый 6 мм, тройник с цанговым зажимом, тройник цанговый 8 мм, цанговый тройник 6мм, фитинг цанговый тройник 8 мм, купить фитинг тройник цанговый, тройники цанговые для пневмошлангов купить, уголок цанговый, угловое цанговое соединение, соединитель цанговый, цанговый соединитель трубок, цанговый соединитель для шланга, соединитель цанговый угловой, цанговый соединитель трубок 6 мм, цанговый соединитель для труб, адаптер переходник цанговый, адаптер цанговый, соединитель прямой цанговый, цанговые соединения из пластика, уголок цанговый пластиковый, тройник цанговый пластиковый, цанговые соединения пластиковые'),

(33, 1, 'Наборы сменных сопел', 'nabory_sopel', '', 'http://194.67.78.19/images/im13.png', 1, true, '', '', ''),

(34, 1, 'Скобы', 'skoby', '', 'http://194.67.78.19/images/im188.png', 5, true, 'ZHBL - Скобы для пневмостеплера (Минск)', 'Продажа высококачественной скобы для пневмостеплера польской марки Emes. Типы скоб: 90; 97; 115 (80, 380); C/2 (C-ring A5); C/3; а так же есть цветные скобы. +375 (29) 741-52-26', 'скобы для пневмостеплера, тип скобы 97, скоба двери, купить скобы для пневмостеплера, скоба тип 380, скоба 6, скобы, купить скобы, скобы для степлера, обжимная скоба, тип скобы 90, тип скобы 115, скобы для сетки, скобы мебельные, скоба тип 80, скоба мебельная, купить скобы, скобы для степлера, скоба строительная, скоба мебельная, тип скоб, скобы 10, скоба 6, скобы цена, скоба 20, скобы 4, скобы 8, скобы 53, скоба двери, скоба п, скоба крепежная, скоба 5, скоба 16, скоба 25, скобы тип 53, типы скоб для степлера, скобы 24, скоба оцинкованная, скоба п образная, скобы для строительного степлера, купить скобы для степлера, скоба 12, скоба 50, скоба 14, скобы 140, скобы для степлера 6, скобы для мебельного степлера, скоба 80, скоба 20 мм, скобы для степлера 10, скоба с 1, скоба 7, скобы для степлера тип 53, скобы 26, скоба 128, скоба для крепления кабеля, скоба 40, скобы для мебели, скобы для степлера 24, скобы для степлера размеры, скоба прижимная, скоба 32, скоба 15, скобы 10 мм, скобы 13, скоба 96, скобы для степлера 24 6, скоба 16 мм, скоба 17, скобы тип 140, крепеж скоба, скоба 6 мм, скобы 1000 шт, скобы 150, скобы 4 мм, скобы для пневмостеплера, скоба 25 мм, скоба пневматическая, скобы 14 мм, скоба 20мм, упаковка скоб, скоба 21, мебельные скобы типы, скобы для сетки, 90 скоба, скобы для степлера 1000 шт, скобы тип 6, скоба с 2, скоба типа 10, скобы 8мм, скобы для дерева, скобы тип 8, скоба 53 4, скобы тип 55, скоба тип 14, скобы тип 80, скобы для степлера тип 10, скобы для мебельного степлера тип 53, скоба тип g, скобы тип 97, скоба тип 90, скобы тип 90 18ga, скоба узкая 90 тип 25 мм, скоба для степлера тип 90, скобы для пневмоинструмента'),
(35, 3, 'Шпильки', 'shpilki', '', 'http://194.67.78.19/images/im182.png', 5, false, 'ZHBL - Шпильки для пневмопистолетов (Минск)', 'Продажа высококачественной шпильки для шпиличника, польской марки Emes. Диаметр шпильки 0,64 мм. +375 (29) 741-52-26', 'финишные гвозди, купить шпильку минск, микрошпилька 0.64 купить, купить микрошпильки для пневмопистолета, микрошпилька 0.64, шпилька, шпилька 0,6, шпилька 0,64, шпильки для нейлера, микрошпилька, микрошпилька купить, микрошпилька для пневмопистолета, штифты, купить шпильки, пневмоинструмент шпильки, финишные гвозди купить, гвозди финишные оцинкованные, финишные гвозди для вагонки, финишные гвозди для наличников, финишные гвозди для нейлера, финишный гвоздь 30, гвоздь финишный оцинкованный купить, гвозди финишные для нейлера купить, гвозди финишные оптом, финишные гвозди для наличников межкомнатных, финишные гвозди для наличников межкомнатных дверей, купить финишные гвозди для вагонки, финишные гвозди для наличников купить, гвозди финишные 30 мм, гвозди финишные купить минск, финишные гвозди для вагонки в баню, финишный гвоздь для вагонки размер, гвозди финишные 25 мм, финишные гвозди для степлера, гвозди финишные 20 мм, финишные гвозди под пистолет, купить в минске финишные гвозди для вагонки, купить в минске финишные гвозди, гвозди финишные оцинкованные 15 мм, купить финишные гвозди 16 мм, микрошпилька тип 23, микрошпилька 23ga, микрошпильку нейлером, микрошпильки для наличников'),
(36, 2, 'Штифты', 'stifty', '', 'http://194.67.78.19/images/im183.png', 5, true, 'ZHBL - Штифты для пневмопистолетов (Минск)', 'Продажа высококачественных штифтов для штифтозабивных пистолетов, польской марки Emes. Диаметр штифта 0,64 и 1,2 мм. +375 (29) 741-52-26', 'штифта пистолет, гвозди для нейлера, штифты для нейлера, штифты, купить штифты, штифт 0,64, штифт 1,2, штифт цена, штифт купить, гвоздь, гвозди, шпильки, шпилька со шляпкой, гвозди финишные 50,  купить шпильки, пневмоинструмент шпильки, финишные гвозди купить, гвозди финишные оцинкованные, финишные гвозди для вагонки, финишные гвозди для наличников, финишные гвозди для нейлера, финишный гвоздь 30, финишные гвозди 40, гвозди финишные 1.2, финишные гвозди 50 мм, гвоздь финишный оцинкованный купить, гвозди финишные для нейлера купить, гвозди финишные 23ga, гвозди финишные оптом, финишные гвозди для наличников межкомнатных, финишные гвозди для наличников межкомнатных дверей, гвозди финишные 40 мм, купить финишные гвозди для вагонки, финишные гвозди для наличников купить, гвозди финишные 30 мм, гвозди финишные купить минск, финишные гвозди для вагонки в баню, финишный гвоздь для вагонки размер, финишные гвозди 40мм, гвозди финишные 25 мм, финишные гвозди 16ga, финишные гвозди для степлера, гвозди финишные 20 мм, финишные гвозди 18ga, финишные гвозди 15ga, финишные оцинкованные гвозди 50, финишные гвозди для нейлера 23ga, финишные гвозди под пистолет, купить в минске финишные гвозди для вагонки, купить в минске финишные гвозди, финишные гвозди 1.2 оцинкованный, гвозди финишные оцинкованные 15 мм, финишные гвозди для нейлера 18ga, гвоздь финишный 1 2x35 купить, купить финишные гвозди 16 мм'),

(37, 4, 'Тип 14LC', 'type_14lc', '', 'http://194.67.78.19/images/im184.png', 34, false, '', '', ''),
(38, 2, 'Тип 90', 'type_90', '', 'http://194.67.78.19/images/im185.png', 34, false, '', '', ''),
(39, 3, 'Тип 92', 'type_92', '', 'http://194.67.78.19/images/im186.png', 34, false, '', '', ''),
(40, 6, 'Тип 97', 'type_97', '', 'http://194.67.78.19/images/im187.png', 34, false, '', '', ''),
(41, 1, 'Тип 380', 'type_380', '', 'http://194.67.78.19/images/im188.png', 34, false, '', '', ''),
(42, 5, 'Тип 145', 'type_145', '', 'http://194.67.78.19/images/im189.png', 34, false, '', '', ''),
(43, 8, 'Тип C / 2', 'type_c2', '', 'http://194.67.78.19/images/im151.png', 34, false, '', '', ''),
(44, 9, 'Тип C / 3', 'type_c3', '', 'http://194.67.78.19/images/im152.png', 34, false, '', '', ''),
(45, 10, 'Тип CF', 'type_cf', '', 'http://194.67.78.19/images/im153.png', 34, false, '', '', ''),
(46, 7, 'Тип K 33', 'type_k33', '', 'http://194.67.78.19/images/im190.png', 34, false, '', '', ''),

(47, 1, 'ST 0.6', 'st06', '', 'http://194.67.78.19/images/im191.png', 36, false, '', '', ''),
(48, 2, 'ST 1.2', 'st12', '', 'http://194.67.78.19/images/im192.png', 36, false, '', '', ''),
(49, 3, 'ST 1.6', 'st16', '', 'http://194.67.78.19/images/im193.png', 36, false, '', '', '');

-- variables
INSERT INTO app_variables (name, value)
VALUES
('phone_sales', '+375 (29) 741-52-26'),
('phone_services', '+375 (44) 758-16-43'),
('inst', 'https://instagram.com/zhbl_company?igshid=MjEwN2IyYWYwYw=='),
('vk', 'https://vk.com/zhbl_ip'),
('tg', 'http://t.me/zhbl_company'),
('email', 'zhibul.maksim@yandex.ru'),
('address', 'г. Минск, Селицкого 21К, 4 этаж, кабинет 8'),
('work_time', 'Пн - Чт: 09.00 - 17.00'),
('work_time', 'Пт: 09.00 - 16.30'),
('years', '12'),
('clients', '209'),
('partners', '12'),
('repair_done', '2974');

-- countries
INSERT INTO countries (name)
VALUES
('Беларусь'),
('Германия'),
('Италия'),
('Китай'),
('Польша'),
('Россия'),
('Тайвань'),
('Хорватия'),
('США');

-- slider
INSERT INTO slides (url, title, brand)
VALUES
('kraskoraspyliteli', 'Краскораспылители', 'WALCOM'),
('kompressory', 'Компрессоры', 'REMEZA'),
('krepezh', 'Крепежные изделия', 'EMES');

-- slider images
INSERT INTO slider_images (slide_id, display, src)
VALUES
(1, 'desktop', 'http://194.67.78.19/slider/slide1.png'),
(2, 'desktop', 'http://194.67.78.19/slider/slide2.png'),
(3, 'desktop', 'http://194.67.78.19/slider/slide3.png'),
(1, 'mobile', 'http://194.67.78.19/slider/mob-slide1.png'),
(2, 'mobile', 'http://194.67.78.19/slider/mob-slide2.png'),
(3, 'mobile', 'http://194.67.78.19/slider/mob-slide3.png');

-- items
INSERT INTO items (id, position, code, category_id, url, name, description, brand, manufacturer_id, price, seo_title, seo_description, seo_keywords)
VALUES
(1, 5, '1.0001', 8, 'bachok_52008w', 'Алюминевый бачок<br/> 750 мл 52008/W', '', 'WALCOM', 3, '70.00 руб / шт', 'ZHBL - Алюминевый бачок 750 мл WAlLCOM 52008/W (Минск)', 'Алюминевый бачок 750 мл WAlLCOM 52008/W в Минске. Всего за 70 руб. +375 (29) 741-52-49', ''),
(2, 9, '1.0002', 8, 'bachok_52010uv', 'Пластиковый бачок<br/> 680 мл 52010/UV', '', 'WALCOM', 3, '115.00 руб / шт', 'ZHBL - Пластиковый бачок 680 мл WAlLCOM 52010/UV (Минск)', 'Пластиковый бачок 680 мл WAlLCOM 52010/UV в Минске. Всего за 115 руб. +375 (29) 741-52-56', ''),
(3, 3, '1.0003', 8, 'bachok_52014uv', 'Пластиковый бачок<br/> 180 мл 52014/UV', '', 'WALCOM', 3, '110.00 руб / шт', 'ZHBL - Пластиковый бачок 180 мл WAlLCOM 52014/UV (Минск)', 'Пластиковый бачок 180 мл WAlLCOM 52014/UV в Минске. Всего за 110 руб. +375 (29) 741-52-55', ''),
(4, 2, '1.0004', 8, 'bachok_52014w', 'Пластиковый бачок<br/> 180 мл 52014/W', '', 'WALCOM', 3, '50.00 руб / шт', 'ZHBL - Пластиковый бачок 180 мл 52014/W (Минск)', 'Пластиковый бачок 180 мл WAlLCOM 52014/W в Минске. Всего за 50 руб. +375 (29) 741-52-48', ''),
(5, 1, '1.0005', 8, 'bachok_52015w', 'Пластиковый бачок<br/> 75 мл 52015/W', '', 'WALCOM', 3, '80.00 руб / шт', 'ZHBL - Пластиковый бачок 75 мл WAlLCOM 52015/W (Минск)', 'Пластиковый бачок 75 мл WAlLCOM 52015/W в Минске. Всего за 80 руб. +375 (29) 741-52-50', ''),
(6, 8, '1.0006', 8, 'bachok_52028b', 'Пластиковый бачок<br/> 680 мл 52028/B', '', 'WALCOM', 3, '110.00 руб / шт', 'ZHBL - Пластиковый бачок 680 мл WAlLCOM 52028/B (Минск)', 'Пластиковый бачок 680 мл WAlLCOM 52028/B в Минске. Всего за 110 руб. +375 (29) 741-52-54', ''),
(7, 10, '1.0007', 8, 'bachok_52028uv', 'Пластиковый бачок<br/> 680 мл 52028/UV', '', 'WALCOM', 3, '125.00 руб / шт', 'ZHBL - Пластиковый бачок 680 мл WAlLCOM 52028/UV (Минск)', 'Пластиковый бачок 680 мл WAlLCOM 52028/UV в Минске. Всего за 125 руб. +375 (29) 741-52-57', ''),
(283, 4, '1.0283', 8, 'bachok_52007w', 'Алюминевый бачок<br/> 500 мл 52007/W', '', 'WALCOM', 3, '85.00 руб / шт', 'ZHBL - Алюминевый бачок 500 мл WAlLCOM 52007/W (Минск)', 'Алюминевый бачок 500 мл WAlLCOM 52007/W в Минске. Всего за 85 руб. +375 (29) 741-52-52', ''),
(284, 6, '1.0284', 8, 'bachok_52005w', 'Алюминевый бачок<br/> 750 мл 52005/W', '', 'WALCOM', 3, '85.00 руб / шт', 'ZHBL - Алюминевый бачок 750 мл WAlLCOM 52005/W (Минск)', 'Алюминевый бачок 750 мл WAlLCOM 52005/W в Минске. Всего за 85 руб. +375 (29) 741-52-51', ''),
(285, 7, '1.0285', 8, 'bachok_52010w', 'Пластиковый бачок<br/> 680 мл 52010/W', '', 'WALCOM', 3, '100.00 руб / шт', 'ZHBL - Пластиковый бачок 680 мл WAlLCOM 52010/W (Минск)', 'Пластиковый бачок 680 мл WAlLCOM 52010/W в Минске. Всего за 100 руб. +375 (29) 741-52-53', ''),

(8, 5, '1.0008', 9, 'regulyator_90147w', 'Регулятор давления с манометром<br/> WALCOM 90147/W', 'Регулятор давления сжатого воздуха с большой пропускной способностью, точной регулировкой, с манометром. Регулятор изготовлен из высококачественной анодированной латуни. Корпус манометра изготовлен из металла, имеет стеклянное окошко.', 'WALCOM', 3, '165.00 руб / шт', 'ZHBL - Регулятор давления с манометром WAlLCOM 90147/W (Минск)', 'Регулятор давления с манометром WAlLCOM 90147/W в Минске. Всего за 165 руб. +375 (29) 741-52-52', ''),
(9, 4, '1.0009', 9, 'regulyator_90105w', 'Регулятор давления с манометром<br/> WALCOM 90105/W', 'Регулятор изготовлен из высококачественной латуни. Корпус манометра изготовлен из металла, имеет стеклянное окошко и осевое крепление.', 'WALCOM', 3, '120.00 руб / шт', 'ZHBL - Регулятор давления с манометром WAlLCOM 90105/W (Минск)', 'Регулятор давления с манометром WAlLCOM 90105/W в Минске. Всего за 120 руб. +375 (29) 741-52-51', ''),
(10, 6, '1.0010', 9, 'regulyator_90180w', 'Электронный регулятор давления<br/> WALCOM 90180/W', 'Высокоточный регулятор давления из углеродного волокна и поворотным соединением с регулируемым углом наклона, цифровой манометр с корпусом из углеродного волокна. Подходит только для краскопультов серии Carbonio 360.', 'WALCOM', 3, '520.00 руб / шт', 'ZHBL - Электронный регулятор давления WAlLCOM 90180/W (Минск)', 'Электронный регулятор давления WAlLCOM 90180/W в Минске. Всего за 520 руб. +375 (29) 741-52-53', ''),

(286, 1, '1.0286', 9, 'krishka_90128', 'Защитная крышка для манометра 90128', 'Защитная крышка для манометра из прозрачного, ударопрочного и устойчивого к воздействию растворителей пластика. ', 'WALCOM', 3, '10.00 руб / шт', 'ZHBL - Защитная крышка для манометра WAlLCOM 90128 (Минск)', 'Защитная крышка для манометра WAlLCOM 90128 в Минске. Всего за 7 руб. +375 (29) 741-52-49', ''),
(287, 2, '1.0287', 9, 'regulyator_90106w', 'Регулятор давления 90106/W', 'Регулятор давления сжатого воздуха для краскораспылителей. Регулятор изготовлен из высококачественной латуни.', 'WALCOM', 3, '50.00 руб / шт', 'ZHBL - Регулятор давления WAlLCOM 90106/W (Минск)', 'Регуляторы давления WAlLCOM 90106/W в Минске. Всего за 50 руб. +375 (29) 741-52-48', ''),
(288, 3, '1.0288', 9, 'manometr_61306', 'Манометр 61306', 'Манометр для регулирования входного давления в краскопульт. Корпус манометра изготовлен из металла и имеет стеклянное окошко.', 'WALCOM', 3, '60.00 руб / шт', 'ZHBL - Манометр WAlLCOM 61306 (Минск)', 'Манометр WAlLCOM 61306 в Минске. Всего за 60 руб. +375 (29) 741-52-50', ''),

(11, 6, '1.0011', 10, 'geo_9900', 'Набор сменных сопел<br/> GENESI CARBONIO 360 GEO 9900**', 'В набор входит: Распыляющая головка, сопло, игла-пружина', 'WALCOM', 3, '840.00 руб / шт', 'ZHBL - Набор сменных сопел WAlLCOM GENESI CARBONIO 360 GEO (Минск)', 'Наборы сменных сопел для краскопульта WAlLCOM GENESI CARBONIO 360 GEO в Минске. +375 (29) 741-52-43', ''),
(12, 4, '1.0019', 10, 'base_9700', 'Набор сменных сопел<br/> GENESI CARBONIO 360 HTE BASE 9700**', 'В набор входит: Распыляющая головка, сопло, игла-пружина', 'WALCOM', 3, '530.00 руб / шт', 'ZHBL - Набор сменных сопел WAlLCOM GENESI CARBONIO 360 HTE BASE (Минск)', 'Наборы сменных сопел для краскопульта WAlLCOM GENESI CARBONIO 360 HTE BASE в Минске. +375 (29) 741-52-41', ''),
(13, 3, '1.0026', 10, 'clear_9600', 'Набор сменных сопел<br/> GENESI CARBONIO 360 HTE CLEAR 9600**', 'В набор входит: Распыляющая головка, сопло, игла-пружина', 'WALCOM', 3, '530.00 руб / шт', 'ZHBL - Набор сменных сопел WAlLCOM GENESI CARBONIO 360 HTE CLEAR (Минск)', 'Наборы сменных сопел для краскопульта WAlLCOM GENESI CARBONIO 360 HTE CLEAR в Минске. +375 (29) 741-52-40', ''),
(14, 5, '1.0032', 10, 'hvlp_9800', 'Набор сменных сопел<br/> GENESI CARBONIO 360 HVLP 9800**', 'В набор входит: Распыляющая головка, сопло, игла-пружина', 'WALCOM', 3, '570.00 руб / шт', 'ZHBL - Набор сменных сопел WAlLCOM GENESI CARBONIO 360 HVLP (Минск)', 'Наборы сменных сопел для краскопульта WAlLCOM GENESI CARBONIO 360 HVLP в Минске. +375 (29) 741-52-42', ''),
(15, 1, '1.0039', 10, 'ego_hte_7000', 'Набор сменных сопел<br/> EGO CARBONIO HTE 7000**', 'В набор входит: Распыляющая головка, сопло, игла-пружина', 'WALCOM', 3, '250.00 руб / шт', 'ZHBL - Набор сменных сопел WAlLCOM EGO CARBONIO HTE (Минск)', 'Наборы сменных сопел для краскопульта WAlLCOM EGO CARBONIO HTE в Минске. +375 (29) 741-52-38', ''),
(16, 2, '1.0044', 10, 'ego_hvlp_7100', 'Набор сменных сопел<br/> EGO CARBONIO HVLP 7100**', 'В набор входит: Распыляющая головка, сопло, игла-пружина', 'WALCOM', 3, '250.00 руб / шт', 'ZHBL - Набор сменных сопел WAlLCOM EGO CARBONIO HVLP (Минск)', 'Наборы сменных сопел для краскопульта WAlLCOM EGO CARBONIO HVLP в Минске. +375 (29) 741-52-39', ''),

(17, 1, '1.0049', 11, 'ego_hte_4100', 'Набор сменных сопел<br/> EGO HTE 4100**', 'В набор входит: Распыляющая головка, сопло, игла-пружина', 'WALCOM', 3, '165.00 руб / шт', 'ZHBL - Набор сменных сопел  WAlLCOM EGO HTE (Минск)', 'Наборы сменных сопел для краскопульта WAlLCOM EGO HTE в Минске. +375 (29) 741-52-33', ''),
(18, 2, '1.0054', 11, 'ego_hvlp_4137', 'Набор сменных сопел<br/> EGO HVLP 4137*', 'В набор входит: Распыляющая головка, сопло, игла-пружина', 'WALCOM', 3, '195.00 руб / шт', 'ZHBL - Набор сменных сопел WAlLCOM EGO HVLP (Минск)', 'Наборы сменных сопел для краскопульта WAlLCOM EGO HVLP в Минске. +375 (29) 741-52-34', ''),

(19, 3, '1.0059', 12, 'genesi_geo_9360', 'Набор сменных сопел<br/> GENESI GEO 9360**', 'В набор входит: Распыляющая головка, сопло, игла-пружина', 'WALCOM', 3, '685.00 руб / шт', 'ZHBL - Набор сменных сопел WAlLCOM GENESI GEO (Минск)', 'Наборы сменных сопел для краскопульта WAlLCOM GENESI TOP LINE GEO в Минске. +375 (29) 741-52-37', ''),
(20, 1, '1.0064', 12, 'genesi_hte_9560', 'Набор сменных сопел<br/> GENESI HTE 9560**', 'В набор входит: Распыляющая головка, сопло, игла-пружина', 'WALCOM', 3, '410.00 руб / шт', 'ZHBL - Набор сменных сопел WAlLCOM GENESI HTE (Минск)', 'Наборы сменных сопел для краскопульта WAlLCOM GENESI TOP LINE HTE в Минске. +375 (29) 741-52-35', ''),
(21, 2, '1.0070', 12, 'genesi_hvlp_9460', 'Набор сменных сопел<br/> GENESI HVLP 9460**', 'В набор входит: Распыляющая головка, сопло, игла-пружина', 'WALCOM', 3, '445.00 руб / шт', 'ZHBL - Набор сменных сопел WAlLCOM GENESI HVLP (Минск)', 'Наборы сменных сопел для краскопульта WAlLCOM GENESI TOP LINE HVLP в Минске. +375 (29) 741-52-36', ''),

(22, 1, '1.0076', 13, 'kombat_hte_8000', 'Набор сменных сопел<br/> SLIM KOMBAT HTE 8000**', 'В набор входит: Распыляющая головка, сопло, игла-пружина', 'WALCOM', 3, '225.00 руб / шт', 'ZHBL - Набор сменных сопел WAlLCOM SLIM KOMBAT HTE (Минск)', 'Наборы сменных сопел для краскопульта WAlLCOM SLIM KOMBAT HTE в Минске. +375 (29) 741-52-28', ''),
(23, 2, '1.0085', 13, 'kombat_hvlp_8100', 'Набор сменных сопел<br/> SLIM KOMBAT HVLP 8100**', 'В набор входит: Распыляющая головка, сопло, игла-пружина', 'WALCOM', 3, '230.00 руб / шт', 'ZHBL - Набор сменных сопел WAlLCOM SLIM KOMBAT HVLP (Минск)', 'Наборы сменных сопел для краскопульта WAlLCOM SLIM KOMBAT HVLP в Минске. +375 (29) 741-52-29', ''),

(24, 1, '1.0093', 14, 'slim_hte_11352', 'Набор сменных сопел<br/> SLIM HTE 11352**', 'В набор входит: Распыляющая головка, сопло, игла-пружина', 'WALCOM', 3, '210.00 руб / шт', 'ZHBL - Набор сменных сопел WAlLCOM SLIM HTE (Минск)', 'Наборы сменных сопел для краскопульта WAlLCOM SLIM HTE в Минске. +375 (29) 741-52-30', ''),
(25, 2, '1.0101', 14, 'slim_hvlp_11350', 'Набор сменных сопел<br/> SLIM HVLP 11350**', 'В набор входит: Распыляющая головка, сопло, игла-пружина', 'WALCOM', 3, '225.00 руб / шт', 'ZHBL - Набор сменных сопел WAlLCOM SLIM HVLP (Минск)', 'Наборы сменных сопел для краскопульта WAlLCOM SLIM HVLP в Минске. +375 (29) 741-52-31', ''),

(26, 1, '1.0106', 15, 'xlight_hte_8200', 'Набор сменных сопел<br/> SLIM XLIGHT HTE 8200**', 'В набор входит: Распыляющая головка, сопло, игла-пружина', 'WALCOM', 3, '205.00 руб / шт', 'ZHBL - Набор сменных сопел WAlLCOM SLIM XLIGHT HTE (Минск)', 'Наборы сменных сопел для краскопульта WAlLCOM SLIM XLIGHT HTE в Минске. +375 (29) 741-52-26', ''),
(27, 2, '1.0114', 15, 'xlight_hvlp_8300', 'Набор сменных сопел<br/> SLIM XLIGHT HVLP 8300**', 'В набор входит: Распыляющая головка, сопло, игла-пружина', 'WALCOM', 3, '225.00 руб / шт', 'ZHBL - Набор сменных сопел WAlLCOM SLIM XLIGHT HVLP (Минск)', 'Наборы сменных сопел для краскопульта WAlLCOM SLIM XLIGHT HVLP в Минске. +375 (29) 741-52-27', ''),

(121, 1, '1.0121', 16, 'c_24_J1047b', 'Компрессор поршневой<br/> СБ4/C-24.J1047B', '', 'REMEZA', 1, '726.00 руб / шт', '', '', ''),
(122, 2, '1.0122', 16, 'c_24_J1048b', 'Компрессор поршневой<br/> СБ4/C-24.J1048B', '', 'REMEZA', 1, '783.00 руб / шт', '', '', ''),
(123, 3, '1.0123', 16, 'c_50_J1047b', 'Компрессор поршневой<br/> СБ4/C-50.J1047B', '', 'REMEZA', 1, '825.00 руб / шт', '', '', ''),
(124, 4, '1.0124', 16, 'c_50_J1048b', 'Компрессор поршневой<br/> СБ4/C-50.J1048B', '', 'REMEZA', 1, '864.00 руб / шт', '', '', ''),
(125, 5, '1.0125', 16, 'c_50_J2047b', 'Компрессор поршневой<br/> СБ4/C-50.J2047B', '', 'REMEZA', 1, '1089.00 руб / шт', '', '', ''),
(126, 6, '1.0126', 16, 'c_100_J2047b', 'Компрессор поршневой<br/> СБ4/C-100.J2047B', '', 'REMEZA', 1, '1155.00 руб / шт', '', '', ''),

(127, 1, '1.0127', 17, 'c_50_LB24a', 'Компрессор поршневой<br/> СБ4/C-50.LB24A', '', 'REMEZA', 1, '1374.00 руб / шт', '', '', ''),
(128, 2, '1.0128', 17, 'c_50_LB24', 'Компрессор поршневой<br/> СБ4/C-50.LB24', '', 'REMEZA', 1, '1467.00 руб / шт', '', '', ''),
(129, 3, '1.0129', 17, 'c_100_LB24a', 'Компрессор поршневой<br/> СБ4/C-100.LB24A', '', 'REMEZA', 1, '1461.00 руб / шт', '', '', ''),
(130, 4, '1.0130', 17, 'c_100_LB24', 'Компрессор поршневой<br/> СБ4/C-100.LB24', '', 'REMEZA', 1, '1557.00 руб / шт', '', '', ''),
(131, 5, '1.0131', 17, 'c_50_LB30a', 'Компрессор поршневой<br/> СБ4/C-50.LB30A', '', 'REMEZA', 1, '1446.00 руб / шт', '', '', ''),
(132, 6, '1.0132', 17, 'c_50_LB30', 'Компрессор поршневой<br/> СБ4/C-50.LB30', '', 'REMEZA', 1, '1542.00 руб / шт', '', '', ''),
(133, 7, '1.0133', 17, 'c_100_LB30a', 'Компрессор поршневой<br/> СБ4/C-100.LB30A', '', 'REMEZA', 1, '1563.00 руб / шт', '', '', ''),
(134, 8, '1.0134', 17, 'c_100_LB30', 'Компрессор поршневой<br/> СБ4/C-100.LB30', '', 'REMEZA', 1, '1707.00 руб / шт', '', '', ''),
(135, 9, '1.0135', 17, 'c_200_LB30a', 'Компрессор поршневой<br/> СБ4/С-200.LB30А', '', 'REMEZA', 1, '2127.00 руб / шт', '', '', ''),
(136, 10, '1.0136', 17, 'c_200_LB30', 'Компрессор поршневой<br/> СБ4/С-200.LB30', '', 'REMEZA', 1, '2223.00 руб / шт', '', '', ''),
(137, 11, '1.0137', 17, 'c_100_LB40', 'Компрессор поршневой<br/> СБ4/C-100.LB40', '', 'REMEZA', 1, '1980.00 руб / шт', '', '', ''),
(138, 12, '1.0138', 17, 'c_200_LB40', 'Компрессор поршневой<br/> СБ4/С-200.LB40', '', 'REMEZA', 1, '2394.00 руб / шт', '', '', ''),
(139, 13, '1.0139', 17, 'c_100_LB50', 'Компрессор поршневой<br/> СБ4/C-100.LB50', '', 'REMEZA', 1, '2559.00 руб / шт', '', '', ''),
(140, 14, '1.0140', 17, 'f_270_LB50', 'Компрессор поршневой<br/> СБ4/Ф-270.LB50', '', 'REMEZA', 1, '3126.00 руб / шт', '', '', ''),
(141, 15, '1.0141', 17, 'c_100_LB75', 'Компрессор поршневой<br/> СБ4/С-100.LB75', '', 'REMEZA', 1, '2970.00 руб / шт', '', '', ''),
(142, 16, '1.0142', 17, 'f_270_LB75', 'Компрессор поршневой<br/> СБ4/Ф-270.LB75', '', 'REMEZA', 1, '3549.00 руб / шт', '', '', ''),
(143, 17, '1.0143', 17, 'f_500_LB75', 'Компрессор поршневой<br/> СБ4/Ф-500.LB75', '', 'REMEZA', 1, '3795.00 руб / шт', '', '', ''),
(144, 18, '1.0144', 17, 'f_500_LT100', 'Компрессор поршневой<br/> СБ4/Ф-500.LT100', '', 'REMEZA', 1, '5361.00 руб / шт', '', '', ''),
(145, 19, '1.0145', 17, 'f_500_LT100-11,0', 'Компрессор поршневой<br/> СБ4/Ф-500.LT100-11,0', '', 'REMEZA', 1, '7209.00 руб / шт', '', '', ''),

(146, 1, '1.0146', 18, 'carbonio_ego_hte', 'Краскораспылитель<br/> WALCOM EGO CARBONIO HTE 7030**', '', 'WALCOM', 3, '920.00 руб / шт', 'ZHBL - Краскораспылитель EGO CARBONIO HTE (Минск)', 'Продажа краскораспылителей WALCOM EGO CARBONIO HTE с регулятором давления в Минске. Всего за 920.00 руб. +375 (29) 741-52-26', 'walcom ego, walcom ego hte, краскопульт для автомобиля, краскопульт для покраски автомобиля, краскопульт hte, краскопульт, краскораспылитель, пулик, walcom, ego, ego hte, краскопульт купить, краскопульт hte купить, ego карбоновый, краскопульт карбоновый'),
(147, 2, '1.0147', 18, 'carbonio_ego_hvlp', 'Краскораспылитель<br/> WALCOM EGO CARBONIO HVLP 7130**', '', 'WALCOM', 3, '930.00 руб / шт', 'ZHBL - Краскораспылитель EGO CARBONIO HVLP (Минск)', 'Продажа краскораспылителей WALCOM EGO CARBONIO HVLP с регулятором давления в Минске. Всего за 930.00 руб. +375 (29) 741-52-26', 'walcom ego, walcom ego hvlp, краскопульт для автомобиля, краскопульт для покраски автомобиля, краскопульт hvlp, краскопульт, краскораспылитель, пулик, walcom, ego, ego hvlp, краскопульт купить, краскопульт hvlp купить, ego карбоновый, краскопульт карбоновый'),
(148, 6, '1.0148', 18, 'carbonio_hte_clear_sr', 'Краскораспылитель<br/> WALCOM GENESI CARBONIO 360 LIGHT HTE CLEAR SR 9620**', '', 'WALCOM', 3, '1430.00 руб / шт', 'ZHBL - Краскораспылитель GENESI CARBONIO 360 LIGHT HTE CLEAR SR (Минск)', 'Продажа краскораспылителей WALCOM GENESI CARBONIO 360 LIGHT HTE CLEAR SRбез регулятора давления в Минске. Всего за 1430.00 руб. +375 (29) 741-52-26', 'walcom genesi, walcom hte, краскопульт для автомобиля, краскопульт для покраски автомобиля, краскопульт hte, краскопульт, краскораспылитель, пулик, walcom, genesi, genesi hte, краскопульт купить, краскопульт hte купить, genesi карбоновый, краскопульт карбоновый'),
(149, 3, '1.0149', 18, 'carbonio_hte_base_sr', 'Краскораспылитель<br/> WALCOM GENESI CARBONIO 360 LIGHT HTE BASE SR 9720**', '', 'WALCOM', 3, '1330.00 руб / шт', 'ZHBL - Краскораспылитель GENESI CARBONIO 360 LIGHT HTE BASE SR (Минск)', 'Продажа краскораспылителей WALCOM GENESI CARBONIO 360 LIGHT HTE BASE SR без регулятора давления в Минске. Всего за 1330.00 руб. +375 (29) 741-52-26', 'walcom genesi, walcom hte, краскопульт для автомобиля, краскопульт для покраски автомобиля, краскопульт hte, краскопульт, краскораспылитель, пулик, walcom, genesi, genesi hte, краскопульт купить, краскопульт hte купить, genesi карбоновый, краскопульт карбоновый'),
(150, 8, '1.0150', 18, 'carbonio_hvlp_sr', 'Краскораспылитель<br/> WALCOM GENESI CARBONIO 360 LIGHT HVLP SR 9820**', '', 'WALCOM', 3, '1490.00 руб / шт', 'ZHBL - Краскораспылитель GENESI CARBONIO 360 LIGHT HVLP SR (Минск)', 'Продажа краскопультов Walcom GENESI CARBONIO 360 LIGHT HVLP SR без регулятора давления в Минске. Всего за 1490.00 руб. +375 (29) 741-52-26', 'walcom genesi, walcom hvlp, краскопульт для автомобиля, краскопульт для покраски автомобиля, краскопульт hvlp, краскопульт, краскораспылитель, пулик, walcom, genesi, genesi hvlp, краскопульт купить, краскопульт hvlp купить, genesi карбоновый, краскопульт карбоновый'),
(151, 7, '1.0151', 18, 'carbonio_hte_clear', 'Краскораспылитель<br/> WALCOM GENESI CARBONIO 360 LIGHT HTE CLEAR 9630**', '', 'WALCOM', 3, '1700.00 руб / шт', 'ZHBL - Краскораспылитель GENESI CARBONIO 360 LIGHT HTE CLEAR (Минск)', 'Продажа краскораспылителей WALCOM GENESI CARBONIO 360 LIGHT HTE CLEAR с регулятором давления в Минске. Всего за 1700.00 руб. +375 (29) 741-52-26', 'walcom genesi, walcom hte, краскопульт для автомобиля, краскопульт для покраски автомобиля, краскопульт hte, краскопульт, краскораспылитель, пулик, walcom, genesi, genesi hte, краскопульт купить, краскопульт hte купить, genesi карбоновый, краскопульт карбоновый'),
(152, 4, '1.0152', 18, 'carbonio_hte_base', 'Краскораспылитель<br/> WALCOM GENESI CARBONIO 360 LIGHT HTE BASE 9730**', '', 'WALCOM', 3, '1700.00 руб / шт', 'ZHBL - Краскораспылитель GENESI CARBONIO 360 LIGHT HTE BASE (Минск)', 'Продажа краскораспылителей WALCOM GENESI CARBONIO 360 LIGHT HTE BASE с регулятором давления в Минске. Всего за 1700.00 руб. +375 (29) 741-52-26', 'walcom genesi, walcom hte, краскопульт для автомобиля, краскопульт для покраски автомобиля, краскопульт hte, краскопульт, краскораспылитель, пулик, walcom, genesi, genesi hte, краскопульт купить, краскопульт hte купить, genesi карбоновый, краскопульт карбоновый'),
(153, 9, '1.0153', 18, 'carbonio_hvlp', 'Краскораспылитель<br/> WALCOM GENESI CARBONIO 360 LIGHT HVLP 9830**', '', 'WALCOM', 3, '1760.00 руб / шт', 'ZHBL - Краскораспылитель GENESI CARBONIO 360 LIGHT HVLP (Минск)', 'Продажа краскопультов Walcom GENESI CARBONIO 360 LIGHT HVLP с регулятором давления в Минске. Всего за 1760.00 руб. +375 (29) 741-52-26', 'walcom genesi, walcom hvlp, краскопульт для автомобиля, краскопульт для покраски автомобиля, краскопульт hvlp, краскопульт, краскораспылитель, пулик, walcom, genesi, genesi hvlp, краскопульт купить, краскопульт hvlp купить, genesi карбоновый, краскопульт карбоновый'),
(154, 5, '1.0154', 18, 'carbonio_hte_base_beauti', 'Краскораспылитель<br/> WALCOM GENESI CARBONIO 360 LIGHT HTE BASE ITALIAN BEAUTY 9730**/IB', '', 'WALCOM', 3, '1660.00 руб / шт', 'ZHBL - Краскораспылитель GENESI CARBONIO 360 LIGHT HTE BASE ITALIAN BEAUTY (Минск)', 'Продажа краскораспылителей WALCOM GENESI CARBONIO 360 LIGHT HTE BASE ITALIAN BEAUTY с регулятором давления в Минске. Всего за 1660.00 руб. +375 (29) 741-52-26', 'walcom genesi, walcom hte, краскопульт для автомобиля, краскопульт для покраски автомобиля, краскопульт hte, краскопульт, краскораспылитель, пулик, walcom, genesi, genesi hte, краскопульт купить, краскопульт hte купить, genesi карбоновый, краскопульт карбоновый'),
(155, 10, '1.0155', 18, 'carbonio_geo_sr', 'Краскораспылитель<br/> WALCOM GENESI CARBONIO 360 LIGHT GEO SR 9920**', '', 'WALCOM', 3, '1670.00 руб / шт', 'ZHBL - Краскораспылитель GENESI CARBONIO 360 LIGHT GEO SR (Минск)', 'Продажа краскопультов Walcom GENESI CARBONIO 360 LIGHT GEO SR без регулятора давления в Минске. Всего за 1670.00 руб. +375 (29) 741-52-26', 'walcom genesi, walcom geo, краскопульт для автомобиля, краскопульт для покраски автомобиля, краскопульт geo, краскопульт, краскораспылитель, пулик, walcom, genesi, genesi geo, краскопульт купить, genesi карбоновый, краскопульт карбоновый'),
(156, 11, '1.0156', 18, 'carbonio_geo', 'Краскораспылитель<br/> WALCOM GENESI CARBONIO 360 LIGHT GEO  9930**', '', 'WALCOM', 3, '2060.00 руб / шт', 'ZHBL - Краскораспылитель GENESI CARBONIO 360 LIGHT GEO (Минск)', 'Продажа краскопультов Walcom GENESI CARBONIO 360 LIGHT GEO с регулятором давления в Минске. Всего за 2060.00 руб. +375 (29) 741-52-26', 'walcom genesi, walcom geo, краскопульт для автомобиля, краскопульт для покраски автомобиля, краскопульт geo, краскопульт, краскораспылитель, пулик, walcom, genesi, genesi geo, краскопульт купить, genesi карбоновый, краскопульт карбоновый'),

(157, 1, '1.0157', 19, 'ego_hvlp', 'Краскораспылитель<br/> WALCOM EGO HVLP 10023**', '', 'WALCOM', 3, '640.00 руб / шт', 'ZHBL - Краскораспылитель EGO HVLP (Минск)', 'Продажа краскораспылителей WALCOM EGO HVLP с регулятором давления в Минске. Всего за 640.00 руб. +375 (29) 741-52-26', 'walcom ego, walcom ego hvlp, краскопульт для автомобиля, краскопульт для покраски автомобиля, краскопульт hvlp, краскопульт, краскораспылитель, пулик, walcom, ego, ego hvlp, краскопульт купить, краскопульт hvlp купить'),
-- (158, '1.0158', 19, 'test158', 'Краскораспылитель<br/> WALCOM EGO HTE 10090**', '', 'WALCOM', 3, '600 руб / шт'),

(159, 1, '1.0159', 20, 'genesi_hte', 'Краскораспылитель<br/> WALCOM GENESI TOP LINE S HTE 9535**', '', 'WALCOM', 3, '1200.00 руб / шт', 'ZHBL - Краскораспылитель GENESI HTE (Минск)', 'Продажа краскораспылителей WALCOM GENESI HTE с верхним бачком в Минске. Всего за 1200.00 руб. +375 (29) 741-52-26', 'walcom genesi, walcom hte, краскопульт для автомобиля, краскопульт для покраски автомобиля, краскопульт hte, краскопульт, краскораспылитель, пулик, walcom, genesi, genesi hte, краскопульт купить, краскопульт hte купить'),
(160, 2, '1.0160', 20, 'genesi_sp_hte', 'Краскораспылитель<br/> WALCOM GENESI TOP LINE SP HTE 9550**', '', 'WALCOM', 3, '1240.00 руб / шт', 'ZHBL - Краскораспылитель GENESI SP HTE (Минск)', 'Продажа краскораспылителей WALCOM GENESI SP HTE под красконагнетательный бак в Минске. Всего за 1240.00 руб. +375 (29) 741-52-26', 'walcom genesi, walcom hte, краскопульт для автомобиля, краскопульт для покраски автомобиля, краскопульт hte, краскопульт, краскораспылитель, пулик, walcom, genesi, genesi hte, краскопульт купить, краскопульт hte купить'),
(161, 3, '1.0161', 20, 'genesi_i_hte', 'Краскораспылитель<br/> WALCOM GENESI TOP LINE I HTE 9540**', '', 'WALCOM', 3, '1450.00 руб / шт', 'ZHBL - Краскораспылитель GENESI I HTE (Минск)', 'Продажа краскораспылителей WALCOM GENESI I HTE с нижним бачком в Минске. Всего за 1450.00 руб. +375 (29) 741-52-26', 'walcom genesi, walcom hte, краскопульт для автомобиля, краскопульт для покраски автомобиля, краскопульт hte, краскопульт, краскораспылитель, пулик, walcom, genesi, genesi hte, краскопульт купить, краскопульт hte купить'),
(162, 4, '1.0162', 20, 'genesi_hvlp', 'Краскораспылитель<br/> WALCOM GENESI S HVLP 9430**', '', 'WALCOM', 3, '1300.00 руб / шт', 'ZHBL - Краскораспылитель GENESI HVLP (Минск)', 'Продажа краскопультов Walcom Genesi HVLP с верхним бачком в Минске. Всего за 1300.00 руб. +375 (29) 741-52-26', 'walcom genesi, walcom hvlp, краскопульт для автомобиля, краскопульт для покраски автомобиля, краскопульт hvlp, краскопульт, краскораспылитель, пулик, walcom, genesi, genesi hvlp, краскопульт купить, краскопульт hvlp купить'),
(163, 5, '1.0163', 20, 'genesi_sp_hvlp', 'Краскораспылитель<br/> WALCOM GENESI SP HVLP 9450**', '', 'WALCOM', 3, '1300.00 руб / шт', 'ZHBL - Краскораспылитель GENESI SP HVLP (Минск)', 'Продажа краскопультов Walcom Genesi SP HVLP  под красконагнетательный бак в Минске. Всего за 1300.00 руб. +375 (29) 741-52-26', 'walcom genesi, walcom hvlp, краскопульт для автомобиля, краскопульт для покраски автомобиля, краскопульт hvlp, краскопульт, краскораспылитель, пулик, walcom, genesi, genesi hvlp, краскопульт купить, краскопульт hvlp купить'),
(164, 6, '1.0164', 20, 'genesi_i_hvlp', 'Краскораспылитель<br/> WALCOM GENESI I HVLP 9440**', '', 'WALCOM', 3, '1400.00 руб / шт', 'ZHBL - Краскораспылитель GENESI I HVLP (Минск)', 'Продажа краскопультов Walcom Genesi I HVLP с нижним бачком в Минске. Всего за 1400.00 руб. +375 (29) 741-52-26', 'walcom genesi, walcom hvlp, краскопульт для автомобиля, краскопульт для покраски автомобиля, краскопульт hvlp, краскопульт, краскораспылитель, пулик, walcom, genesi, genesi hvlp, краскопульт купить, краскопульт hvlp купить'),
(165, 7, '1.0165', 20, 'genesi_geo', 'Краскораспылитель<br/> WALCOM GENESI TOP LINE S GEO 9330**', '', 'WALCOM', 3, '1550.00 руб / шт', 'ZHBL - Краскораспылитель GENESI GEO (Минск)', 'Продажа краскопультов Walcom Genesi Geo с верхним бачком в Минске. Всего за 1550.00 руб. +375 (29) 741-52-26', 'walcom genesi, walcom geo, краскопульт для автомобиля, краскопульт для покраски автомобиля, краскопульт hvlp, краскопульт, краскораспылитель, пулик, walcom, genesi, genesi geo, краскопульт купить'),
(166, 8, '1.0166', 20, 'genesi_sp_geo', 'Краскораспылитель<br/> WALCOM GENESI TOP LINE SP GEO 9350**', '', 'WALCOM', 3, '1550.00 руб / шт', 'ZHBL - Краскораспылитель GENESI SP GEO (Минск)', 'Продажа краскопультов Walcom SP Genesi Geo под красконагнетательный бак в Минске. Всего за 1500.00 руб. +375 (29) 741-52-26', 'walcom genesi, walcom geo, краскопульт для автомобиля, краскопульт для покраски автомобиля, краскопульт geo, краскопульт, краскораспылитель, пулик, walcom, genesi, genesi geo, краскопульт купить'),
(167, 9, '1.0167', 20, 'genesi_i_geo', 'Краскораспылитель<br/> WALCOM GENESI TOP LINE I GEO 9340**', '', 'WALCOM', 3, '1740.00 руб / шт', 'ZHBL - Краскораспылитель GENESI I GEO (Минск)', 'Продажа краскопультов Walcom Genesi I Geo с нижним бачком в Минске. Всего за 1500.00 руб. +375 (29) 741-52-26', 'walcom genesi, walcom geo, краскопульт для автомобиля, краскопульт для покраски автомобиля, краскопульт geo, краскопульт, краскораспылитель, пулик, walcom, genesi, genesi geo, краскопульт купить'),

(168, 1, '1.0168', 21, 'kombat_hte_sr', 'Краскораспылитель<br/> WALCOM SLIM KOMBAT HTE SR 8020**', '', 'WALCOM', 3, '520.00 руб / шт', 'ZHBL - Краскораспылитель KOMBAT HTE SR (Минск)', 'Продажа краскопультов Walcom SLIM KOMBAT HTE SR без регулятора давления в Минске. Всего за 520.00 руб. +375 (29) 741-52-26', 'walcom kombat hte, walcom hte sr, краскопульт для автомобиля, краскопульт для покраски автомобиля, краскопульт hte, краскопульт, краскораспылитель, пулик, walcom, kombat, slim kombat hte, краскопульт купить, краскопульт hte купить, kombat hte купить'),
(169, 2, '1.0169', 21, 'kombat_hte', 'Краскораспылитель<br/> WALCOM SLIM KOMBAT HTE 8030**', '', 'WALCOM', 3, '570.00 руб / шт', 'ZHBL - Краскораспылитель KOMBAT HTE (Минск)', 'Продажа краскопультов Walcom SLIM KOMBAT HTE с регулятором давления в Минске. Всего за 570.00 руб. +375 (29) 741-52-26', 'walcom kombat hte, walcom, краскопульт для автомобиля, краскопульт для покраски автомобиля, краскопульт hte, краскопульт, краскораспылитель, пулик, walcom, kombat, slim kombat hte, краскопульт купить, краскопульт hte купить, kombat hte купить'),
(170, 3, '1.0170', 21, 'kombat_hte_killer', 'Краскораспылитель<br/> WALCOM SLIM KOMBAT HTE KILLER 8030**K', '', 'WALCOM', 3, '630.00 руб / шт', 'ZHBL - Краскораспылитель KOMBAT HTE KILLER (Минск)', 'Продажа краскопультов Walcom SLIM KOMBAT HTE KILLER с регулятором давления в Минске. Всего за 630.00 руб. +375 (29) 741-52-26', 'walcom kombat hte, walcom, краскопульт для автомобиля, краскопульт для покраски автомобиля, краскопульт hte, краскопульт, краскораспылитель, пулик, walcom, kombat, slim kombat hte, краскопульт купить, краскопульт hte купить, kombat hte купить, killer, kombat killer, kombat hte killer'),
(171, 4, '1.0171', 21, 'kombat_hvlp', 'Краскораспылитель<br/> WALCOM SLIM KOMBAT HVLP 8130**', '', 'WALCOM', 3, '795.00 руб / шт', 'ZHBL - Краскораспылитель KOMBAT HVLP (Минск)', 'Продажа краскопультов Walcom SLIM KOMBAT HVLP с регулятором давления в Минске. Всего за 795.00 руб. +375 (29) 741-52-26', 'walcom kombat hvlp, walcom, краскопульт для автомобиля, краскопульт для покраски автомобиля, краскопульт hvlp, краскопульт, краскораспылитель, пулик, walcom, kombat, slim kombat hvlp, краскопульт купить, краскопульт hvlp купить, kombat hvlp купить'),
(172, 5, '1.0172', 21, 'kombat_hvlp_killer', 'Краскораспылитель<br/> WALCOM SLIM KOMBAT HVLP 8130**K', '', 'WALCOM', 3, '795.00 руб / шт', 'ZHBL - Краскораспылитель KOMBAT HVLP KILLER (Минск)', 'Продажа краскопультов Walcom SLIM KOMBAT HVLP KILLER с регулятором давления в Минске. Всего за 795.00 руб. +375 (29) 741-52-26', 'walcom kombat hvlp, walcom, краскопульт для автомобиля, краскопульт для покраски автомобиля, краскопульт hvlp, краскопульт, краскораспылитель, пулик, walcom, kombat, slim kombat hvlp, краскопульт купить, краскопульт hvlp купить, kombat hvlp купить, killer, kombat killer, kombat hvlp killer'),

(173, 1, '1.0173', 22, 'slim_s_hte_sr', 'Краскораспылитель<br/> WALCOM SLIM S HTE SR 10083**', '', 'WALCOM', 3, '490.00 руб / шт', 'ZHBL - Краскораспылитель SLIM HTE SR (Минск)', 'Продажа краскораспылителей WALCOM SLIM HTE SR без  регулятора давления в Минске. Всего за 490.00 руб. +375 (29) 741-52-26', 'walcom slim, walcom hte, краскопульт для автомобиля, краскопульт для покраски автомобиля, краскопульт hte, краскопульт, краскораспылитель, пулик, walcom, slim, slim hte, краскопульт купить, краскопульт hte купить'),
(174, 2, '1.0174', 22, 'slim_s_hte', 'Краскораспылитель<br/> WALCOM SLIM S HTE 10068**', '', 'WALCOM', 3, '550.00 руб / шт', 'ZHBL - Краскораспылитель SLIM HTE (Минск)', 'Продажа краскораспылителей WALCOM SLIM HTE с регулятором давления в Минске. Всего за 550.00 руб. +375 (29) 741-52-26', 'walcom slim, walcom hte, краскопульт для автомобиля, краскопульт для покраски автомобиля, краскопульт hte, краскопульт, краскораспылитель, пулик, walcom, slim, slim hte, краскопульт купить, краскопульт hte купить'),
(175, 8, '1.0175', 22, 'slim_s_hvlp', 'Краскораспылитель<br/> WALCOM SLIM S HVLP 10060**', '', 'WALCOM', 3, '660.00 руб / шт', 'ZHBL - Краскораспылитель SLIM HVLP (Минск)', 'Продажа краскораспылителей WALCOM SLIM HVLP с регулятором давления в Минске. Всего за 660.00 руб. +375 (29) 741-52-26', 'walcom slim, walcom hvlp, краскопульт для автомобиля, краскопульт для покраски автомобиля, краскопульт hvlp, краскопульт, краскораспылитель, пулик, walcom, slim, slim hvlp, краскопульт купить, краскопульт hvlp купить'),
(176, 3, '1.0176', 22, 'slim_sp_hte_sr', 'Краскораспылитель<br/> WALCOM SLIM SP HTE SR 10089**', '', 'WALCOM', 3, '520.00 руб / шт', 'ZHBL - Краскораспылитель SLIM SP HTE SR (Минск)', 'Продажа краскораспылителей WALCOM SLIM SP HTE SR  без регулятора давления под красконагнетательный бак в Минске. Всего за 520.00 руб. +375 (29) 741-52-26', 'walcom slim, walcom hte, краскопульт для автомобиля, краскопульт для покраски автомобиля, краскопульт hte, краскопульт, краскораспылитель, пулик, walcom, slim, slim hte, краскопульт купить, краскопульт hte купить'),
(177, 4, '1.0177', 22, 'slim_sp_hte', 'Краскораспылитель<br/> WALCOM SLIM SP HTE 10078**', '', 'WALCOM', 3, '580.00 руб / шт', 'ZHBL - Краскораспылитель SLIM SP HTE (Минск)', 'Продажа краскораспылителей WALCOM SLIM SP HTE с регулятором давления под красконагнетательный бак в Минске. Всего за 580.00 руб. +375 (29) 741-52-26', 'walcom slim, walcom hte, краскопульт для автомобиля, краскопульт для покраски автомобиля, краскопульт hte, краскопульт, краскораспылитель, пулик, walcom, slim, slim hte, краскопульт купить, краскопульт hte купить'),
(178, 5, '1.0178', 22, 'slim_i_hte_sr', 'Краскораспылитель<br/> WALCOM SLIM I HTE SR 10088**', '', 'WALCOM', 3, '610.00 руб / шт', 'ZHBL - Краскораспылитель SLIM I HTE SR (Минск)', 'Продажа краскораспылителей WALCOM SLIM I HTE SR без регулятора давления с нижним бачком в Минске. Всего за 610.00 руб. +375 (29) 741-52-26', 'walcom slim, walcom hte, краскопульт для автомобиля, краскопульт для покраски автомобиля, краскопульт hte, краскопульт, краскораспылитель, пулик, walcom, slim, slim hte, краскопульт купить, краскопульт hte купить'),
(179, 6, '1.0179', 22, 'slim_i_hte', 'Краскораспылитель<br/> WALCOM SLIM I HTE 10077**', '', 'WALCOM', 3, '690.00 руб / шт', 'ZHBL - Краскораспылитель SLIM I HTE (Минск)', 'Продажа краскораспылителей WALCOM SLIM I HTE с регулятором давления и нижним бачком в Минске. Всего за 690.00 руб. +375 (29) 741-52-26', 'walcom slim, walcom hte, краскопульт для автомобиля, краскопульт для покраски автомобиля, краскопульт hte, краскопульт, краскораспылитель, пулик, walcom, slim, slim hte, краскопульт купить, краскопульт hte купить'),
(180, 7, '1.0180', 22, 'slim_hte_hd', 'Краскораспылитель<br/> WALCOM SLIM HTE HD 10080**', '', 'WALCOM', 3, '1240.00 руб / шт', 'ZHBL - Краскораспылитель SLIM HTE HD (Минск)', 'Продажа краскораспылителей WALCOM SLIM HTE HD с регулятором давления для нанесения высоковязких ЛКМ в Минске. Всего за 1240.00 руб. +375 (29) 741-52-26', 'walcom slim, walcom hte, краскопульт для автомобиля, краскопульт для покраски автомобиля, краскопульт hte, краскопульт, краскораспылитель, пулик, walcom, slim, slim hte, краскопульт купить, краскопульт hte купить, slim hte hd, slim hd'),
(181, 9, '1.0181', 22, 'slim_sp_hvlp', 'Краскораспылитель<br/> WALCOM SLIM SP HVLP 10071**', '', 'WALCOM', 3, '640.00 руб / шт', 'ZHBL - Краскораспылитель SLIM SP HVLP (Минск)', 'Продажа краскораспылителей WALCOM SLIM SP HVLP с регулятором давления под красконагнетательный бак в Минске. Всего за 640.00 руб. +375 (29) 741-52-26', 'walcom slim, walcom hvlp, краскопульт для автомобиля, краскопульт для покраски автомобиля, краскопульт hvlp, краскопульт, краскораспылитель, пулик, walcom, slim, slim hvlp, краскопульт купить, краскопульт hvlp купить'),
(182, 10, '1.0182', 22, 'slim_i_hvlp', 'Краскораспылитель<br/> WALCOM SLIM I HVLP 10070**', '', 'WALCOM', 3, '710.00 руб / шт', 'ZHBL - Краскораспылитель SLIM I HVLP (Минск)', 'Продажа краскораспылителей WALCOM SLIM I HVLP с регулятором давления и нижним бачком в Минске. Всего за 710.00 руб. +375 (29) 741-52-26', 'walcom slim, walcom hvlp, краскопульт для автомобиля, краскопульт для покраски автомобиля, краскопульт hvlp, краскопульт, краскораспылитель, пулик, walcom, slim, slim hvlp, краскопульт купить, краскопульт hvlp купить'),

(183, 1, '1.0183', 23, 'xlight_hte_sr', 'Краскораспылитель<br/> WALCOM SLIM XLIGHT HTE SR 8220**', '', 'WALCOM', 3, '450.00 руб / шт', 'ZHBL - Краскораспылитель SLIM XLIGHT HTE SR (Минск)', 'Продажа краскопультов Walcom SLIM XLIGHT HTE SR без регулятора давления в Минске. Всего за 450.00 руб. +375 (29) 741-52-26', 'walcom xlight hte, walcom hte, краскопульт для автомобиля, краскопульт для покраски автомобиля, краскопульт hte, краскопульт, краскораспылитель, пулик, walcom, xlight, xlight hte, краскопульт купить, краскопульт hte купить, xlight hte купить, hte '),
(184, 2, '1.0184', 23, 'xlight_hte', 'Краскораспылитель<br/> WALCOM SLIM XLIGHT HTE 8230**', '', 'WALCOM', 3, '490.00 руб / шт', 'ZHBL - Краскораспылитель SLIM XLIGHT HTE (Минск)', 'Продажа краскопультов Walcom SLIM XLIGHT HTE с регулятором давления в Минске. Всего за 490.00 руб. +375 (29) 741-52-26', 'walcom xlight hte, walcom hte, краскопульт для автомобиля, краскопульт для покраски автомобиля, краскопульт hte, краскопульт, краскораспылитель, пулик, walcom, xlight, xlight hte, краскопульт купить, краскопульт hte купить, xlight hte купить, hte '),
(185, 7, '1.0185', 23, 'xlight_hvlp', 'Краскораспылитель<br/> WALCOM SLIM XLIGHT HVLP 8330**', '', 'WALCOM', 3, '510.00 руб / шт', 'ZHBL - Краскораспылитель SLIM XLIGHT HVLP (Минск)', 'Продажа краскопультов Walcom SLIM XLIGHT HVLP с регулятором давления в Минске. Всего за 510.00 руб. +375 (29) 741-52-26', 'walcom xlight hvlp, walcom hvlp, краскопульт для автомобиля, краскопульт для покраски автомобиля, краскопульт hte, краскопульт, краскораспылитель, пулик, walcom, xlight, xlight hvlp, краскопульт купить, краскопульт hvlp купить, xlight hvlp купить'),
(186, 3, '1.0186', 23, 'xlight_sp_hte_sr', 'Краскораспылитель<br/> WALCOM SLIM XLIGHT SP HTE SR 8281**', '', 'WALCOM', 3, '490.00 руб / шт', 'ZHBL - Краскораспылитель SLIM XLIGHT SP HTE SR (Минск)', 'Продажа краскопультов Walcom SLIM XLIGHT SP HTE SR без регулятора давления под красконагнетательный бак в Минске. Всего за 490.00 руб. +375 (29) 741-52-26', 'walcom xlight hte, walcom hte, краскопульт для автомобиля, краскопульт для покраски автомобиля, краскопульт hte, краскопульт, краскораспылитель, пулик, walcom, xlight, xlight hte, краскопульт купить, краскопульт hte купить, xlight hte купить, hte '),
(187, 4, '1.0187', 23, 'xlight_sp_hte', 'Краскораспылитель<br/> WALCOM SLIM XLIGHT SP HTE 8280**', '', 'WALCOM', 3, '535.00 руб / шт', 'ZHBL - Краскораспылитель SLIM XLIGHT SP HTE (Минск)', 'Продажа краскопультов Walcom SLIM XLIGHT SP HTE с регулятором давления под красконагнетательный бак в Минске. Всего за 535.00 руб. +375 (29) 741-52-26', 'walcom xlight hte, walcom hte, краскопульт для автомобиля, краскопульт для покраски автомобиля, краскопульт hte, краскопульт, краскораспылитель, пулик, walcom, xlight, xlight hte, краскопульт купить, краскопульт hte купить, xlight hte купить, hte '),
(188, 5, '1.0188', 23, 'xlight_i_hte_sr', 'Краскораспылитель<br/> WALCOM SLIM XLIGHT I HTE SR 8272**', '', 'WALCOM', 3, '550.00 руб / шт', 'ZHBL - Краскораспылитель SLIM XLIGHT I HTE SR (Минск)', 'Продажа краскопультов Walcom SLIM XLIGHT I HTE SR без регулятора давления с нижним бачком в Минске. Всего за 550.00 руб. +375 (29) 741-52-26', 'walcom xlight hte, walcom hte, краскопульт для автомобиля, краскопульт для покраски автомобиля, краскопульт hte, краскопульт, краскораспылитель, пулик, walcom, xlight, xlight hte, краскопульт купить, краскопульт hte купить, xlight hte купить, hte '),
(189, 6, '1.0189', 23, 'xlight_hte_hd', 'Краскораспылитель<br/> WALCOM SLIM XLIGHT HTE HD 8240**', '', 'WALCOM', 3, '845.00 руб / шт', 'ZHBL - Краскораспылитель SLIM XLIGHT HTE HD (Минск)', 'Продажа краскопультов Walcom SLIM XLIGHT HTE HD для нанесения высоковязких ЛКМ и с регулятором давления в Минске. Всего за 845.00 руб. +375 (29) 741-52-26', 'walcom xlight hte, walcom hte, краскопульт для автомобиля, краскопульт для покраски автомобиля, краскопульт hte, краскопульт, краскораспылитель, пулик, walcom, xlight, xlight hte, краскопульт купить, краскопульт hte купить, xlight hte купить, hte '),
(190, 8, '1.0190', 23, 'xlight_i_hvlp', 'Краскораспылитель<br/> WALCOM SLIM XLIGHT I HVLP 8370**', '', 'WALCOM', 3, '640.00 руб / шт', 'ZHBL - Краскораспылитель SLIM XLIGHT I HVLP (Минск)', 'Продажа краскопультов Walcom SLIM XLIGHT I HVLP с регулятором давления и нижним бачком в Минске. Всего за 640.00 руб. +375 (29) 741-52-26', 'walcom xlight hvlp, walcom hvlp, краскопульт для автомобиля, краскопульт для покраски автомобиля, краскопульт hte, краскопульт, краскораспылитель, пулик, walcom, xlight, xlight hvlp, краскопульт купить, краскопульт hvlp купить, xlight hvlp купить'),

(191, 1, '1.0191', 24, 'fasco_cn15w_55', 'Гвоздезабивной пистолет<br/> FASCO F48C CN15W-55', '', 'FASCO', 3, '820.00 руб / шт', 'ZHBL - Гвоздезабивной пистолет FASCO F48C CN15W-55 (Минск)', 'Продажа гвоздезабивного пистолета FASCO F48C CN15W-55 в Минске. +375 (29) 741-52-26', 'гвоздезабивной пистолет 55, фаско, fasco, гвоздезабиватель, пневмоинструмент, гвоздезабивной пистолет fasco cn15w 55, fasco cn15w 55, пневматический инструмент, нейлер, нейлер 55'),
(192, 2, '1.0192', 24, 'fasco_cn15w_70', 'Гвоздезабивной пистолет<br/> FASCO F58A CN15W-70', '', 'FASCO', 3, '820.00 руб / шт', 'ZHBL - Гвоздезабивной пистолет FASCO F58A CN15W-70 (Минск)', 'Продажа гвоздезабивного пистолета FASCO F58A CN15W-70 в Минске. +375 (29) 741-52-26', 'гвоздезабивной пистолет 70, фаско, fasco, гвоздезабиватель, пневмоинструмент, гвоздезабивной пистолет fasco cn15w 70, fasco cn15w 70, пневматический инструмент, нейлер, нейлер 70'),
(193, 3, '1.0193', 24, 'fasco_cn15w_80', 'Гвоздезабивной пистолет<br/> FASCO F58AC CN15W-80', '', 'FASCO', 3, '820.00 руб / шт', 'ZHBL - Гвоздезабивной пистолет FASCO F58AC CN15W-80 (Минск)', 'Продажа гвоздезабивного пистолета FASCO F58AC CN15W-80 в Минске. +375 (29) 741-52-26', 'гвоздезабивной пистолет 80, фаско, fasco, гвоздезабиватель, пневмоинструмент, гвоздезабивной пистолет fasco cn15w 80, fasco cn15w 80, пневматический инструмент, нейлер, нейлер 80'),
(194, 4, '1.0194', 24, 'fasco_cn15w_90_scr', 'Гвоздезабивной пистолет<br/> FASCO F6AC CN15W-90B SCR', '', 'FASCO', 3, '880.00 руб / шт', 'ZHBL - Гвоздезабивной пистолет FASCO F6AC CN15W-90B SCR (Минск)', 'Продажа гвоздезабивного пистолета FASCO F6AC CN15W-90B SCR в Минске. +375 (29) 741-52-26', 'гвоздезабивной пистолет 90, фаско, fasco, гвоздезабиватель, пневмоинструмент, гвоздезабивной пистолет fasco cn15w 90, fasco cn15w 90, пневматический инструмент, нейлер, нейлер 90'),

-- (195, '1.0195', 25, 'test195', 'Скобозабивной пистолет<br/> EZ-FASTEN 80/16RN', '', 'EZ-Fasten', 7, '470'),
-- (196, '1.0196', 25, 'test196', 'Скобозабивной пистолет<br/> FASCO F1B 80-16', '', 'FASCO', 3, '500'),
-- (197, '1.0197', 25, 'test197', 'Скобозабивной пистолет<br/> FASCO F1B 97B-19', '', 'Fasco', 3, '500'),
-- (198, '1.0198', 25, 'test198', 'Скобозабивной пистолет<br/> EZ-FASTEN 90/40AC', '', 'EZ-FASTEN', 7, '640'),
-- (199, '1.0199', 25, 'test199', 'Скобозабивной пистолет<br/> EZ-FASTEN 92/40AC', '', 'EZ-FASTEN', 7, '680'),
-- (200, '1.0200', 25, 'test200', 'Скобозабивной пистолет<br/> EZ-FASTEN MS16/50A', '', 'EZ-FASTEN', 7, '750'),
-- (201, '1.0201', 25, 'test201', 'Скобозабивной пистолет<br/> FASCO F26AT 92-40', '', 'Fasco', 3, '1000'),
-- (202, '1.0202', 25, 'test202', 'Скобозабивной пистолет<br/> FASCO F44AC G-50 TL', '', 'Fasco', 3, '1400'),
-- (203, '1.0203', 25, 'test203', 'Скобозабивной пистолет<br/> FASCO F1B 80-16A CARTON PLIER', '', 'Fasco', 3, '1200'),

(195, 1, '1.0195', 25, 'ez_fasten_80_16r', 'Скобозабивной пистолет<br/> EZ-FASTEN 80/16 R', '', 'EZ-FASTEN', 7, '390.00 руб / шт', 'ZHBL - Скобозабивной пистолет EZ-Fasten 80/16R (Минск)', 'Продажа скобозабивных пистолетов EZ-Fasten 80/16R в Минске. +375 (29) 741-52-26', 'ez fasten, ez-fasten купить минск, ez fasten купить, ez fasten 80/16r, скобозабивной пистолет ez fasten, ez fasten пневмопистолет, ez fasten 80 16 купить минск, ez fasten пистолет, ez fasten 80 16, ez fasten 80 16 '),
(196, 2, '1.0196', 25, 'fasco_80_16', 'Скобозабивной пистолет<br/> FASCO F1B 80-16', '', 'FASCO', 3, '680.00 руб / шт', 'ZHBL - Скобозабивной пистолет FASCO F1B 80-16 (Минск)', 'Продажа скобозабивного пистолета FASCO F1B 80-16 предназначенного для обивочных работ в Минске. +375 (29) 741-52-26', 'ип жибуль, фаско, fasco, скобозабиватель, пневмоинструмент, скобозабивной пистолет fasco F1B 80-16, fasco F1B 80-16, скобозабивной пистолет, пневмостеплер, fasco f1b 80-16 купить, fasco купить, fasco купить минск,пневматический инструмент'),
(197, 3, '1.0197', 25, 'fasco_97b_19', 'Скобозабивной пистолет<br/> FASCO F1B 97B-19', '', 'FASCO', 3, '500.00 руб / шт', 'ZHBL - Скобозабивной пистолет FASCO F1B 97B-19 (Минск)', 'Продажа скобозабивного пистолета FASCO F1B 97B-19 предназначенного для столярных работ в Минске. +375 (29) 741-52-26', 'ип жибуль, фаско, fasco купить, fasco минск, fasco 97b-19, скобозабиватель, пневмоинструмент, скобозабивной пистолет fasco F1B 97B-19, fasco F1B 97B-19, скобозабивной пистолет, пневматический инструмент'),
(198, 4, '1.0198', 25, 'ez_fasten_90_40ac', 'Скобозабивной пистолет<br/> EZ-FASTEN 90/40AC', '', 'EZ-FASTEN', 7, '640.00 руб / шт', 'ZHBL - Скобозабивной пистолет EZ-Fasten 90/40AC (Минск)', 'Продажа скобозабивных пистолетов EZ-Fasten 90/40AC в Минске. +375 (29) 741-52-26', 'ez fasten, ez-fasten купить минск, ez fasten купить, ez fasten 90/40AC, скобозабивной пистолет ez fasten, ez fasten пневмопистолет, ez fasten 90/40AC купить минск, ez fasten пистолет, 90/40AC, каркасный пистолет, купить каркасник'),
(199, 5, '1.0199', 25, 'ez_fasten_92_40ac', 'Скобозабивной пистолет<br/> EZ-FASTEN 92/40AC', '', 'EZ-FASTEN', 7, '680.00 руб / шт', 'ZHBL - Скобозабивной пистолет EZ-Fasten 92/40AC (Минск)', 'Продажа скобозабивных пистолетов EZ-Fasten 92/40AC в Минске. +375 (29) 741-52-26', 'ez fasten, ez-fasten купить минск, ez fasten купить, ez fasten 92/40AC, скобозабивной пистолет ez fasten, ez fasten пневмопистолет, ez fasten 92/40AC купить минск, ez fasten пистолет, 92/40AC, каркасный пистолет, купить каркасник'),
(200, 6, '1.0200', 25, 'ez_fasten_ms16_50a', 'Скобозабивной пистолет<br/> EZ-FASTEN MS16/50A', '', 'EZ-FASTEN', 7, '750.00 руб / шт', 'ZHBL - Скобозабивной пистолет EZ-Fasten MS16/50A (Минск)', 'Продажа скобозабивных пистолетов EZ-FASTEN MS16/50A в Минске. +375 (29) 741-52-26', 'ez fasten, ez-fasten купить минск, ez fasten купить, ez fasten MS16/50A, скобозабивной пистолет ez fasten, ez fasten пневмопистолет, ez fasten MS16/50A купить минск, ez fasten пистолет, MS16/50A'),
(201, 7, '1.0201', 25, 'fasco_92_40', 'Скобозабивной пистолет<br/> FASCO F26AT 92-40', '', 'FASCO', 3, '1000.00 руб / шт', 'ZHBL - Скобозабивной пистолет FASCO F26AT 92-40 (Минск)', 'Продажа скобозабивного пистолета FASCO F26AT 92-40 предназначенного для столярных работ в Минске. +375 (29) 741-52-26', 'ип жибуль, фаско, fasco, скобозабиватель, пневмоинструмент, скобозабивной пистолет FASCO F26AT 92-40, FASCO F26AT 92-40, скобозабивной пистолет, пневматический инструмент'),
(202, 8, '1.0202', 25, 'fasco_g_50_tl', 'Скобозабивной пистолет<br/> FASCO F44AC G-50 TL', '', 'FASCO', 3, '1400.00 руб / шт', 'ZHBL - Скобозабивной пистолет FASCO F44AC G-50 T.L (Минск)', 'Продажа скобозабивного пистолета FASCO F44AC G-50 T.L предназначенного для столярных работ в Минске. +375 (29) 741-52-26', 'ип жибуль, фаско, fasco, скобозабиватель, пневмоинструмент, скобозабивной пистолет fasco F44AC G-50 T.L, fasco F44AC G-50 TL, скобозабивной пистолет, пневматический инструмент'),

(203, 1, '1.0203', 26, 'ez_fasten_super630', 'Шпилько- штифтозабивной пистолет<br/> EZ-FASTEN SUPER630', '', 'EZ-FASTEN', 7, '480.00 руб / шт', 'ZHBL - Шпилько-штифтозабивной пистолет EZ-Fasten SUPER630 (Минск)', 'Продажа шпилько- штифтозабивных пистолетов EZ-Fasten SUPER630 в Минске. +375 (29) 741-52-26', 'super630, ez fasten, ez-fasten купить минск, ez fasten купить, ez fasten super630, штифтозабивной пистолет ez fasten, ez fasten пневмопистолет, ez fasten super630 купить минск, ez fasten пистолет, нейлер super630, шпилькозабивной пистолет ez fasten'),
(204, 2, '1.0204', 26, 'fasco_a64_35p_b', 'Шпилько- штифтозабивной пистолет<br/> FASCO F23 A64-35P B', '', 'FASCO', 3, '800.00 руб / шт', 'ZHBL - Шпилько-штифтозабивной пистолет FASCO F23 A64-35 PB (Минск)', 'Продажа шпилько- штифтозабивных пистолетов FASCO F23 A64-35 PB в Минске. +375 (29) 741-52-26', 'ип жибуль, фаско, fasco, шпилькозабиватель, штифтозабиватель, zhbl, пневмоинструмент, шпилько-штифтозабивной пистолет Fasco f23 a64 35 pb, fasco a64-35 pb, пневматический инструмент, нейлер fasco, нейлер'),
(205, 3, '1.0205', 26, 'fasco_ga_18_31a', 'Шпилько- штифтозабивной пистолет<br/> FASCO F21P GA 18-31A', '', 'FASCO', 3, '720.00 руб / шт', 'ZHBL - Шпилькозабивной пистолет FASCO F21P GA-18/31A (Минск)', 'Продажа шпилькозабивного пистолета FASCO F21P GA-18/31 A в Минске. +375 (29) 741-52-26', 'фаско купить, fasco купить, фаско, fasco, шпилькозабиватель, zhbl, пневмоинструмент, шпилькозабивной пистолет fasco f21p ga 18 31a, fasco ga 18 31a, пневматический инструмент, нейлер fasco, нейлер'),
(206, 4, '1.0206', 26, 'ez_fasten_f18_32vm', 'Шпилько- штифтозабивной пистолет<br/> EZ-FASTEN F18/32VM', '', 'EZ-Fasten', 7, '390.00 руб / шт', 'ZHBL - Штифтозабивной пистолет EZ-Fasten F18/32VM (Минск)', 'Продажа штифтозабивных пистолетов EZ-Fasten F18/32VM в Минске. +375 (29) 741-52-26', 'f18 32vm, ez fasten, ez-fasten купить минск, ez fasten купить, ez fasten f18 32vm, штифтозабивной пистолет ez fasten, ez fasten пневмопистолет, ez fasten f18 32vm купить минск, ez fasten пистолет, нейлер f18 32vm, штифтозабиватель, нейлер'),
(207, 5, '1.0207', 26, 'fasco_gn_40asa', 'Шпилько- штифтозабивной пистолет<br/> FASCO F21T GN-40A S.A.', '', 'FASCO', 3, '820.00 руб / шт', 'ZHBL - Штифтозабивной пистолет FASCO F21T GN-40A S.A. (Минск)', 'Продажа штифтозабивных пистолетов FASCO F21T GN-40 AS.A в Минске. +375 (29) 741-52-26', 'ип жибуль, фаско, fasco, штифтозабиватель, zhbl, пневмоинструмент, штифтозабивной пистолет fasco f21t gn 40 asa, fasco gn 40 asa, fasco gn 40, пневматический инструмент, нейлер fasco, нейлер'),
(208, 6, '1.0208', 26, 'fasco_gn_40ags', 'Шпилько- штифтозабивной пистолет<br/> FASCO F21T GN-40A G.S.', '', 'FASCO', 3, '1200.00 руб / шт', 'ZHBL - Штифтозабивной пистолет FASCO F21T GN-40A G.S.(Минск)', 'Продажа штифтозабивных пистолетов FASCO F21T GN-40 AG.S в Минске. +375 (29) 741-52-26', 'жбл, ип жибуль, фаско, fasco, штифтозабиватель, zhbl, пневмоинструмент, штифтозабивной пистолет fasco f21t gn 40 ags, fasco gn 40 ags, пневматический инструмент, нейлер fasco, нейлер'),
(209, 7, '1.0209', 26, 'ez_fasten_f18_50ac', 'Шпилько- штифтозабивной пистолет<br/> EZ-FASTEN F18/50AC', '', 'EZ-FASTEN', 7, '460.00 руб / шт', 'ZHBL - Штифтозабивной пистолет EZ-Fasten F18/50AC (Минск)', 'Продажа штифтозабивных пистолетов EZ-Fasten F18/50AC в Минске. +375 (29) 741-52-26', 'ez fasten, а18 50ac,ez-fasten купить минск, ez fasten купить, ez fasten а18 50ac, штифтозабивной пистолет ez fasten, ez fasten пневмопистолет, ez fasten f18 50ac купить минск, ez fasten пистолет, а18 50ac, штифтозабиватель'),
(210, 8, '1.0210', 26, 'fasco_fn_50', 'Шпилько- штифтозабивной пистолет<br/> FASCO F26AC FN-50', '', 'FASCO', 3, '1400.00 руб / шт', 'ZHBL - Штифтозабивной пистолет FASCO F26AC FN-50 (Минск)', 'Продажа штифтозабивных пистолетов FASCO F26AC FN-50 в Минске. +375 (29) 741-52-26', 'ип жибуль, фаско, fasco, штифтозабиватель, zhbl, пневмоинструмент, штифтозабивной пистолет fasco f26ac fn 50, fasco f26ac fn 50, fasco fn 50, пневматический инструмент, нейлер fasco, нейлер'),
(211, 9, '1.0211', 26, 'fasco_fn_50a', 'Шпилько- штифтозабивной пистолет<br/> FASCO F3C FN-50A', '', 'FASCO', 3, '1600.00 руб / шт', 'ZHBL - Штифтозабивной пистолет FASCO F26AC FN-50A (Минск)', 'Продажа штифтозабивных пистолетов FASCO F26AC FN-50A в Минске. +375 (29) 741-52-27', 'ип жибуль, фаско, fasco, штифтозабиватель, zhbl, пневмоинструмент, штифтозабивной пистолет fasco f26ac fn 50a, fasco f26ac fn 50a, fasco fn 50a, пневматический инструмент, нейлер, нейлер fasco'),
(212, 10, '1.0212', 26, 'fasco_gn_40agssa', 'Шпилько- штифтозабивной пистолет<br/> FASCO F21T GN-40A G.S.S.A.', '', 'FASCO', 3, '1250.00 руб / шт', 'ZHBL - Штифтозабивной пистолет FASCO F21T GN-40A G.S.S.A. (Минск)', 'Продажа штифтозабивных пистолетов FASCO F21T GN-40A G.S.S.A. в Минске. +375 (29) 741-52-28', 'жбл, ип жибуль, фаско, fasco, штифтозабиватель, zhbl, пневмоинструмент, штифтозабивной пистолет fasco f21t gn 40 ags, fasco gn 40 agssa, пневматический инструмент, нейлер fasco, нейлер'),
(213, 11, '1.0213', 26, 'senco_slp20_gln', 'Шпилько- штифтозабивной пистолет<br/> SENCO SLP20 GLN', '', 'SENCO', 9, '2500.00 руб / шт', 'ZHBL - Штифтозабивной пистолет SENCO SLP20 GLN (Минск)', 'Продажа штифтозабивных пистолетов SENCO SLP20 GLN в Минске. +375 (29) 741-52-29', 'жбл, ип жибуль, сенко, senco, штифтозабиватель, zhbl, пневмоинструмент, штифтозабивной пистолет senco slp20 gln, senco slp20 gln, senco slp20 пневматический инструмент, нейлер fasco, нейлер, нейлер для окон, пневмопистолет senco, пневмопистолет для окон'),

-- (214, '1.0214', 7, 'test214', 'Трубка полиамидная<br/> TB1200427NЕ', '', 'Aignep', 3, '0'),
(215, 3, '1.0215', 7, 'trubka_tb1200640nt', 'Трубка полиамидная<br/> TB1200640NT', '', 'Aignep', 3, '2.90 руб / м', '', '', ''),
(216, 4, '1.0216', 7, 'trubka_tb1200860nt', 'Трубка полиамидная<br/> TB1200860NT', '', 'Aignep', 3, '4.20 руб / м', '', '', ''),
(217, 5, '1.0217', 7, 'trubka_tb1201080nt', 'Трубка полиамидная<br/> TB1201080NT', '', 'Aignep', 3, '5.20 руб / м', '', '', ''),
(218, 6, '1.0218', 7, 'trubka_tb1212100nt', 'Трубка полиамидная<br/> TB1212100NT', '', 'Aignep', 3, '6.40 руб / м', '', '', ''),
(219, 7, '1.0219', 7, 'trubka_tb1214120az', 'Трубка полиамидная<br/> TB1214120AZ', '', 'Aignep', 3, '8.20 руб / м', '', '', ''),
(220, 1, '1.0220', 7, 'trubka_tbpu00640nt', 'Трубка полиуретановая<br/> TBPU00640NT', '', 'Aignep', 3, '2.50 руб / м', '', '', ''),
(221, 2, '1.0221', 7, 'trubka_tbpu00860nt', 'Трубка полиуретановая<br/> TBPU00860NT', '', 'Aignep', 3, '3.40 руб / м', '', '', ''),
(222, 8, '1.0222', 7, 'trubka_tbpf00640nt', 'Трубка тефлоновая<br/> TBPF00640NT', '', 'Aignep', 3, '13.44 руб / м', '', '', ''),
(223, 13, '1.0223', 7, 'shlang_tbpl3_40bl080', 'Шланг на адаптеры с обжимом<br/> TBPL3/40BL080', '', 'Aignep', 3, '45.40 руб / м', '', '', ''),
(224, 14, '1.0224', 7, 'shlang_tbpl5_80bl080', 'Шланг на адаптеры с обжимом<br/> TBPL5/80BL080', '', 'Aignep', 3, '39.50 руб / м', '', '', ''),
(225, 8, '1.0225', 7, 'shlang_tbpvm01106az', 'Шланг ПВХ<br/> TBPVM01106AZ', '', 'Aignep', 3, '3.90 руб / м', '', '', ''),
(226, 9, '1.0226', 7, 'shlang_tbpvm01308az', 'Шланг ПВХ<br/> TBPVM01308AZ', '', 'Aignep', 3, '4.20 руб / м', '', '', ''),
(227, 10, '1.0227', 7, 'shlang_tbpvm15510az', 'Шланг ПВХ<br/> TBPVM15510AZ', '', 'Aignep', 3, '5.30 руб / м', '', '', ''),
(281, 11, '1.0281', 7, 'shlang_tbpvm19127az', 'Шланг ПВХ<br/> TBPVM19127AZ', '', 'Aignep', 3, '6.70 руб / м', '', '', ''),
(282, 12, '1.0282', 7, 'shlang_tbpvm02316az', 'Шланг ПВХ<br/> TBPVM02316AZ', '', 'Aignep', 3, '9.10 руб / м', '', '', ''),

(228, 1, '1.0228', 37, '14lc_25', 'Скобы 14 LC / 25', '', 'EMES', 5, '183.50 руб / уп', 'ZHBL - Каркасные скобы 14 LC / 25 (Минск)', 'Продажа каркасной скобы крупного сечения для скобозабивного пистолета 14 LC / 25 в Минске. Всего за 183.50 руб / уп. +375 (29) 741-52-26', ''),
(229, 2, '1.0229', 37, '14lc_30', 'Скобы 14 LC / 30', '', 'EMES', 5, '142.50 руб / уп', 'ZHBL - Каркасные скобы 14 LC / 30 (Минск)', 'Продажа каркасной скобы крупного сечения для скобозабивного пистолета 14 LC / 30 в Минске. Всего за 142.50 руб / уп. +375 (29) 741-52-26', ''),
(290, 3, '1.0290', 37, '14lc_35', 'Скобы 14 LC / 35', '', 'EMES', 5, '174.60 руб / уп', 'ZHBL - Каркасные скобы 14 LC / 35 (Минск)', 'Продажа каркасной скобы крупного сечения для скобозабивного пистолета 14 LC / 35 в Минске. Всего за 174.60 руб / уп. +375 (29) 741-52-26', ''),
(230, 4, '1.0230', 37, '14lc_38', 'Скобы 14 LC / 38', '', 'EMES', 5, '134.20 руб / уп', 'ZHBL - Каркасные скобы 14 LC / 38 (Минск)', 'Продажа каркасной скобы крупного сечения для скобозабивного пистолета 14 LC / 38 в Минске. Всего за 134.20 руб / уп. +375 (29) 741-52-26', ''),
(289, 5, '1.0289', 37, '14lc_50', 'Скобы 14 LC / 50', '', 'EMES', 5, '163.00 руб / уп', 'ZHBL - Каркасные скобы 14 LC / 50 (Минск)', 'Продажа каркасной скобы крупного сечения для скобозабивного пистолета 14 LC / 50 в Минске. Всего за 163.00 руб / уп. +375 (29) 741-52-26', ''),

(231, 1, '1.0231', 38, '90_10r', 'Скобы 90 / 10 R', '', 'EMES', 5, '46.60 руб / уп', 'ZHBL - Каркасные разводные скобы 90 / 10 R (Минск)', 'Продажа каркасной скобы мелкого сечения для скобозабивного пистолета 90 / 10 R (разводная) в Минске. Всего за 46.60 руб / уп. +375 (29) 741-52-26', ''),
(232, 2, '1.0232', 38, '90_14', 'Скобы 90 / 14', '', 'EMES', 5, '38.80 руб / уп', 'ZHBL - Каркасные скобы 90 / 14 (Минск)', 'Продажа каркасной скобы мелкого сечения для скобозабивного пистолета 90 / 14 в Минске. Всего за 38.80 руб / уп. +375 (29) 741-52-26', ''),
(233, 3, '1.0233', 38, '90_16', 'Скобы 90 / 16', '', 'EMES', 5, '38.80 руб / уп', 'ZHBL - Каркасные скобы 90 / 16 (Минск)', 'Продажа каркасной скобы мелкого сечения для скобозабивного пистолета 90 / 16 в Минске. Всего за 38.80 руб / уп. +375 (29) 741-52-26', ''),
(234, 4, '1.0234', 38, '90_18', 'Скобы 90 / 18', '', 'EMES', 5, '31.10 руб / уп', 'ZHBL - Каркасные скобы 90 / 18 (Минск)', 'Продажа каркасной скобы мелкого сечения для скобозабивного пистолета 90 / 18 в Минске. Всего за 31.10 руб / уп. +375 (29) 741-52-26', ''),
(235, 5, '1.0235', 38, '90_25', 'Скобы 90 / 25', '', 'EMES', 5, '23.30 руб / уп', 'ZHBL - Каркасные скобы 90 / 25 (Минск)', 'Продажа каркасной скобы мелкого сечения для скобозабивного пистолета 90 / 25 в Минске. Всего за 23.30 руб / уп. +375 (29) 741-52-26', ''),
(237, 6, '1.0237', 38, '90_32', 'Скобы 90 / 32', '', 'EMES', 5, '36.20 руб / уп', 'ZHBL - Каркасные скобы 90 / 32 (Минск)', 'Продажа каркасной скобы мелкого сечения для скобозабивного пистолета 90 / 32 в Минске. Всего за 36.20 руб / уп. +375 (29) 741-52-26', ''),
(238, 7, '1.0238', 38, '90_38', 'Скобы 90 / 38', '', 'EMES', 5, '41.40 руб / уп', 'ZHBL - Каркасные скобы 90 / 38 (Минск)', 'Продажа каркасной скобы мелкого сечения для скобозабивного пистолета 90 / 38 в Минске. Всего за 41.40 руб / уп. +375 (29) 741-52-26', ''),

(239, 1, '1.0239', 39, '92_25', 'Скобы 92 / 25', '', 'EMES', 5, '59.40 руб / уп', 'ZHBL - Каркасные скобы 92 / 25 (Минск)', 'Продажа каркасной скобы среднего сечения для скобозабивного пистолета 92 / 25 в Минске. Всего за 59.40 руб / уп. +375 (29) 741-52-26', ''),
(240, 2, '1.0240', 39, '92_40', 'Скобы 92 / 40', '', 'EMES', 5, '41.40 руб / уп', 'ZHBL - Каркасные скобы 92 / 40 (Минск)', 'Продажа каркасной скобы среднего сечения для скобозабивного пистолета 92 / 40 в Минске. Всего за 41.40 руб / уп. +375 (29) 741-52-26', ''),

(241, 1, '1.0241', 40, '97_14', 'Скобы 97 / 14', '', 'EMES', 5, '44.10 руб / уп', 'ZHBL - Обувные скобы 97 / 14 (Минск)', 'Продажа обувной скобы для скобозабивного пистолета 97 / 14 в Минске. Всего за 44.10 руб / уп. +375 (29) 741-52-26', ''),
(242, 2, '1.0242', 40, '97_16', 'Скобы 97 / 16', '', 'EMES', 5, '38.10 руб / уп', 'ZHBL - Обувные скобы 97 / 16 (Минск)', 'Продажа обувной скобы для скобозабивного пистолета 97 / 16 в Минске. Всего за 38.10 руб / уп. +375 (29) 741-52-26', ''),

(243, 1, '1.0243', 41, '380_4', 'Скобы 380 / 4', '', 'EMES', 5, '35.80 руб / уп', 'ZHBL - Мебельные скобы 380 / 4 (Минск)', 'Продажа мебельной скобы для скобозабивного пистолета 380 / 4 в Минске. Всего за 35.80 руб / уп. +375 (29) 741-52-26', ''),
(244, 2, '1.0244', 41, '380_6', 'Скобы 380 / 6', '', 'EMES', 5, '36.50 руб / уп', 'ZHBL - Мебельные скобы 380 / 6 (Минск)', 'Продажа мебельной скобы для скобозабивного пистолета 380 / 6 в Минске. Всего за 36.50 руб / уп. +375 (29) 741-52-26', ''),
(245, 3, '1.0245', 41, '380_8', 'Скобы 380 / 8', '', 'EMES', 5, '25.10 руб / уп', 'ZHBL - Мебельные скобы 380 / 8 (Минск)', 'Продажа мебельной скобы для скобозабивного пистолета 380 / 8 в Минске. Всего за 25.10 руб / уп. +375 (29) 741-52-26', ''),
(246, 4, '1.0246', 41, '380_10', 'Скобы 380 / 10', '', 'EMES', 5, '27.90 руб / уп', 'ZHBL - Мебельные скобы 380 / 10 (Минск)', 'Продажа мебельной скобы для скобозабивного пистолета 380 / 10 в Минске. Всего за 27.90 руб / уп. +375 (29) 741-52-26', ''),
(247, 5, '1.0247', 41, '380_12', 'Скобы 380 / 12', '', 'EMES', 5, '23.80 руб / уп', 'ZHBL - Мебельные скобы 380 / 12 (Минск)', 'Продажа мебельной скобы для скобозабивного пистолета 380 / 12 в Минске. Всего за 23.80 руб / уп. +375 (29) 741-52-26', ''),
(248, 6, '1.0248', 41, '380_14', 'Скобы 380 / 14', '', 'EMES', 5, '21.50 руб / уп', 'ZHBL - Мебельные скобы 380 / 14 (Минск)', 'Продажа мебельной скобы для скобозабивного пистолета 380 / 14 в Минске. Всего за 21.50 руб / уп. +375 (29) 741-52-26', ''),
(249, 7, '1.0249', 41, '380_16', 'Скобы 380 / 16', '', 'EMES', 5, '19.30 руб / уп', 'ZHBL - Мебельные скобы 380 / 16 (Минск)', 'Продажа мебельной скобы для скобозабивного пистолета 380 / 4 в Минске. Всего за 19.30 руб / уп. +375 (29) 741-52-26', ''),

(250, 1, '1.0250', 42, '145_16', 'Скобы 145 / 16', '', 'EMES', 5, '127.10 руб / уп', 'ZHBL - Каркасные скобы 145 / 16 (Минск)', 'Продажа широкой каркасной скобы для скобозабивного пистолета 145 / 16 в Минске. Всего за 127.10 руб / уп. +375 (29) 741-52-26', ''),
(251, 2, '1.0251', 42, '145_21', 'Скобы 145 / 21', '', 'EMES', 5, '42.10 руб / уп', 'ZHBL - Каркасные скобы 145 / 21 (Минск)', 'Продажа широкой каркасной скобы для скобозабивного пистолета 145 / 16 в Минске. Всего за 42.10 руб / уп. +375 (29) 741-52-26', ''),

(252, 1, '1.0252', 43, 'c_2', 'Скобы C / 2', '', 'EMES', 5, '89.30 руб / уп', 'ZHBL - Габионные скобы C / 2 (Минск)', 'Продажа габионной скобы для обжимного пистолета C / 2 зеленого цвета в Минске. Всего за 89.30 руб / уп. +375 (29) 741-52-26', ''),

(253, 1, '1.0253', 44, 'c_3', 'Скобы C / 3', '', 'EMES', 5, '80.70 руб / уп', 'ZHBL - Обжимные скобы C / 3 (Минск)', 'Продажа обжимной скобы для обжимного пистолета C / 3 в Минске. Всего за 80.70 руб / уп. +375 (29) 741-52-26', ''),

(254, 1, '1.0254', 45, 'cf_13', 'Скобы CF / 13', '', 'EMES', 5, '83.30 руб / уп', 'ZHBL - Скобы (гвоздь рифленый) CF / 13 (Минск)', 'Продажа скобы для мкобозабивного пистолета CF / 13 (гвоздь рифленый) в Минске. Всего за 83.30 руб / уп. +375 (29) 741-52-26', ''),

(255, 1, '1.0255', 46, 'k33_18', 'Скобы K 33 / 18', '', 'EMES', 5, '24.00 руб / уп', 'ZHBL - Упаковочные скобы K 33 / 18 (Минск)', 'Продажа упаковочной скобы для скобозабивного пистолета K 33 / 18 в Минске. Всего за 24.00 руб / уп. +375 (29) 741-52-26', ''),
(256, 2, '1.0256', 46, 'k33_21', 'Скобы K 33 / 21', '', 'EMES', 5, '26.30 руб / уп', 'ZHBL - Упаковочные скобы K 33 / 21 (Минск)', 'Продажа упаковочной скобы для скобозабивного пистолета K 33 / 21 в Минске. Всего за 26.30 руб / уп. +375 (29) 741-52-26', ''),

(257, 1, '1.0257', 35, 's06_10', 'Микрошпилька S 0.6 / 10', '', 'EMES', 5, '30.00 руб / уп', 'ZHBL - Шпильки без шляпки S 0.6 / 10 (Минск)', 'Продажа шпилек без шляпки для пневмоинструмента S 0.6 / 10 в Минске. Всего за 30.00 руб / уп. +375 (29) 741-52-26', ''),
(258, 2, '1.0258', 35, 's06_12', 'Микрошпилька S 0.6 / 12', '', 'EMES', 5, '34.60 руб / уп', 'ZHBL - Шпильки без шляпки S 0.6 / 12 (Минск)', 'Продажа шпилек без шляпки для пневмоинструмента S 0.6 / 12 в Минске. Всего за 34.60 руб / уп. +375 (29) 741-52-26', ''),
(259, 3, '1.0259', 35, 's06_15', 'Микрошпилька S 0.6 / 15', '', 'EMES', 5, '35.10 руб / уп', 'ZHBL - Шпильки без шляпки S 0.6 / 15 (Минск)', 'Продажа шпилек без шляпки для пневмоинструмента S 0.6 / 15 в Минске. Всего за 35.10 руб / уп. +375 (29) 741-52-26', ''),
(260, 4, '1.0260', 35, 's06_17', 'Микрошпилька S 0.6 / 17', '', 'EMES', 5, '40.10 руб / уп', 'ZHBL - Шпильки без шляпки S 0.6 / 17 (Минск)', 'Продажа шпилек без шляпки для пневмоинструмента S 0.6 / 17 в Минске. Всего за 40.10 руб / уп. +375 (29) 741-52-26', ''),
(261, 5, '1.0261', 35, 's06_18', 'Микрошпилька S 0.6 / 18', '', 'EMES', 5, '40.10 руб / уп', 'ZHBL - Шпильки без шляпки S 0.6 / 18 (Минск)', 'Продажа шпилек без шляпки для пневмоинструмента S 0.6 / 18 в Минске. Всего за 40.10 руб / уп. +375 (29) 741-52-26', ''),
(262, 6, '1.0262', 35, 's06_22', 'Микрошпилька S 0.6 / 22', '', 'EMES', 5, '51.30 руб / уп', 'ZHBL - Шпильки без шляпки S 0.6 / 22 (Минск)', 'Продажа шпилек без шляпки для пневмоинструмента S 0.6 / 22 в Минске. Всего за 51.30 руб / уп. +375 (29) 741-52-26', ''),
(263, 7, '1.0263', 35, 's06_25', 'Микрошпилька S 0.6 / 25', '', 'EMES', 5, '51.30 руб / уп', 'ZHBL - Шпильки без шляпки S 0.6 / 25 (Минск)', 'Продажа шпилек без шляпки для пневмоинструмента S 0.6 / 25 в Минске. Всего за 51.30 руб / уп. +375 (29) 741-52-26', ''),
(264, 8, '1.0264', 35, 's06_30', 'Микрошпилька S 0.6 / 30', '', 'EMES', 5, '61.30 руб / уп', 'ZHBL - Шпильки без шляпки S 0.6 / 30 (Минск)', 'Продажа шпилек без шляпки для пневмоинструмента S 0.6 / 30 в Минске. Всего за 61.30 руб / уп. +375 (29) 741-52-26', ''),

(265, 1, '1.0265', 47, 'st06_10', 'Штифты ST 0.6 / 10', '', 'EMES', 5, '40.00 руб / уп', 'ZHBL - Штифты со шляпкой ST 0.6 / 10 (Минск)', 'Продажа штифтов со шляпкой для пневмоинструмента ST 0.6 / 10 в Минске. Всего за 40.00 руб / уп. +375 (29) 741-52-26', ''),
(266, 2, '1.0266', 47, 'st06_12', 'Штифты ST 0.6 / 12', '', 'EMES', 5, '46.00 руб / уп', 'ZHBL - Штифты со шляпкой ST 0.6 / 12 (Минск)', 'Продажа штифтов со шляпкой для пневмоинструмента ST 0.6 / 12 в Минске. Всего за 46.00 руб / уп. +375 (29) 741-52-26', ''),
(267, 3, '1.0267', 47, 'st06_15', 'Штифты ST 0.6 / 15', '', 'EMES', 5, 'Под заказ', 'ZHBL - Штифты со шляпкой ST 0.6 / 15 (Минск)', 'Продажа штифтов со шляпкой для пневмоинструмента ST 0.6 / 15 в Минске. Данная позиция только под заказ. +375 (29) 741-52-26', ''),
(268, 4, '1.0268', 47, 'st06_17', 'Штифты ST 0.6 / 17', '', 'EMES', 5, '50.00 руб / уп', 'ZHBL - Штифты со шляпкой ST 0.6 / 17 (Минск)', 'Продажа штифтов со шляпкой для пневмоинструмента ST 0.6 / 17 в Минске. Всего за 50.00 руб / уп. +375 (29) 741-52-26', ''),
(269, 5, '1.0269', 47, 'st06_18', 'Штифты ST 0.6 / 18', '', 'EMES', 5, 'Под заказ', 'ZHBL - Штифты со шляпкой ST 0.6 / 18 (Минск)', 'Продажа штифтов со шляпкой для пневмоинструмента ST 0.6 / 18 в Минске. Данная позиция только под заказ. +375 (29) 741-52-26', ''),
(270, 6, '1.0270', 47, 'st06_22', 'Штифты ST 0.6 / 22', '', 'EMES', 5, '70.00 руб / уп', 'ZHBL - Штифты со шляпкой ST 0.6 / 22 (Минск)', 'Продажа штифтов со шляпкой для пневмоинструмента ST 0.6 / 22 в Минске. Всего за 70.00 руб / уп. +375 (29) 741-52-26', ''),
(271, 7, '1.0271', 47, 'st06_25', 'Штифты ST 0.6 / 25', '', 'EMES', 5, '55.00 руб / уп', 'ZHBL - Штифты со шляпкой ST 0.6 / 25 (Минск)', 'Продажа штифтов со шляпкой для пневмоинструмента ST 0.6 / 25 в Минске. Всего за 55.00 руб / уп. +375 (29) 741-52-26', ''),
(272, 8, '1.0272', 47, 'st06_30', 'Штифты ST 0.6 / 30', '', 'EMES', 5, 'Под заказ', 'ZHBL - Штифты со шляпкой ST 0.6 / 30 (Минск)', 'Продажа штифтов со шляпкой для пневмоинструмента ST 0.6 / 30 в Минске. Данная позиция только под заказ. +375 (29) 741-52-26', ''),

(291, 1, '1.0291', 48, 'st12_13', 'Штифты ST 1.2 / 13', '', 'EMES', 5, '15.20 руб / уп', 'ZHBL - Штифты со шляпкой ST 1.2 / 13 (Минск)', 'Продажа штифтов со шляпкой для пневмоинструмента ST 1.2 / 13 в Минске. Всего за 15.20 руб / уп. +375 (29) 741-52-26', ''),
(273, 2, '1.0273', 48, 'st12_15', 'Штифты ST 1.2 / 15', '', 'EMES', 5, '16.80 руб / уп', 'ZHBL - Штифты со шляпкой ST 1.2 / 15 (Минск)', 'Продажа штифтов со шляпкой для пневмоинструмента ST 1.2 / 15 в Минске. Всего за 16.80 руб / уп. +375 (29) 741-52-26', ''),
(274, 3, '1.0274', 48, 'st12_19', 'Штифты ST 1.2 / 19', '', 'EMES', 5, '26.60 руб / уп', 'ZHBL - Штифты со шляпкой ST 1.2 / 19 (Минск)', 'Продажа штифтов со шляпкой для пневмоинструмента ST 1.2 / 19 в Минске. Всего за 26.60 руб / уп. +375 (29) 741-52-26', ''),
(275, 4, '1.0275', 48, 'st12_25', 'Штифты ST 1.2 / 25', '', 'EMES', 5, '29.80 руб / уп', 'ZHBL - Штифты со шляпкой ST 1.2 / 25 (Минск)', 'Продажа штифтов со шляпкой для пневмоинструмента ST 1.2 / 25 в Минске. Всего за 29.80 руб / уп. +375 (29) 741-52-26', ''),
(276, 5, '1.0276', 48, 'st12_30', 'Штифты ST 1.2 / 30', '', 'EMES', 5, '32.40 руб / уп', 'ZHBL - Штифты со шляпкой ST 1.2 / 30 (Минск)', 'Продажа штифтов со шляпкой для пневмоинструмента ST 1.2 / 30 в Минске. Всего за 32.40 руб / уп. +375 (29) 741-52-26', ''),
(277, 6, '1.0277', 48, 'st12_35', 'Штифты ST 1.2 / 35', '', 'EMES', 5, '36.40 руб / уп', 'ZHBL - Штифты со шляпкой ST 1.2 / 35 (Минск)', 'Продажа штифтов со шляпкой для пневмоинструмента ST 1.2 / 35 в Минске. Всего за 36.40 руб / уп. +375 (29) 741-52-26', ''),
(278, 7, '1.0278', 48, 'st12_38', 'Штифты ST 1.2 / 38', '', 'EMES', 5, '28.20 руб / уп', 'ZHBL - Штифты со шляпкой ST 1.2 / 38 (Минск)', 'Продажа штифтов со шляпкой для пневмоинструмента ST 1.2 / 38 в Минске. Всего за 28.20 руб / уп. +375 (29) 741-52-26', ''),
(279, 8, '1.0279', 48, 'st12_45', 'Штифты ST 1.2 / 45', '', 'EMES', 5, '42.40 руб / уп', 'ZHBL - Штифты со шляпкой ST 1.2 / 45 (Минск)', 'Продажа штифтов со шляпкой для пневмоинструмента ST 1.2 / 45 в Минске. Всего за 42.40 руб / уп. +375 (29) 741-52-26', ''),
(280, 9, '1.0280', 48, 'st12_50', 'Штифты ST 1.2 / 50', '', 'EMES', 5, '48.00 руб / уп', 'ZHBL - Штифты со шляпкой ST 1.2 / 50 (Минск)', 'Продажа штифтов со шляпкой для пневмоинструмента ST 1.2 / 50 в Минске. Всего за 48.00 руб / уп. +375 (29) 741-52-26', ''),

(292, 1, '1.0292', 49, 'st16_30', 'Штифты ST 1.6 / 30', '', 'EMES', 5, '34.70 руб / уп', 'ZHBL - Штифты со шляпкой ST 1.6 / 30 (Минск)', 'Продажа штифтов со шляпкой для пневмоинструмента ST 1.6 / 30 в Минске. Всего за 34.70 руб / уп. +375 (29) 741-52-26', ''),
(293, 2, '1.0293', 49, 'st16_45', 'Штифты ST 1.6 / 45', '', 'EMES', 5, '42.60 руб / уп', 'ZHBL - Штифты со шляпкой ST 1.6 / 45 (Минск)', 'Продажа штифтов со шляпкой для пневмоинструмента ST 1.6 / 45 в Минске. Всего за 42.60 руб / уп. +375 (29) 741-52-26', '');

-- (228, '1.0228', 6, 'test228', '', '', 'Aignep', 3, '0'),

-- (229, '1.0229', 26, 'test229', 'Муфта быстросъемная Aignep 001610000*(1;2;3)', '', 'Aignep', 3, '0'),
-- (230, '1.0230', 26, 'test230', 'Муфта быстросъемная Aignep 001620000*(1;2)', '', 'Aignep', 3, '0'),
-- (231, '1.0231', 26, 'test231', 'Муфта быстросъемная Aignep 001650000*(1;2;3;4)', '', 'Aignep', 3, '0'),
-- (232, '1.0232', 27, 'test232', 'Глушитель Aignep 0700000001', '', 'Aignep', 3, '0'),
-- (233, '1.0233', 27, 'test233', 'Глушитель Aignep 0702000002', '', 'Aignep', 3, '0'),
-- (234, '1.0234', 27, 'test234', 'Глушитель Aignep 071000000*(2;3)', '', 'Aignep', 3, '0'),
-- (235, '1.0235', 27, 'test235', 'Глушитель Aignep 0712000001', '', 'Aignep', 3, '0'),
-- (236, '1.0236', 28, 'test236', 'Обратный клапан Aignep 0603600001', '', 'Aignep', 3, '0'),
-- (237, '1.0237', 28, 'test237', 'Обратный клапан быстрого сброса Aignep 0605000003', '', 'Aignep', 3, '0'),
-- (238, '1.0238', 28, 'test238', 'Обратный клапан Aignep 060630000*(2;3)', '', 'Aignep', 3, '0'),
-- (239, '1.0239', 28, 'test239', 'Обратный клапан цанговый Aignep 060640000*(2;3)', '', 'Aignep', 3, '0'),
-- (240, '1.0240', 29, 'test240', 'Кран шаровый муфтовый с резьбой G ISO 228', '', 'Aignep', 3, '0'),
-- (241, '1.0241', 29, 'test241', 'Кран комбинированный с резьбой G ISO 228', '', 'Aignep', 3, '0'),
-- (242, '1.0242', 29, 'test242', 'Кран муфтовый с резьбой RP ISO 7', '', 'Aignep', 3, '0'),
-- (243, '1.0243', 29, 'test243', 'Кран комбинированный, паралельная наружная резьба GA ISO 228 / внутренняя резьба RP ISO 7', '', 'Aignep', 3, '0'),
-- (244, '1.0244', 29, 'test244', 'Кран комбинированный с байонетной гайкой и конической наружной резьбой RP ISO 7', '', 'Aignep', 3, '0'),
-- (245, '1.0245', 29, 'test245', 'Кран муфтовый с креплением на поверхность', '', 'Aignep', 3, '0'),
-- (246, '1.0246', 29, 'test246', 'Кран комбинированный цанговый с наружной конической резьбой R ISO 7', '', 'Aignep', 3, '0'),
-- (247, '1.0247', 30, 'test247', 'Ниппель с конической резьбой', '', 'Aignep', 3, '0');

-- images
INSERT INTO images (item_id, src)
VALUES
(1, 'http://194.67.78.19/images/im1.png'),
(2, 'http://194.67.78.19/images/im2.png'),
(3, 'http://194.67.78.19/images/im3.png'),
(4, 'http://194.67.78.19/images/im4.png'),
(5, 'http://194.67.78.19/images/im5.png'),
(6, 'http://194.67.78.19/images/im207.png'),
(7, 'http://194.67.78.19/images/im2.png'),
(283, 'http://194.67.78.19/images/im1.png'),
(284, 'http://194.67.78.19/images/im1.png'),
(285, 'http://194.67.78.19/images/im207.png'),
(8, 'http://194.67.78.19/images/im8.png'),
(9, 'http://194.67.78.19/images/im9.png'),
(10, 'http://194.67.78.19/images/im10.png'),
(286, 'http://194.67.78.19/images/im208.png'),
(287, 'http://194.67.78.19/images/im209.png'),
(288, 'http://194.67.78.19/images/im210.png'),

(11, 'http://194.67.78.19/images/im11.png'),
(11, 'http://194.67.78.19/images/im11-2.png'),
(11, 'http://194.67.78.19/images/im11-3.png'),
(11, 'http://194.67.78.19/images/im11-4.png'),

(12, 'http://194.67.78.19/images/im12.png'),
(12, 'http://194.67.78.19/images/im12-2.png'),
(12, 'http://194.67.78.19/images/im12-3.png'),
(12, 'http://194.67.78.19/images/im12-4.png'),

(13, 'http://194.67.78.19/images/im13.png'),
(13, 'http://194.67.78.19/images/im13-2.png'),
(13, 'http://194.67.78.19/images/im13-3.png'),
(13, 'http://194.67.78.19/images/im13-4.png'),

(14, 'http://194.67.78.19/images/im14.png'),
(14, 'http://194.67.78.19/images/im14-2.png'),
(14, 'http://194.67.78.19/images/im14-3.png'),
(14, 'http://194.67.78.19/images/im14-4.png'),

(15, 'http://194.67.78.19/images/im15.png'),
(15, 'http://194.67.78.19/images/im15-2.png'),
(15, 'http://194.67.78.19/images/im15-3.png'),
(15, 'http://194.67.78.19/images/im15-4.png'),

(16, 'http://194.67.78.19/images/im16.png'),
(16, 'http://194.67.78.19/images/im16-2.png'),
(16, 'http://194.67.78.19/images/im16-3.png'),
(16, 'http://194.67.78.19/images/im16-4.png'),

(17, 'http://194.67.78.19/images/im17.png'),
(17, 'http://194.67.78.19/images/im17-2.png'),
(17, 'http://194.67.78.19/images/im17-3.png'),
(17, 'http://194.67.78.19/images/im17-4.png'),

(18, 'http://194.67.78.19/images/im18.png'),
(18, 'http://194.67.78.19/images/im18-2.png'),

(19, 'http://194.67.78.19/images/im19.png'),
(19, 'http://194.67.78.19/images/im19-2.png'),
(19, 'http://194.67.78.19/images/im19-3.png'),
(19, 'http://194.67.78.19/images/im19-4.png'),

(20, 'http://194.67.78.19/images/im20.png'),
(20, 'http://194.67.78.19/images/im20-2.png'),
(20, 'http://194.67.78.19/images/im20-3.png'),
(20, 'http://194.67.78.19/images/im20-4.png'),

(21, 'http://194.67.78.19/images/im21.png'),
(21, 'http://194.67.78.19/images/im21-2.png'),
(21, 'http://194.67.78.19/images/im21-3.png'),
(21, 'http://194.67.78.19/images/im21-4.png'),

(22, 'http://194.67.78.19/images/im22.png'),
(22, 'http://194.67.78.19/images/im22-2.png'),
(22, 'http://194.67.78.19/images/im22-3.png'),
(22, 'http://194.67.78.19/images/im22-4.png'),

(23, 'http://194.67.78.19/images/im23.png'),
(23, 'http://194.67.78.19/images/im23-2.png'),
(23, 'http://194.67.78.19/images/im23-3.png'),
(23, 'http://194.67.78.19/images/im23-4.png'),

(24, 'http://194.67.78.19/images/im24.png'),
(24, 'http://194.67.78.19/images/im24-2.png'),
(24, 'http://194.67.78.19/images/im24-3.png'),
(24, 'http://194.67.78.19/images/im24-4.png'),

(25, 'http://194.67.78.19/images/im25.png'),
(25, 'http://194.67.78.19/images/im25-2.png'),
(25, 'http://194.67.78.19/images/im25-3.png'),
(25, 'http://194.67.78.19/images/im25-4.png'),

(26, 'http://194.67.78.19/images/im26.png'),
(26, 'http://194.67.78.19/images/im26-2.png'),
(26, 'http://194.67.78.19/images/im26-3.png'),
(26, 'http://194.67.78.19/images/im26-4.png'),

(27, 'http://194.67.78.19/images/im27.png'),
(27, 'http://194.67.78.19/images/im27-2.png'),
(27, 'http://194.67.78.19/images/im27-3.png'),
(27, 'http://194.67.78.19/images/im27-4.png'),

(121, 'http://194.67.78.19/images/im28.png'),
(122, 'http://194.67.78.19/images/im29.png'),
(123, 'http://194.67.78.19/images/im30.png'),
(124, 'http://194.67.78.19/images/im31.png'),
(125, 'http://194.67.78.19/images/im32.png'),
(126, 'http://194.67.78.19/images/im33.png'),
(127, 'http://194.67.78.19/images/im34.png'),
(128, 'http://194.67.78.19/images/im35.png'),
(129, 'http://194.67.78.19/images/im36.png'),
(130, 'http://194.67.78.19/images/im37.png'),
(131, 'http://194.67.78.19/images/im38.png'),
(132, 'http://194.67.78.19/images/im39.png'),
(133, 'http://194.67.78.19/images/im40.png'),
(134, 'http://194.67.78.19/images/im41.png'),
(135, 'http://194.67.78.19/images/im42.png'),
(136, 'http://194.67.78.19/images/im43.png'),
(137, 'http://194.67.78.19/images/im44.png'),
(138, 'http://194.67.78.19/images/im45.png'),
(139, 'http://194.67.78.19/images/im46.png'),
(140, 'http://194.67.78.19/images/im47.png'),
(141, 'http://194.67.78.19/images/im48.png'),
(142, 'http://194.67.78.19/images/im49.png'),
(143, 'http://194.67.78.19/images/im50.png'),
(144, 'http://194.67.78.19/images/im51.png'),
(145, 'http://194.67.78.19/images/im52.png'),
(146, 'http://194.67.78.19/images/im53.png'),
(147, 'http://194.67.78.19/images/im54.png'),
(148, 'http://194.67.78.19/images/im55.png'),
(149, 'http://194.67.78.19/images/im56.png'),
(150, 'http://194.67.78.19/images/im57.png'),
(151, 'http://194.67.78.19/images/im58.png'),
(152, 'http://194.67.78.19/images/im59.png'),
(153, 'http://194.67.78.19/images/im60.png'),
(154, 'http://194.67.78.19/images/im61.png'),
(155, 'http://194.67.78.19/images/im62.png'),
(156, 'http://194.67.78.19/images/im63.png'),
(157, 'http://194.67.78.19/images/im64.png'),
-- (158, 'http://194.67.78.19/images/im65.png'),
(159, 'http://194.67.78.19/images/im66.png'),
(160, 'http://194.67.78.19/images/im67.png'),
(161, 'http://194.67.78.19/images/im68.png'),
(162, 'http://194.67.78.19/images/im69.png'),
(163, 'http://194.67.78.19/images/im70.png'),
(164, 'http://194.67.78.19/images/im71.png'),
(165, 'http://194.67.78.19/images/im72.png'),
(166, 'http://194.67.78.19/images/im73.png'),
(167, 'http://194.67.78.19/images/im74.png'),
(168, 'http://194.67.78.19/images/im75.png'),
(169, 'http://194.67.78.19/images/im76.png'),
(170, 'http://194.67.78.19/images/im77.png'),
(171, 'http://194.67.78.19/images/im78.png'),
(172, 'http://194.67.78.19/images/im79.png'),
(173, 'http://194.67.78.19/images/im80.png'),
(174, 'http://194.67.78.19/images/im81.png'),
(175, 'http://194.67.78.19/images/im200.png'),
(176, 'http://194.67.78.19/images/im83.png'),
(177, 'http://194.67.78.19/images/im84.png'),
(178, 'http://194.67.78.19/images/im85.png'),
(179, 'http://194.67.78.19/images/im86.png'),
(180, 'http://194.67.78.19/images/im87.png'),
(181, 'http://194.67.78.19/images/im88.png'),
(182, 'http://194.67.78.19/images/im89.png'),
(183, 'http://194.67.78.19/images/im90.png'),
(184, 'http://194.67.78.19/images/im91.png'),
(185, 'http://194.67.78.19/images/im92.png'),
(186, 'http://194.67.78.19/images/im93.png'),
(187, 'http://194.67.78.19/images/im94.png'),
(188, 'http://194.67.78.19/images/im95.png'),
(189, 'http://194.67.78.19/images/im96.png'),
(190, 'http://194.67.78.19/images/im97.png'),
(191, 'http://194.67.78.19/images/im98.png'),
(192, 'http://194.67.78.19/images/im99.png'),
(193, 'http://194.67.78.19/images/im100.png'),
(194, 'http://194.67.78.19/images/im101.png'),
(195, 'http://194.67.78.19/images/im102.png'),
(196, 'http://194.67.78.19/images/im103.png'),
(197, 'http://194.67.78.19/images/im104.png'),
(198, 'http://194.67.78.19/images/im105.png'),
(199, 'http://194.67.78.19/images/im106.png'),
(200, 'http://194.67.78.19/images/im107-1.png'),
(200, 'http://194.67.78.19/images/im107-2.png'),
(200, 'http://194.67.78.19/images/im107-3.png'),
(200, 'http://194.67.78.19/images/im107-4.png'),
(200, 'http://194.67.78.19/images/im107-5.png'),
(201, 'http://194.67.78.19/images/im108.png'),
(202, 'http://194.67.78.19/images/im109.png'),
(203, 'http://194.67.78.19/images/im111.png'),
(204, 'http://194.67.78.19/images/im112.png'),
(205, 'http://194.67.78.19/images/im113.png'),
(206, 'http://194.67.78.19/images/im114.png'),
(207, 'http://194.67.78.19/images/im115.png'),
(208, 'http://194.67.78.19/images/im116.png'),
(209, 'http://194.67.78.19/images/im117.png'),
(210, 'http://194.67.78.19/images/im118.png'),
(211, 'http://194.67.78.19/images/im119.png'),
(212, 'http://194.67.78.19/images/im120.png'),
(213, 'http://194.67.78.19/images/im121.png'),
-- (214, 'http://194.67.78.19/images/im122.png'),
(215, 'http://194.67.78.19/images/im122.png'),
(216, 'http://194.67.78.19/images/im122.png'),
(217, 'http://194.67.78.19/images/im122.png'),
(218, 'http://194.67.78.19/images/im122.png'),
(219, 'http://194.67.78.19/images/im122.png'),
(220, 'http://194.67.78.19/images/im123.png'),
(221, 'http://194.67.78.19/images/im123.png'),
(222, 'http://194.67.78.19/images/im124.png'),
(223, 'http://194.67.78.19/images/im125.png'),
(224, 'http://194.67.78.19/images/im125.png'),
(225, 'http://194.67.78.19/images/im126.png'),
(226, 'http://194.67.78.19/images/im126.png'),
(227, 'http://194.67.78.19/images/im126.png'),
(228, 'http://194.67.78.19/images/im180.png'),
(229, 'http://194.67.78.19/images/im128.png'),
(230, 'http://194.67.78.19/images/im129.png'),
(289, 'http://194.67.78.19/images/im215.png'),
(290, 'http://194.67.78.19/images/im214.png'),
(231, 'http://194.67.78.19/images/im130.png'),
(232, 'http://194.67.78.19/images/im131.png'),
(233, 'http://194.67.78.19/images/im132.png'),
(234, 'http://194.67.78.19/images/im133.png'),
(235, 'http://194.67.78.19/images/im134.png'),
-- (236, 'http://194.67.78.19/images/im135.png'),
(237, 'http://194.67.78.19/images/im136.png'),
(238, 'http://194.67.78.19/images/im137.png'),
(239, 'http://194.67.78.19/images/im138.png'),
(240, 'http://194.67.78.19/images/im139.png'),
(241, 'http://194.67.78.19/images/im140.png'),
(242, 'http://194.67.78.19/images/im141.png'),
(243, 'http://194.67.78.19/images/im142.png'),
(244, 'http://194.67.78.19/images/im143.png'),
(245, 'http://194.67.78.19/images/im144.png'),
(246, 'http://194.67.78.19/images/im145.png'),
(247, 'http://194.67.78.19/images/im146.png'),
(248, 'http://194.67.78.19/images/im147.png'),
(249, 'http://194.67.78.19/images/im148.png'),
(250, 'http://194.67.78.19/images/im149.png'),
(251, 'http://194.67.78.19/images/im150.png'),
(252, 'http://194.67.78.19/images/im151.png'),
(252, 'http://194.67.78.19/images/im151-2.png'),
(252, 'http://194.67.78.19/images/im151-3.png'),
(253, 'http://194.67.78.19/images/im152.png'),
(253, 'http://194.67.78.19/images/im152-2.png'),
(253, 'http://194.67.78.19/images/im152-3.png'),
(254, 'http://194.67.78.19/images/im153.png'),
(255, 'http://194.67.78.19/images/im154.png'),
(256, 'http://194.67.78.19/images/im155.png'),
(257, 'http://194.67.78.19/images/im156.png'),
(258, 'http://194.67.78.19/images/im157.png'),
(259, 'http://194.67.78.19/images/im158.png'),
(260, 'http://194.67.78.19/images/im159.png'),
(261, 'http://194.67.78.19/images/im160.png'),
(262, 'http://194.67.78.19/images/im161.png'),
(263, 'http://194.67.78.19/images/im162.png'),
(264, 'http://194.67.78.19/images/im163.png'),
(265, 'http://194.67.78.19/images/im164.png'),
(266, 'http://194.67.78.19/images/im165.png'),
(267, 'http://194.67.78.19/images/im166.png'),
(268, 'http://194.67.78.19/images/im167.png'),
(269, 'http://194.67.78.19/images/im168.png'),
(270, 'http://194.67.78.19/images/im169.png'),
(271, 'http://194.67.78.19/images/im170.png'),
(272, 'http://194.67.78.19/images/im171.png'),
(291, 'http://194.67.78.19/images/im211.png'),
(273, 'http://194.67.78.19/images/im172.png'),
(274, 'http://194.67.78.19/images/im173.png'),
(275, 'http://194.67.78.19/images/im174.png'),
(276, 'http://194.67.78.19/images/im175.png'),
(277, 'http://194.67.78.19/images/im176.png'),
(278, 'http://194.67.78.19/images/im177.png'),
(279, 'http://194.67.78.19/images/im178.png'),
(280, 'http://194.67.78.19/images/im179.png'),
(281, 'http://194.67.78.19/images/im126.png'),
(282, 'http://194.67.78.19/images/im126.png'),
(292, 'http://194.67.78.19/images/im212.png'),
(293, 'http://194.67.78.19/images/im213.png');

-- 211

INSERT INTO pages (url, name, text, seo_title, seo_description, seo_keywords)
VALUES
('contacts', 'КОНТАКТНАЯ ИНФОРМАЦИЯ', '', 'Контакты - ZHBL - Все для пневмооборудования (Минск)', 'Адрес: г. Минск, ул. Селицкого 21К, 4 этаж, помещение 8. Телефон: +375 (29) 741-52-26. E-mail: zhibul.maksim@yandex.ru', 'деревообработка, компрессоры, скоба, штифты, шпилька, гвозди, масло, фитинги, жбл, zhbl, пневмоинструмент, пневматический инструмент, крепеж, ez-fasten, fasco, emes, remeza, fiac, oldc, slim, gav, walcom, walmec, купить крепеж в минске, ип жибуль, краскопульты, xlight, hte, hvlp, скобозабиватель, штифтозабиватель, шпилечник, ремонт пневмоинструмента'),
('dostavka', 'Доставка по Беларуси', 'Доставка по Республике Беларусь осуществляется двумя способами:<ol><li>Автолайт экспресс</li><li>Европочта (возможен наложенный платёж)</li><li>СДЭК</li></ol><br/>Стоимость доставки уточняйте у менеджера.<br/><br/><br/><h1 class="text-center">Бесплатная доставка</h1><br/>Бесплатная доставка осуществляется в пределах зелёной зоны, которая отмечена на карте ниже. Данный вид доставки возможен только при покупке от 400 белорусских рублей.<br/><br/>В неё не входят категории:<br/><ol><li>Компрессорное оборудование</li><li>Осушители</li><li>Фильтры</li></ol><br/>', 'ZHBL - Доставка по Беларуси (Минск)', 'Страница доставки и оплаты', 'доставка,оплата'),
(
-- url
'rembaza',
-- url

-- name
'ОБСЛУЖИВАНИЕ И РЕМОНТ ПНЕВМОИНСТРУМЕНТА',
-- name

-- description
'Наша компания ZHBL располагает собственной ремонтно-технической базой.
<br/><br/>
Мы предлагаем оригинальные запасные части для пневматических инструментов таких брендов,
как: BeA, BOSTITCH, DYNABRADE, EZ-FASTEN, FASCO (BECK), HITACHI, MAX, PREBENA, SENCO, SUMAKE.<br/>
Ремонтируем следующие типы пневматического оборудования:<br/>

<ol>
  <li>Гвоздезабивные пистолеты</li>
  <li>Пневматические шлифмашинки</li>
  <li>Скобозабивные пистолеты</li><li>Шпилькозабивные пистолеты</li>
  <li>Штифтозабивные пистолеты</li>
</ol>

<br/>Не ремонтируем: гайковерты, пневмозаклепочники, пневмомолотки, 
пневмотрещетки, пневмотрещетки, пневмолобзики, пневматические дрели, пнеевмоотвертки.',
-- description

-- seo title
'ZHBL - Ремонт пневматического инструмента (Минск)',
-- seo title

-- seo description
'Компания ZHBL осуществляет ремонт пневматического инструмента и оборудования.
Есть возможность выезда специалиста на производства. Телефон: +375 (44) 758-16-43',
-- seo description

-- seo keywords
'Ремонт пневмоинструмента, ремонт пневмооборудования, ремонт компрессора, ип жибуль, ремонт шлифмашинки,
ремонт шпилькозабивного пистолета, ремонт скобозабивателя,
ремонт пневмостеплера, ремонт, штифтозабивного пистолета, ремонт инструмента fasco, ez-fasten, bostitch,
sumake, fasco, hitachi, senco, prebena, ремонт ez-fasten,
ремонт bostitch, ремонт sumake, ремонт hitachi, ремонт prebena, ремонт senco, ремонт инструмента минск,
ремонт пневмоинструмента минск, боек для шпилечника'
-- seo keywords
),
('arenda_prizepa', '', '', 'ZHBL - Аренда автоприцепов (Минск)', 'Аренда автоприцепов с тентом и без тента в Минске. Цена - 20 руб/сут. Телефон: +375 (44) 758-16-43', 'аренда прицепа минск, прицеп на колесах аренда, перевозки, легковой автоприцеп, цена на прицеп, прокат прицепа, взять в аренду автоприцеп, прицеп, аренда прицепа, ип жибуль, ип жибуль и.а, автоприцеп на прокат, прицеп на сутки, автоприцеп в аренду, аренда прицепа с тентом, аренда прицепа минск, аренда прицепа без тента, аренда легкового прицепа, аренда автомобилей прицепов, аренда прицепа для легкового автомобиля, взять прицеп в аренду, аренда прицепа цена, прицеп на колесах аренда, аренда прицепов в минске, аренда прицепа для перевозки, взять в аренду легковой прицеп, аренда легкового прицепа цена, прицеп для легкового автомобиля взять в аренду, аренда автомобильного прицепа, аренда прицепов белоруснефть, аренда прицепа недорого, снять прицеп в аренду, аренда легковых прицепов минск, аренда прицепа для мотоцикла, аренда прицепа стоимость, аренда прицепа азс, а100 аренда прицепов, аренда прицепа без водителя, аренда прицепов в минске для легковых автомобилей, аренда прицепа кг, аренда прицепа для легковых автомобилей газпром, аренда прицепа заправка, аренда прицепа беларусь, аренда прицепа в минске цены, аренда прицепа для перевозки мотоцикла, аренда п прицепов, прицеп для легкового авто в аренду, сколько стоит прицеп в аренду, прицеп прокат аренда, аренда прицепа для легковой машины, аренда прицепа на сутки, аренда прицепа до 750 кг, аренда прицепа а100 минск, ома аренда прицепа, где взять прицеп в аренду, аренда прицепов беларусьнефть, аренда легкового прицепа стоимость, лукойл аренда прицепов, аренда прицепа для легкового газпромнефть, а100 аренда прицепа цена, аренда прицепа курган, аренда прицепа на азс белоруснефть, взять прицеп в аренду в минске'),
('index', '', '', 'Компания ZHBL - Все для пневмооборудования (Минск)', 'Широкий выбор крепежных изделий, пневматических пистолетов, компрессоров, соединительных элементов, запчастей для компрессоров и сопутствующих товаров для пневмооборудования. +375 (29) 741-52-26', 'пневмоинструмент, крепеж, zhbl, ип жибуль,компрессоры, соединительные элементы, скобозабивной пистолет, скобы, штифтозабивной пистолет, штифты, шпилькозабивной пистолет, шпилька, гвоздезабивной пистолет, скобозабиватель, ремеза, remeza, walcom, краскопульты, масла, запчасти для пневмоинструмента, ремонт пневмоинструмента, фитинги, ремнаборы для краскопультов, бачки для краскопультов, манометры, осушители воздуха, фильтры для компрессора, крепежные изделия, пневматика, резьбовые соединения, цанговые соединения'),
('uslugi', '', '', 'ZHBL - Ремонт пневмоинструмента и аренда прицепов (Минск)', '', ''),
('katalog', '', '', 'ZHBL - Каталог товаров (Минск)', '', '');

INSERT INTO trailer_rent (title, description, url, image_src, seo_title, seo_description, seo_keywords)
VALUES
(
'Аренда автоприцепа с тентом',

'В концепцию прицепа был заложен крепкий кузов уникальных размеров 3 на 1,5 метра. На легковом прицепе "Атлет" удобно перевозить
как материалы для строительства, так и технику для экстримального отдыха. Высота кузова от пола до тента 1,5 метра.',

'arenda-s-tentom',

'http://194.67.78.19/trailers/preview-with-tent.png',

'ZHBL - Аренда автоприцепов с тентом (Минск)',

'',

''
),
(
'Аренда автоприцепа без тента',

'В концепцию прицепа был заложен крепкий кузов уникальных размеров 3 на 1,5 метра. Прицеп Титан-3000 для легковых
автомобилей решает вопрос перевозки тяжёлых (до 500 кг) и габаритных грузов, когда нет возможности или потребности в покупке грузового транспорта.
Оборудован высоким жёстким каркасом, к которому можно крепить грузы для их большей устойчивости.',

'arenda-bez-tenta',

'http://194.67.78.19/trailers/preview-without-tent.jpg',

'ZHBL - Аренда автоприцепов без тента (Минск)',

'',

''
);

INSERT INTO trailers (trailer_rent_id, title, text)
VALUES
(1, 'Аренда автоприцепа с тентом', 'В концепцию прицепа был заложен крепкий кузов уникальных размеров 3 на 1,5 метра. На легковом прицепе "Атлет" удобно перевозить как материалы для строительства, так и технику для экстримального отдыха. Подвеска прицепа для легковых автомобилей имеет уникальную рессору с подрессорником. Для защиты грузов от внешнего воздействия (осадки, грязь, пыль и тп.) на прицепе "Атлет" устанавливается тент. Высота кузова от пола до тента 1,5 метра. Тент имеет аэродинамический скос, позволяющий умешить сопротивление воздуха при езде с прицепом. При установке удлинителя дышла в крайнее положение на прицепе можно перевозить длиномерные грузы до 6 метров, при этом следует помнить, что груз выступающий за 1 метр от кузова прицепа надо обозначить знаком "крупногабаритный груз".'),
(2, 'Аренда автоприцепа без тента', 'Прицеп Титан-3000 для легковых автомобилей решает вопрос перевозки тяжёлых (до 500 кг) и габаритных грузов, когда нет возможности или потребности в покупке грузового транспорта. Оборудован высоким жёстким каркасом, к которому можно крепить грузы для их большей устойчивости. На каркас можно натянуть водонепроницаемый тент, который защитит перевозимые грузы от осадков, пыли и грязи (например, при перевозке по грязным дорогам в дождь). Так же тент скроет содержимое прицепа от посторонних глаз.');

INSERT INTO trailer_options (trailer_id, icon, name, text)
VALUES
(1, 'size', 'Габариты кузова', 'Длина кузова - 3010 мм<br/>Ширина кузова - 1480 мм'),
(1, 'height', 'Высота кузова', 'Высота кузова - 380 мм<br/>Высота каркаса (тента) - 1500 мм'),
(1, 'options', 'Грузоподъемность', 'По документам - 460 кг<br/>По факту - до 750 кг'),
(1, 'exclamation-mark', 'Общая информация', 'Минимальный срок аренды - 3 часа<br/>Цена за сутки - 20 рублей'),
(2, 'size', 'Габариты кузова', 'Длина кузова - 3000 мм<br/>Ширина кузова - 1500 мм'),
(2, 'info', 'Шасси', 'Тип подвески - рессорно-амортизаторная<br/>Размер колес - R13 4х98'),
(2, 'options', 'Грузоподъемность', 'По документам - 500 кг<br/>По факту - до 740 кг'),
(2, 'exclamation-mark', 'Общая информация', 'Минимальный срок аренды - 3 часа<br/>Цена за сутки - 20 рублей');

INSERT INTO trailer_images (trailer_id, src)
VALUES
(1, 'http://194.67.78.19/trailer/tent1.jpg'),
(1, 'http://194.67.78.19/trailer/tent2.png'),
(1, 'http://194.67.78.19/trailer/tent3.jpg'),
(2, 'http://194.67.78.19/trailer/without_tent1.jpg'),
(2, 'http://194.67.78.19/trailer/without_tent2.jpg'),
(2, 'http://194.67.78.19/trailer/without_tent3.jpg');
