-- MySQL dump 10.13  Distrib 8.0.33, for Linux (x86_64)
--
-- Host: localhost    Database: zhibul
-- ------------------------------------------------------
-- Server version	8.0.33

/*!40101 SET @OLD_CHARACTER_SET_CLIENT=@@CHARACTER_SET_CLIENT */;
/*!40101 SET @OLD_CHARACTER_SET_RESULTS=@@CHARACTER_SET_RESULTS */;
/*!40101 SET @OLD_COLLATION_CONNECTION=@@COLLATION_CONNECTION */;
/*!50503 SET NAMES utf8mb4 */;
/*!40103 SET @OLD_TIME_ZONE=@@TIME_ZONE */;
/*!40103 SET TIME_ZONE='+00:00' */;
/*!40014 SET @OLD_UNIQUE_CHECKS=@@UNIQUE_CHECKS, UNIQUE_CHECKS=0 */;
/*!40014 SET @OLD_FOREIGN_KEY_CHECKS=@@FOREIGN_KEY_CHECKS, FOREIGN_KEY_CHECKS=0 */;
/*!40101 SET @OLD_SQL_MODE=@@SQL_MODE, SQL_MODE='NO_AUTO_VALUE_ON_ZERO' */;
/*!40111 SET @OLD_SQL_NOTES=@@SQL_NOTES, SQL_NOTES=0 */;

--
-- Table structure for table `admins`
--

DROP TABLE IF EXISTS `admins`;
/*!40101 SET @saved_cs_client     = @@character_set_client */;
/*!50503 SET character_set_client = utf8mb4 */;
CREATE TABLE `admins` (
  `id` bigint unsigned NOT NULL AUTO_INCREMENT,
  `name` varchar(120) NOT NULL,
  `password_hash` varchar(200) NOT NULL,
  PRIMARY KEY (`id`),
  UNIQUE KEY `id` (`id`),
  UNIQUE KEY `name` (`name`)
) ENGINE=InnoDB AUTO_INCREMENT=2 DEFAULT CHARSET=utf8mb4 COLLATE=utf8mb4_0900_ai_ci;
/*!40101 SET character_set_client = @saved_cs_client */;

--
-- Dumping data for table `admins`
--

LOCK TABLES `admins` WRITE;
/*!40000 ALTER TABLE `admins` DISABLE KEYS */;
INSERT INTO `admins` VALUES (1,'test','$2a$07$ehU8KFm5OZX/TRSxeW1dg.0owwKYeu3KUdQ1Eyz8uoX0EFaHo1kRC');
/*!40000 ALTER TABLE `admins` ENABLE KEYS */;
UNLOCK TABLES;

--
-- Table structure for table `app_variables`
--

DROP TABLE IF EXISTS `app_variables`;
/*!40101 SET @saved_cs_client     = @@character_set_client */;
/*!50503 SET character_set_client = utf8mb4 */;
CREATE TABLE `app_variables` (
  `id` bigint unsigned NOT NULL AUTO_INCREMENT,
  `name` varchar(50) NOT NULL,
  `value` varchar(100) NOT NULL,
  PRIMARY KEY (`id`),
  UNIQUE KEY `id` (`id`)
) ENGINE=InnoDB AUTO_INCREMENT=15 DEFAULT CHARSET=utf8mb4 COLLATE=utf8mb4_0900_ai_ci;
/*!40101 SET character_set_client = @saved_cs_client */;

--
-- Dumping data for table `app_variables`
--

LOCK TABLES `app_variables` WRITE;
/*!40000 ALTER TABLE `app_variables` DISABLE KEYS */;
INSERT INTO `app_variables` VALUES (1,'phone_sales','+375 (29) 741-52-26'),(2,'phone_services','+375 (44) 758-16-43'),(3,'inst','https://www.instagram.com/_zhbl_'),(4,'vk','https://vk.com/zhbl_ip'),(5,'tg','http://t.me/zhbl_company'),(6,'dzen','https://dzen.ru/zhbl'),(7,'email','zhibul.maksim@yandex.ru'),(8,'address','г. Минск, Селицкого 21К, 4 этаж, кабинет 8'),(9,'work_time','Пн - Чт: 09.00 - 17.00'),(10,'work_time','Пт: 09.00 - 16.30'),(11,'years','12'),(12,'clients','209'),(13,'partners','12'),(14,'repair_done','2974');
/*!40000 ALTER TABLE `app_variables` ENABLE KEYS */;
UNLOCK TABLES;

--
-- Table structure for table `candidates`
--

DROP TABLE IF EXISTS `candidates`;
/*!40101 SET @saved_cs_client     = @@character_set_client */;
/*!50503 SET character_set_client = utf8mb4 */;
CREATE TABLE `candidates` (
  `id` bigint unsigned NOT NULL AUTO_INCREMENT,
  `phone` varchar(20) DEFAULT NULL,
  `name` varchar(50) DEFAULT NULL,
  `company` varchar(100) DEFAULT NULL,
  `email` varchar(50) DEFAULT NULL,
  `comment` varchar(500) DEFAULT NULL,
  PRIMARY KEY (`id`),
  UNIQUE KEY `id` (`id`)
) ENGINE=InnoDB DEFAULT CHARSET=utf8mb4 COLLATE=utf8mb4_0900_ai_ci;
/*!40101 SET character_set_client = @saved_cs_client */;

--
-- Dumping data for table `candidates`
--

LOCK TABLES `candidates` WRITE;
/*!40000 ALTER TABLE `candidates` DISABLE KEYS */;
/*!40000 ALTER TABLE `candidates` ENABLE KEYS */;
UNLOCK TABLES;

--
-- Table structure for table `categories`
--

DROP TABLE IF EXISTS `categories`;
/*!40101 SET @saved_cs_client     = @@character_set_client */;
/*!50503 SET character_set_client = utf8mb4 */;
CREATE TABLE `categories` (
  `id` bigint unsigned NOT NULL AUTO_INCREMENT,
  `position` int DEFAULT '0',
  `name` varchar(50) NOT NULL,
  `description` text,
  `image` varchar(150) DEFAULT NULL,
  `url` varchar(70) NOT NULL,
  `parent_id` bigint DEFAULT NULL,
  `is_contains` tinyint(1) NOT NULL,
  `seo_title` text,
  `seo_description` text,
  `seo_keywords` text,
  PRIMARY KEY (`id`),
  UNIQUE KEY `id` (`id`)
) ENGINE=InnoDB AUTO_INCREMENT=50 DEFAULT CHARSET=utf8mb4 COLLATE=utf8mb4_0900_ai_ci;
/*!40101 SET character_set_client = @saved_cs_client */;

--
-- Dumping data for table `categories`
--

LOCK TABLES `categories` WRITE;
/*!40000 ALTER TABLE `categories` DISABLE KEYS */;
INSERT INTO `categories` VALUES (1,5,'Запчасти для краскораспылителей','','https://api.zhbl.by/images/im13.png','zapasnye_chasti',NULL,1,'ZHBL - Запасные части для краскораспылителей WALCOM (Минск)','У нас вы сможете приобрести оригинальные запчасти и ремнаборы для краскораспылителей Walcom. +375 (29) 741-52-26','walcom genesi ремкомплект, ремкомплект краскопульта walcom, ремкомплект walcom, запчасти к краскопульту, запчасти walcom, ремкомплект walcom slim walcom, walmec, дюза в наборе, сопло, запчасти walcom slim, сопло kombat hte , сопло kombat, сопло kombat hvlp, сопло xlight, сопло xlight hte, сопло xlight hvlp, сопло ego, сопло ego hte, сопло ego hvlp, walcom slim сопло, сопло для краскопульта slim, сопло slim hte, сопло slim hvlp, сопло genesi, сопло genesi hte, сопло genesi geo, сопло genesi hvlp, сопло carbonio, сопло в наборе, дюза в наборе'),(2,4,'Компрессорное оборудование','','https://api.zhbl.by/images/im38.png','kompressory',NULL,1,'ZHBL - Компрессоры (Минск)','Продажа поршневых масляных компрессоров с прямым и ременным приводом, винтовых, а так же безмасляных компрессоров Remeza в Минске. +375 (29) 741-52-26','компрессор, безмасляный компрессор, купить компрессор минск, ремеза, remeza, aircast, поршневой компрессор, компрессор для покраски, купить компрессор, компрессор ременный, компрессор с прямым приводом, купить поршневой компрессор, fiac, oldc, компрессор поршневый, компрессор цена, компрессор 50, компрессор воздушный купить, компрессор 220в, компрессор 100, винтовой компрессор, винтовым компрессора, компрессоры воздушные 220в, компрессор воздуха, компрессор воздушный электрический, компрессор масляный, компрессор электрический 220в, компрессор воздушный электрический 220в, компрессор для покраски, компрессор 24, компрессор масляный 50, компрессор поршневой масляный, компрессор масляный купить, компрессор воздушный масляный, компрессор масляный 2.2 квт, компрессор ременной масляный, компрессор масляный 100 л, безмасляный компрессор купить, безмасляный воздушный компрессор, безмасляный компрессор для гаража, компрессор безмасляный 50, компрессор безмасляный 24, купить винтовой компрессор, компрессор винтовой воздушный, винтовые компрессоры вк, винтовой компрессор цена, винтовой компрессор 5 5, винтовой компрессор ремеза, компрессорное оборудование, винтовой компрессор remeza, винтовой компрессор 7.5, компрессор электрический винтовой, винтовые масляные компрессоры'),(3,2,'Краскораспылители','Бренды краскораспылителей: WALCOM.','https://api.zhbl.by/images/im60.png','kraskoraspyliteli',NULL,1,'ZHBL - Краскораспылители Walcom (Минск)','Продажа краскораспылителей Walcom в Минске. У нас вы сможете купить краскопульт под необходимые задачи. +375 (29) 741-52-26','Walcom, краскопульт, краскопульт покраска, краскопульт минск, краскопульт купить, краскопульт пневматический, краскораспылитель, краскораспылитель купить, краскораспылитель пневматический, краскораспылитель hvlp, краскораспылитель hte, пулик, walmec, краскопульт пневматический все инструменты, краскопульт пневматический, пневмоинструмент для покраски, пневмоинструмент краскопульт'),(4,3,'Пневматический инструмент','','https://api.zhbl.by/images/im103.png','pnevmoinstrument',NULL,1,'ZHBL - Пневматический инструмент (Минск)','Продажа скобозабивных, шпилькозабивных, штифтозабивных, гвоздезабивных  в Минске. Таких брендов, как: Fasco, EZ-Fasten. Телефон: +375 (29) 741-52-26','фаско, ип жибуль, fasco, скобозабиватель, пневмоинструмент, скобозабивной пистолет, штифтозабиватель, шпилькозабиватель, штифтозабивной пистолет, гвоздезабиватель, гвоздезабивной пистолет, ez fasten купить, ez fasten, нейлер, купить нейлер минск, купить пневмостеплер минск, пневмостеплер, купить senco, инструмент для окон, инструмент для мебели, инструмент для поддонов, пневматический инструмент купить, пневматические пистолеты инструмент, пневматический инструмент оборудование, пневматические машины и инструменты, компрессоры и пневматические инструменты, пневматический строительный инструмент, характеристика пневматического инструмента, переносной пневматический инструмент, пневматический инструмент для гвоздей, пневматические инструменты цена, типы пневматического инструмента, устройство пневматических инструментов, пневматический инструмент bostitch, пневматический шлифовальный инструмент, современные пневматические инструменты, магазин пневматического инструмента, скобозабивной инструмент пневматический, пневматический упаковочный инструмент, пневматический инструмент для забивания, купить компрессоры и пневматические инструменты, пневматический инструмент для забивания гвоздей, компрессоры и пневматические инструменты цена, пневматический инструмент профессиональный, пневматический скобообжимной инструмент, пневмопистолет, пневматический инструмент минск, купить пневмоинструмент, магазин пневмоинструмента, пневмоинструмент сайт, пневмоинструмент цена, пневмоинструмент для гвоздей, гвоздезабивной пневмоинструмент, пневмоинструмент пистолеты, пневмоинструмент минск, бостич пневмоинструмент, пневмоинструмент купить в минске, пневмоинструмент senco, bostitch пневмоинструмент, купить пневмоинструмент беларусь, пневмоинструмент гомель'),(5,1,'Крепеж для пневмоинструмента','','https://api.zhbl.by/images/im188.png','krepezh',NULL,1,'ZHBL - Крепеж для пневмоинструмента (Минск)','Продажа крепежных изделий для пневматического инструмента в Минске. Скобы, штифты, шпильки и гвозди от польского бренда EMES. Телефон: +375 (29) 741-52-26','Пневмоинструмент, гвозди, гвозди рифленые, гвозди для нейлера купить, гвозди гладкие, гвозди ершеные,гвозди для нейлера, микрошпилька, пиннер, штифты, шпилька, ип жибуль, нейлер, скоба, микрошпилька, штифт без шляпки, крепеж, крепежные изделия, крепеж минск, крепежные изделия минск, купить скобы минск, купить штифты минск, купить гвозди минск, крепеж для пневмоинструмента, скобяные изделия, шпильки для нейлера, гвозди для нейлера, пневмоинструмент для забивания гвоздей'),(7,7,'Трубки и шланги','','https://api.zhbl.by/images/im122.png','trubki_shlangi',NULL,0,'ZHBL - Трубки, шланги и рвд AIGNEP (Минск)','Продажа трубок, шлангов и рукавов высокого давления AIGNEP в Минске. +375 (29) 741-52-26','шланги спиральны, шланги, шланги полиуретановые, купить трубку, трубки, трубки тефлоновые, трубки полиуретановые, трубки полиамидные, рукава высокого давления, рвд, трубки AIGNEP, AIGNEP, шланги AIGNEP, шланги gav, gav, рукава AIGNEP, рвд AIGNEP, шланг для пневматического инструмента, шланг для пневмоинструмента, шланг воздушный для пневмоинструмента, шланг для пневмоинструмента 10 мм, шланг для пневмоинструмента 12 мм, шланги компрессоров пневмоинструмента, шланг для пневмоинструмента 8 мм, шланг армированный для пневмоинструмента, шланг витой для пневмоинструмента, гибкий шланг для пневмоинструмента, шланг для пневмоинструмента резиновый, рукав для пневмоинструмента, шланг для пневмоинструмента fubag, шланг для пневмоинструмента внутренний диаметр 12 мм, какой шланг лучше для пневмоинструмента, какой шланг нужен для пневмоинструмента, длина шланга для пневмоинструмента, шланг под пневмоинструмент, купить шланг для пневмоинструмента 10 мм, купить шланг, шланг спиральный для пневмоинструмента 10 мм, купить шланг для пневмоинструмента 12 мм, какой шланг выбрать для пневмоинструмента, шланги воздушные для пневмоинструмента с быстроразъемным соединением, шланги воздушные, шланги воздушные для пневмоинструмента, масляные трубки компрессора'),(8,2,'Бачки для краски','','https://api.zhbl.by/images/im2.png','bachki',1,0,'ZHBL - Бачки для краскораспылителей Walcom (Минск)','У нас вы сможете приобрести оригинальные бачки для краскораспылитей Walcom любого объема.  +375 (29) 741-52-26','бачок краскопульта купить верхний, бачок для краскопульта, бачок для краскопульта купить,walcom бачок, walcom slim бачок, бачок для краскопульта walcom, бачок для краскопульта walcom slim, бачок краскопульта walcom genesi, бачок для краскопульта, бачок для краскопульта купить, резьба бачка краскопульта, бачок краскопульты walcom, бачок для краскопульта walcom slim, бачок для краскопульта walcom slim верхний, бачок для краскопульта walcom slim s hte, genesi бачок, бачок для walcom slim, xlight бачок, kombat бачок, ego бачок'),(9,3,'Регуляторы давления','','https://api.zhbl.by/images/im8.png','regulyatory_davleniya',1,0,'ZHBL - Регуляторы давления Walcom (Минск)','У нас вы сможете приобрести оригинальные регуляторы давления Walcom. +375 (29) 741-52-26','walcom, регулятор давления для краскопульта купить, регулятор давления с манометром для краскопульта, регулятор давления с манометром, регулятор давления, регулятор давления walcom, электронный регулятор давления, регулятор давления для краскопульта, регулятор давления с манометром walcom купить, регулятор давления с манометром для краскопульта, регулятор давления для краскопульта купить, регулятор давления воздуха для краскопульта, регулятор давления воздуха для краскопульта купить, регулятор давления воздуха для краскопульта с манометром, регулятор давления на краскопульт с манометром купить, регулятор давления с фильтром для краскопульта, регулятор давления для краскопульта 1 4, влагоотделитель с регулятором давления для краскопульта, регулятор давления под краскопульт, регулятор давления для пистолета краскопульта, регулятор давления для краскопульта купить в минске, регулятор давления перед краскопультом, регулятор давления c манометром на краскопульт, манометр для краскопульта, манометр регулятор для краскопульта, манометр давления для краскопульта, регулятор давления с манометром для краскопульта, купить манометр регулятор для краскопульта, регулятор воздуха с манометром для краскопульта, манометр на краскопульт купить, регулятор давления воздуха для краскопульта с манометром, купить манометр давления воздуха для краскопульта, регулятор давления на краскопульт с манометром купить, манометр к краскопульту, редуктор на краскопульт с манометром, краскопульт пневматический с манометром, манометр для краскопульта walcom, краскопульт для покраски с манометром, электронный манометр для краскопульта'),(10,6,'Сопла для серии CARBONIO','','https://api.zhbl.by/images/im11.png','nabory_carbonio',33,0,'ZHBL - Наборы сменных сопел WALCOM CARBONIO (Минск)','Продажа наборы сменных сопел WALCOM CARBONIO в Минске. +375 (29) 741-52-26',''),(11,4,'Сопла для серии EGO','','https://api.zhbl.by/images/im17.png','nabory_ego',33,0,'ZHBL - Наборы сменных сопел для WALCOM EGO (Минск)','Продажа наборы сменных сопел WALCOM EGO в Минске. +375 (29) 741-52-26',''),(12,5,'Сопла для серии GENESI','','https://api.zhbl.by/images/im19.png','nabory_genesi',33,0,'ZHBL - Наборы сменных сопел для WALCOM GENESI (Минск)','Продажа наборы сменных сопел WALCOM GENESI в Минске. +375 (29) 741-52-26',''),(13,2,'Сопла для серии KOMBAT','','https://api.zhbl.by/images/im22.png','nabory_kombat',33,0,'ZHBL - Наборы сменных сопел для WALCOM SLIM KOMBAT (Минск)','Продажа наборы сменных сопел WALCOM SLIM KOMBAT в Минске. +375 (29) 741-52-26',''),(14,3,'Сопла для серии SLIM','','https://api.zhbl.by/images/im24.png','nabory_slim',33,0,'ZHBL - Наборы сменных сопел для WALCOM SLIM (Минск)','Продажа наборы сменных сопел WALCOM SLIM в Минске. +375 (29) 741-52-26',''),(15,1,'Сопла для серии XLIGHT','','https://api.zhbl.by/images/im26.png','nabory_xlight',33,0,'ZHBL - Наборы сменных сопел для WALCOM SLIM XLIGHT (Минск)','Продажа наборы сменных сопел WALCOM SLIM XLIGHT в Минске. +375 (29) 741-52-26',''),(16,1,'Компрессоры с прямым приводом','Компрессоры поршневые полупрофессиональные с прямым приводом. Хорошо подходят для личных целей, где требуется компактность, была возможность взять его с собой, а главное - невысокая цена.','https://api.zhbl.by/images/im31.png','kompressory_s_pryamym_privodom',2,0,'ZHBL - Компрессоры с прямым приводом (Минск)','Продажа поршневых компрессоров с прямым приводом от 1,5 до 2,2 кВт. Серии AiRcast. +375 (29) 741-52-26','компрессор, компрессор масляный 220в, компрессор масляный 24л, масляный компрессор 24 литра, купить масляный компрессор 24, компрессор масляный для дома, компрессор масляный купить 24, купить хороший компрессор для гаража масляный, какой купить масляный компрессор для гаража, компрессор масляный для гаража купить, купить компрессор с прямым приводом, компрессор 220в купить минск, компрессор масляный 1.5 квт, компрессор масляный 24, масляный компрессор для гаража, лучший масляный компрессор для гаража, поршневой компрессор с прямым приводом, компрессор 220в, компрессор воздушный, aircast, компрессор масляный 50, компрессор масляный, компрессор масляный 100, компрессор масляный купить, компрессор воздушный масляный, компрессор поршневой масляный, компрессор ремеза, компрессор масляный 2.2 квт, компрессор ременной масляный, купить масляный компрессор 50, компрессор воздушный поршневой масляный, компрессор масляный 50 л 2.2 квт, купить компрессор воздушный масляный, компрессор масляный 100 л 2.2 квт, омпрессор поршневой масляный купить, масляный компрессор remeza, купить компрессор масляный 50 л, компрессор масляный 100л, компрессор масляный remeza сб4, масляный компрессор для покраски, компрессор масляный 50л купить, компрессор воздушный электрический масляный, компрессоры воздушные 220в масляные, компрессор воздушный масляный 50л, компрессор масляный 100 литров, купить масляный компрессор 50 литров, компрессор поршневой масляный 50л, компрессор поршневой масляный 50 л, компрессор масляный электрический 220в, компрессор масляный воздушный электрический 220в, сб4 100 компрессор масляный remeza, компрессор масляный 200 л, 220 вольт компрессоры масляные, компрессор воздушный масляный 50 литров, купить компрессор масляный 100 л, масляный компрессор с ресивером, масляный компрессор для покраски какой лучше, компрессор воздушный 24л масляный, компрессор масляный ремеза, компрессор масляный 220в купить'),(17,2,'Компрессоры с ременным приводом','Поршневые компрессоры с ременным приводом до 10 атмосфер. Используются в основном для промышленных нужд, где не требуется высокая производительность.','https://api.zhbl.by/images/im38.png','kompressory_porshnevye',2,0,'ZHBL - Компрессоры с ременным приводом (Минск)','Продажа поршневых компрессоров мощностью от 1,5 до 11,0 кВт с ременным приводом до 10 бар (Remeza). +375 (29) 741-52-26','ип жибуль, zhbl, компрессор, ремеза, remeza, aircast, поршневой компрессор, масляный компрессор, купить компрессор, цена компрессора, квт, компрессор с ременным приводом, компрессор с ременным приводом, компрессор маслозаполненный, компрессор 10 бар, компрессор масляный 3 квт, компрессор масляный 320 50, компрессор масляный с ременным приводом, компрессоры воздушные масляные ременные, купить компрессор ременной масляный      , компрессор масляный 10 бар, лучший масляный компрессор для гаража, поршневой компрессор с прямым приводом, компрессор 220в, компрессор воздушный, aircast, компрессор масляный 50, компрессор масляный, компрессор масляный 100, компрессор масляный купить, компрессор воздушный масляный, компрессор поршневой масляный, компрессор ремеза, компрессор масляный 2.2 квт, компрессор ременной масляный, купить масляный компрессор 50, компрессор воздушный поршневой масляный, компрессор масляный 50 л 2.2 квт, купить компрессор воздушный масляный, компрессор масляный 100 л 2.2 квт, омпрессор поршневой масляный купить, масляный компрессор remeza, купить компрессор масляный 50 л, компрессор масляный 100л, компрессор масляный remeza сб4, масляный компрессор для покраски, компрессор масляный 50л купить, компрессор воздушный электрический масляный, компрессоры воздушные 220в масляные, компрессор воздушный масляный 50л, компрессор масляный 100 литров, купить масляный компрессор 50 литров, компрессор поршневой масляный 50л, компрессор поршневой масляный 50 л, компрессор масляный электрический 220в, компрессор масляный воздушный электрический 220в, сб4 100 компрессор масляный remeza, компрессор масляный 200 л, 220 вольт компрессоры масляные, компрессор воздушный масляный 50 литров, купить компрессор масляный 100 л, масляный компрессор с ресивером, масляный компрессор для покраски какой лучше, компрессор воздушный 24л масляный, компрессор масляный ремеза, компрессор масляный 220в купить'),(18,6,'Серия CARBONIO','','https://api.zhbl.by/images/im60.png','seriya_carbonio',3,0,'ZHBL - Краскораспылители WALCOM CARBONIO (Минск)','Продажа краскораспылителей WALCOM CARBONIO в Минске. +375 (29) 741-52-26',''),(19,4,'Серия EGO','','https://api.zhbl.by/images/im64.png','seriya_ego',3,0,'ZHBL - Краскораспылители WALCOM EGO (Минск)','Продажа краскораспылителей WALCOM EGO в Минске. +375 (29) 741-52-26',''),(20,5,'Серия GENESI','','https://api.zhbl.by/images/im72.png','seriya_genesi',3,0,'ZHBL - Краскораспылители WALCOM GENESI (Минск)','Продажа краскораспылителей WALCOM GENESI в Минске. +375 (29) 741-52-26',''),(21,2,'Серия KOMBAT','','https://api.zhbl.by/images/im76.png','seriya_kombat',3,0,'ZHBL - Краскораспылители WALCOM SLIM KOMBAT (Минск)','Продажа краскораспылителей WALCOM SLIM KOMBAT в Минске. +375 (29) 741-52-26',''),(22,3,'Серия SLIM','','https://api.zhbl.by/images/im81.png','seriya_slim',3,0,'ZHBL - Краскораспылители WALCOM SLIM (Минск)','Продажа краскораспылителей WALCOM SLIM в Минске. +375 (29) 741-52-26',''),(23,1,'Серия XLIGHT','','https://api.zhbl.by/images/im92.png','seriya_xlight',3,0,'ZHBL - Краскораспылители WALCOM SLIM XLIGHT (Минск)','Продажа краскораспылителей WALCOM SLIM XLIGHT в Минске. +375 (29) 741-52-26',''),(24,3,'Гвоздезабивные пистолеты','У нас вы сможете приобрести гвоздезабивные пистолеты FASCO (BECK) под любой размер и сечение гвоздей и выбрать барабанную либо реечную подачу.','https://api.zhbl.by/images/im99.png','gvozdezabivnye_pistolety',4,0,'ZHBL - Гвоздезабивные пистолеты (Минск)','Продажа профессиональных пневматических гвоздезабивных пистолетов под итальянским брендом Fasco. +375 (29) 741-52-26','ип жибуль, фаско, fasco, FASCO F58A CN1, FASCO F48C CN15W-55, гвоздезабиватель, гвоздезабивной пистолет, купить fasco, купить гвоздезабивной пистолет, гвоздезабивной пистолет fasco, гвоздезабивной пистолет минск, пневматический инструмент, нейлер, нейлер для гвоздей, нейлер для гвоздей 90, нейлер 90, нейлер 90 гвозди, нейлер 90 мм, гвоздомет, гвоздезабивной пистолет, нейлер купить, нейлер пневматический, нейлер для гвоздей 90 мм, нейлер цена, инструмент для забивания гвоздей, забиватель гвоздей, нейлер кровельный, нейлер барабанный, нейлер пневматический 90, купить нейлер пневматический для гвоздей, нейлер пневматический для гвоздей 90, нейлер 90 купить, нейлер 90мм, нейлер 90 цена, 50 мм нейлер, гвоздезабивной нейлер, пистолет нейлер, реечный нейлер, нейлер 50мм, пневмоинструмент для гвоздей, пневмоинструмент для забивания гвоздей, купить пневмоинструмент беларусь, пневмоинструмент для гвоздей купить, гвоздезабивной пневмоинструмент rgn cn90r, пневмоинструмент гомель, бостич пневмоинструмент для гвоздей, пневмоинструмент нейлер, пистолет гвоздезабивной, гвоздезабивной пистолет пневматический, купить гвоздезабивной пистолет, гвоздезабивные пистолеты по дереву, гвоздезабивной пистолет цена, барабанный гвоздезабивной пистолет, гвоздезабивной пистолет 90, гвоздезабивной пистолет 90мм, гвоздезабивной пистолет по дереву цена, кровельный гвоздезабивной пистолет, гвоздезабивной пистолет пневматический цена, пневматические гвоздезабивные пистолеты купить, пистолет гвоздезабивной пневматический 90, гвоздезабивной пистолет нейлер, гвоздезабивной пистолет пневматический барабанный, гвоздезабивной пистолет пневматический 50, гвоздезабивной пистолет 50 90, пистолет гвоздезабивной n90, реечный гвоздезабивной пистолет, гвоздезабивной пистолет пневматический 50 90, гвоздезабивной пистолет 90 мм, гвоздезабивной пистолет барабанного типа, гвоздезабивной пистолет по дереву 90мм, купить гвоздезабивной пистолет по дереву, гвоздезабивной пистолет 120 мм, bea гвоздезабивной пистолет, гвоздезабивной пистолет цена 90мм, гвоздезабивной пистолет для кровли, пневматические гвоздезабивные пистолеты по дереву, гвоздезабивной пистолет пневматический 50 90 барабанный, гвоздезабивной пистолет пневматический 120 мм, гвоздезабивной пистолет пневматический 90мм, гвоздезабивной пистолет cn 90, пневматический гвоздезабивной пистолет для 90 мм, cn90 гвоздезабивной пистолет, пневмо гвоздезабивной пистолет, барабанный пистолет для гвоздей'),(25,1,'Скобозабивные пистолеты','У нас вы сможете приобрести скобозабивные пистолеты FASCO (BECK) и EZ-FASTEN под любой размер скобы: малого сечения, среднего сечения и каркасные.','https://api.zhbl.by/images/im103.png','skobozabivnye_pistolety',4,0,'ZHBL - Скобозабивные пистолеты (Минск)','Продажа пневматических скобозабивных пистолетов для малых, средних и каркасных скоб. Представлены следующие бренды: Fasco и EZ-Fasten. +375 (29) 741-52-26','жбл, фаско, fasco, fasco купить, fasco купить минск, скобозабиватель, скобозабивной пистолет, ez fasten купить, ez fasten, ez fasten купить минск, купить пневматический инструмент минск, пневматический инструмент купить, купить пневмоинструмент, ez fasten 80/16, ez fasten ms 16-50, пневмостеплер для скобы 80, пневмостеплер, пневмостеплер купить минск, пневмостеплеб под скобу 90, пневмостеплер купить, пневмостеплер для мебели, степлер строительный, степлер строительный купить, степлер пневматический, пневмостеплер 18ga, пневмостеплер цена, купить пневмостеплер для мебели, пневмостеплер обивочный, пневмостеплер 80 16, пневматический степлер купить, степлер пневматический, степлеры мебельные пневматические, пистолет для скоб, инструмент для скоб, скобозабивной инструмент пневматический, пневматический упаковочный инструмент, пневматический инструмент для забивания, скобозабивной пневмоинструмент, купить пневмоинструмент беларусь, пневмоинструмент гомель'),(26,2,'Штифтозабивные пистолеты','У нас вы сможете приобрести шпилько- штифтозабивные пистолеты FASCO (BECK) и EZ-FASTEN под любое сечение и размер шпилек и штифтов: 0.6, 0.8, 1.2, 1.6 мм.','https://api.zhbl.by/images/im112.png','shtiftozabivnye_pistolety',4,0,'ZHBL - Штифтозабивные пистолеты (Минск)','Продажа пневматических шпилько- штифтозабивных пистолетов. Представлены следующие бренды: Fasco и EZ-Fasten. +375 (29) 741-52-26','ип жибуль, фаско, fasco, штифтозабиватель, нейлер, шпилькозабиватель, штифтозабивной пистолет, шпилькозабивной пистолет, пневматический инструмент, купить ez fasten, ez fasten super, купить fasco, fasco минск, ez fasten минск, нейлер, нейлер купить, гвоздезабивной пистолет, гвоздомет, нейлер пневматический для гвоздей, нейлер пневматический, купить нейлер пневматический, шпилечник купить, шпилечник пневматический, шпилечник, нейлер шпилечник, super 630, штифтозабивной пистолет купить, финишный нейлер, 50 мм нейлер, нейлер для вагонки, пневмоинструмент для гвоздей, купить пневмоинструмент беларусь, пневмоинструмент для гвоздей купить, пневмоинструмент гомель, бостич пневмоинструмент для гвоздей, пневмоинструмент шпилькозабивной, пневмоинструмент шпильки, пневмоинструмент нейлер, пистолет для финишных гвоздей, пневмопистолет для финишных гвоздей, нейлер пневматический для финишных гвоздей, купить пневмопистолет для финишных гвоздей, пистолет гвоздезабивной для финишных гвоздей, пневмопистолет для финишных гвоздей по дереву, пневмопистолет для финишных гвоздей, пистолет для финишных гвоздей по дереву, гвоздезабивной пистолет для вагонки, финишный гвоздезабивной пистолет'),(27,1,'Быстросъемные соединения','Быстросъемные соединения представлены брендом AIGNEP.','https://api.zhbl.by/images/im201.png','bystrosiomnie_soedineniya',6,0,'ZHBL - Быстросъемные соединения AIGNEP (Минск)','Продажа быстросъемных (быстроразъемных) муфт с наружной и внутренней резьбой, а так же под шланги. +375 (29) 741-52-26','ниппели, быстросъем 1, быстросъем для шланга, быстросъем для компрессора, муфта быстросъемная для шланга, муфта быстросъемная мама, муфта, фитинг, муфта быстроразъемная, муфта быстросъемная, купить быстросъем, быстросъем, купить штуцер, штуцер, быстросъем для пневмоинструмента, быстросъемное соединение для пневмоинструмента, переходник для пневмоинструмента, резьба пневмоинструмента, фитинги для пневмоинструмента, папа для пневмоинструмента, штуцер для пневмоинструмента быстросъемный, разъем для пневмоинструмента, брс для пневмоинструмента, штуцер папа для пневмоинструмента, купить соединения для пневмоинструмента, переходники для пневмоинструмента быстросъемные соединения, купить быстросъемные соединения для пневмоинструмента, купить быстросъемные соединения, большие быстросъемы для пневмоинструмента, быстросъем для пневмоинструмента папа, быстросъем для пневмоинструмента 1 4, быстросъем для пневмоинструмента мама, быстроразъемное соединение для пневмоинструмента, быстросъем для шланга пневмоинструмента, соединители для пневмоинструмента, переходник для пневмоинструмента штуцер быстросъемное, купить переходник для пневмоинструмента, муфты для пневмоинструмента, присоединение шлангов к пневмоинструменту, купить штуцер для пневмоинструмента, разъем для пневмоинструмента быстросъемный, быстросъемные соединения для пневмоинструмента 1 4, штуцер для шланга пневмоинструмента, переходник для пневмоинструмента 1 8, штуцер для пневмоинструмента быстросъемный мама, быстрый съем для пневмоинструмента, быстрый съем, типы быстросъемных соединений для пневмоинструмента, типы быстросъемных соединений, коннектор для пневмоинструмента, коннектор,быстросъем для пневмоинструмента 3 4, расходники для пневмоинструмента, расходники, быстросъем для пневмоинструмента размеры, виды быстросъемных соединений для пневмоинструмента'),(28,6,'Глушители','Глушители AIGNEP с порогом фильтрации 50, 75, 100 и 120 мкм.','https://api.zhbl.by/images/im206.png','glushiteli',6,0,'ZHBL - Глушители AIGNEP (Минск)','Продажа глушителей для компрессорного оборудования в Минске. +375 (29) 741-52-26','глушители, AIGNEP, глушители AIGNEP, купить глушители, купить глушитель на компрессор, глушитель на компрессор, полиэтиленовый глушитель, глушитель 50 мкм, глушитель 100 мкм, глушитель 75 мкм, глушитель 120 мкм, глушитель 10 бар, глушитель 12 бар, глушитель латунный резьбовой, глушитель резьбовой, глушитель AIGNEP'),(29,4,'Клапаны','Обратные клапаны и клапаны быстрого сброса бренда AIGNEP.','https://api.zhbl.by/images/im204.png','klapany',6,0,'ZHBL - Клапаны AIGNEP и Gav (Минск)','Продажа обратных клапанов AIGNEP и Gav для компрессорного оборудования в Минске. +375 (29) 741-52-26','поршневой компрессор обратный клапан, воздушный обратный клапан для компрессора, цанговый обратный клапан, обратный клапан для компрессора купить, AIGNEP, gav, обратный клапан, обратный клапан купить, обратный клапан для компрессора, обратный клапан купить, обратный клапан мм, клапан обратного давления, клапан обратный латунный, обратный клапан для компрессора, клапан быстрого сброса, воздушный обратный клапан, обратный клапан для воздушного компрессора, обратный клапан для компрессора купить, клапан обратный для поршневых компрессоров, обратный клапан для компрессора воздушного поршневого, обратный клапан для поршневого компрессора купить, обратный клапан для компрессора воздушного поршневого купить, обратный клапан для компрессора резьба, клапан обратный для компрессора резьба наружная, обратный клапан для компрессора ремеза, клапан обратного давления для компрессора, обратный клапан для компрессора купить в минске, цанговый обратный клапан, цанговый обратный клапан купить'),(30,5,'Краны','Краны шаровые, комбинированные и цанговые представлены брендом AIGNEP.','https://api.zhbl.by/images/im205.png','krany',6,0,'ZHBL - Краны шаровые, комбинированные и цанговые AIGNEP (Минск)','Продажа кранов шаровых, комбинированных и цанговых в Минске. Производитель - AIGNEP. +375 (29) 741-52-26','кран шаровый купить, краны шаровые муфтовые, кран шаровый 1 2, краны шаровые 1 2, краны шаровые комбинированные, кран для компрессора, купить кран, кран 1, кран, кран шаровый, кран комбинированный, кран цанговый, AIGNEP, кран шаровой, кран шаровы, шаровые краны, шаровые краны купить, краны шаровые фланцевые, кран шаровый купить, краны шаровые цена, краны шаровые латунные, кран шаровый цена, кран шаровый фланцевый, краны шаровые латунные, полнопроходные шаровые краны, краны шаровые муфтовые, краны шаровые для воды, шаровый кран для воды, кран шаровый муфтовый, кран шаровый латунный, шаровые краны латунь, краны шаровые для воздуха, кран шаровый для воздуха, шаровые краны для сжатого воздуха, кран шаровый для сжатого воздуха, шаровые краны для спуска воздуха, кран шаровый для спуска воздуха, кран шаровый для компрессора, кран шаровый для пневмо, кран воздушный шаровый, кран латунный муфтовый, кран муфтовый полнопроходной, кран муфтовый цены, кран шаровый латунный муфтовый, кран шаровой муфтовый цена, краны муфтовые купить, кран шаровый полнопроходной муфтовый, кран шаровой муфтовый латунь, краны шаровые муфтовые купить, кран шаровый муфтовый цена, кран шаровой латунный муфтовый полнопроходной, кран шаровый муфтовый тип в в, купить кран шаровый муфтовый, цанговый кран, кран с цанговым зажимом, кран шаровый цанговый, фитинг цанговый с краном, кран с цанговым соединением, садовый проходной кран с цанговым зажимом, кран цанговый 8 мм, комбинированный кран, краны шаровые комбинированные, кран шаровый комбинированный, купить кран комбинированный, кран с цанговым соединением'),(31,2,'Резьбовые соединения','Резьбовые соединения представлены брендом AIGNEP.','https://api.zhbl.by/images/im202.png','rezbovye_perehodniki',6,0,'ZHBL - Резьбовые соединения AIGNEP (Минск)','Продажа резьбовых соединений AIGNEP: ниппели, муфты, уголки, переходники прямые, штуцеры, адаптеры, тройники, заглушки и другое в Минске. +375 (29) 741-52-26','ниппели, адаптеры, муфты, тройники, уголки, заглушки, фитинги резьбовые, американки, разветвитель, AIGNEP, переходники прямые, уголок резьбовой, переходник угловой, штуцеры, переходник для пневмоинструмента 1 4, купить соединения для пневмоинструмента, переходники для пневмоинструмента быстросъемные соединения, переходник для пневмоинструмента 1 2, соединители для пневмоинструмента, купить переходник для пневмоинструмента, муфты для пневмоинструмента, купить штуцер для пневмоинструмента, фитинги для компрессоров и пневмоинструмента, фитинги, фитинги для компрессоров, переходник для пневмоинструмента 1 8, разветвитель для пневмоинструмента, разветвитель для пневмоинструмента, переходник к пневмоинструменту, ниппель резьбовой, фитинг резьбовой ниппель, ниппели переходные резьбовые, ниппель резьбовой латунный, ниппель резьбовой нр, резьбовое соединение ниппелем, фитинг резьбовой ниппель с переходом на евроконус, муфта резьбовая, муфта резьбовая соединительная, соединение резьбовое муфты, резьбовые муфта переходная, муфты резьбовые купить, муфта стальная резьбовая, муфты резьбовые фитинги, муфта резьбовая наружная, угловые переходники резьбовые, уголок резьбовой, тройник резьбовой, тройник резьбовой переходной, фитинг резьбовой тройник, тройник резьбовой купить, тройник стальной резьбовой, тройники латунные резьбовые, тройники труб резьбовые, тройник резьбовой цена, переходник резьбовой, переходник резьбовой купить, переходник с резьбового на цанговый, переходники резьбовых соединений, фитинг резьбовой переходник, переходники латунные резьбовые, резьбовые переходники на шланг, переходник резьбовой метрический, адаптер шланговый, штуцер шланговый резьбовой, фитинги под металлические трубки, заглушка резьбовая, резьбовые заглушки купить, пробка заглушка резьбовая, заглушка резьбовая внутренняя, заглушка резьбовая внутренняя резьба'),(32,3,'Цанговые соединения','Цанговые соединения представлены брендом AIGNEP.','https://api.zhbl.by/images/im203.png','cangovye_soedinenia',6,0,'ZHBL - Цанговые соединения AIGNEP (Минск)','Продажа различных цанговых соединений AIGNEP в Минске. +375 (29) 741-52-26','цанговые соединения, цанга, уголок цанговый, тройник цанговый, адаптер цанговый, купить уголок цанговый, l-образные соединения, разветвитель для пневмоинструмента, цанговое соединение, штуцер с цанговым соединением, цанговое соединение шланга, цанговое соединение трубок, цанговое соединение купить, цанговый тип соединения, резьбовые цанговые соединения, угловое цанговое соединение, цанговый тип соединения, штуцер с цанговым соединением festo, переходник на цанговое соединение, фитинги с цанговым соединением, переходник с резьбового соединения на цанговое, кран с цанговым соединением, цанговые быстросъемные соединения, соединения пневматические цанговые, тройник цанговый, фитинг тройник цанговый, тройник цанговый 6 мм, тройник с цанговым зажимом, тройник цанговый 8 мм, цанговый тройник 6мм, фитинг цанговый тройник 8 мм, купить фитинг тройник цанговый, тройники цанговые для пневмошлангов купить, уголок цанговый, угловое цанговое соединение, соединитель цанговый, цанговый соединитель трубок, цанговый соединитель для шланга, соединитель цанговый угловой, цанговый соединитель трубок 6 мм, цанговый соединитель для труб, адаптер переходник цанговый, адаптер цанговый, соединитель прямой цанговый, цанговые соединения из пластика, уголок цанговый пластиковый, тройник цанговый пластиковый, цанговые соединения пластиковые'),(33,1,'Наборы сменных сопел','','https://api.zhbl.by/images/im13.png','nabory_sopel',1,1,'ZHBL - Наборы сменных сопел WALCOM (Минск)','Продажа наборов сменных сопел ( распыляющая головка, сопло, игла-пружина) для краскораспылителей WALCOM в Минске. +375 (29) 741-52-26',''),(34,1,'Скобы','','https://api.zhbl.by/images/im188.png','skoby',5,1,'ZHBL - Скобы для пневмостеплера (Минск)','Продажа высококачественной скобы для пневмостеплера польской марки Emes. Типы скоб: 90; 97; 115 (80, 380); C/2 (C-ring A5); C/3; а так же есть цветные скобы. +375 (29) 741-52-26','скобы для пневмостеплера, тип скобы 97, скоба двери, купить скобы для пневмостеплера, скоба тип 380, скоба 6, скобы, купить скобы, скобы для степлера, обжимная скоба, тип скобы 90, тип скобы 115, скобы для сетки, скобы мебельные, скоба тип 80, скоба мебельная, купить скобы, скобы для степлера, скоба строительная, скоба мебельная, тип скоб, скобы 10, скоба 6, скобы цена, скоба 20, скобы 4, скобы 8, скобы 53, скоба двери, скоба п, скоба крепежная, скоба 5, скоба 16, скоба 25, скобы тип 53, типы скоб для степлера, скобы 24, скоба оцинкованная, скоба п образная, скобы для строительного степлера, купить скобы для степлера, скоба 12, скоба 50, скоба 14, скобы 140, скобы для степлера 6, скобы для мебельного степлера, скоба 80, скоба 20 мм, скобы для степлера 10, скоба с 1, скоба 7, скобы для степлера тип 53, скобы 26, скоба 128, скоба для крепления кабеля, скоба 40, скобы для мебели, скобы для степлера 24, скобы для степлера размеры, скоба прижимная, скоба 32, скоба 15, скобы 10 мм, скобы 13, скоба 96, скобы для степлера 24 6, скоба 16 мм, скоба 17, скобы тип 140, крепеж скоба, скоба 6 мм, скобы 1000 шт, скобы 150, скобы 4 мм, скобы для пневмостеплера, скоба 25 мм, скоба пневматическая, скобы 14 мм, скоба 20мм, упаковка скоб, скоба 21, мебельные скобы типы, скобы для сетки, 90 скоба, скобы для степлера 1000 шт, скобы тип 6, скоба с 2, скоба типа 10, скобы 8мм, скобы для дерева, скобы тип 8, скоба 53 4, скобы тип 55, скоба тип 14, скобы тип 80, скобы для степлера тип 10, скобы для мебельного степлера тип 53, скоба тип g, скобы тип 97, скоба тип 90, скобы тип 90 18ga, скоба узкая 90 тип 25 мм, скоба для степлера тип 90, скобы для пневмоинструмента'),(35,3,'Шпильки','','https://api.zhbl.by/images/im182.png','shpilki',5,0,'ZHBL - Шпильки для пневмопистолетов (Минск)','Продажа высококачественной шпильки для шпиличника, польской марки Emes. Диаметр шпильки 0,64 мм. +375 (29) 741-52-26','финишные гвозди, купить шпильку минск, микрошпилька 0.64 купить, купить микрошпильки для пневмопистолета, микрошпилька 0.64, шпилька, шпилька 0,6, шпилька 0,64, шпильки для нейлера, микрошпилька, микрошпилька купить, микрошпилька для пневмопистолета, штифты, купить шпильки, пневмоинструмент шпильки, финишные гвозди купить, гвозди финишные оцинкованные, финишные гвозди для вагонки, финишные гвозди для наличников, финишные гвозди для нейлера, финишный гвоздь 30, гвоздь финишный оцинкованный купить, гвозди финишные для нейлера купить, гвозди финишные оптом, финишные гвозди для наличников межкомнатных, финишные гвозди для наличников межкомнатных дверей, купить финишные гвозди для вагонки, финишные гвозди для наличников купить, гвозди финишные 30 мм, гвозди финишные купить минск, финишные гвозди для вагонки в баню, финишный гвоздь для вагонки размер, гвозди финишные 25 мм, финишные гвозди для степлера, гвозди финишные 20 мм, финишные гвозди под пистолет, купить в минске финишные гвозди для вагонки, купить в минске финишные гвозди, гвозди финишные оцинкованные 15 мм, купить финишные гвозди 16 мм, микрошпилька тип 23, микрошпилька 23ga, микрошпильку нейлером, микрошпильки для наличников'),(36,2,'Штифты','','https://api.zhbl.by/images/im183.png','stifty',5,1,'ZHBL - Штифты для пневмопистолетов (Минск)','Продажа высококачественных штифтов для штифтозабивных пистолетов, польской марки Emes. Диаметр штифта 0,64 и 1,2 мм. +375 (29) 741-52-26','штифта пистолет, гвозди для нейлера, штифты для нейлера, штифты, купить штифты, штифт 0,64, штифт 1,2, штифт цена, штифт купить, гвоздь, гвозди, шпильки, шпилька со шляпкой, гвозди финишные 50,  купить шпильки, пневмоинструмент шпильки, финишные гвозди купить, гвозди финишные оцинкованные, финишные гвозди для вагонки, финишные гвозди для наличников, финишные гвозди для нейлера, финишный гвоздь 30, финишные гвозди 40, гвозди финишные 1.2, финишные гвозди 50 мм, гвоздь финишный оцинкованный купить, гвозди финишные для нейлера купить, гвозди финишные 23ga, гвозди финишные оптом, финишные гвозди для наличников межкомнатных, финишные гвозди для наличников межкомнатных дверей, гвозди финишные 40 мм, купить финишные гвозди для вагонки, финишные гвозди для наличников купить, гвозди финишные 30 мм, гвозди финишные купить минск, финишные гвозди для вагонки в баню, финишный гвоздь для вагонки размер, финишные гвозди 40мм, гвозди финишные 25 мм, финишные гвозди 16ga, финишные гвозди для степлера, гвозди финишные 20 мм, финишные гвозди 18ga, финишные гвозди 15ga, финишные оцинкованные гвозди 50, финишные гвозди для нейлера 23ga, финишные гвозди под пистолет, купить в минске финишные гвозди для вагонки, купить в минске финишные гвозди, финишные гвозди 1.2 оцинкованный, гвозди финишные оцинкованные 15 мм, финишные гвозди для нейлера 18ga, гвоздь финишный 1 2x35 купить, купить финишные гвозди 16 мм'),(37,4,'Тип 14LC','','https://api.zhbl.by/images/im184.png','type_14lc',34,0,'ZHBL - Каркасные скобы 14LC тип (Минск)','Продажа каркасной скобы крупного сечения для скобозабивных пистолетов, тип 14LC в Минске. +375 (29) 741-52-26',''),(38,2,'Тип 90','','https://api.zhbl.by/images/im185.png','type_90',34,0,'ZHBL - Каркасные скобы 90 тип (Минск)','Продажа каркасной скобы мелкого сечения для скобозабивных пистолетов, тип 90 в Минске. +375 (29) 741-52-26',''),(39,3,'Тип 92','','https://api.zhbl.by/images/im186.png','type_92',34,0,'ZHBL - Каркасные скобы 92 тип (Минск)','Продажа каркасной скобы среднего сечения для скобозабивных пистолетов, тип 92 в Минске. +375 (29) 741-52-26',''),(40,6,'Тип 97','','https://api.zhbl.by/images/im187.png','type_97',34,0,'ZHBL - Обувные скобы 97 тип (Минск)','Продажа скобы для производства обуви, тип 97 в Минске. +375 (29) 741-52-26',''),(41,1,'Тип 380','','https://api.zhbl.by/images/im188.png','type_380',34,0,'ZHBL - Мебельные скобы 380 тип (Минск)','Продажа мебельной (обивочной) скобы для скобозабивных пистолетов, тип 380 (тип 80) в Минске. +375 (29) 741-52-26',''),(42,5,'Тип 145','','https://api.zhbl.by/images/im189.png','type_145',34,0,'ZHBL - Каркасные скобы 145 тип (Минск)','Продажа широких каркасных скоб для скобозабивных пистолетов, тип 145 в Минске. +375 (29) 741-52-26',''),(43,8,'Тип C / 2','','https://api.zhbl.by/images/im151.png','type_c2',34,0,'ZHBL - Габионные скобы тип C / 2 (Минск)','Продажа габионной скобы, тип C / 2 (тип C-riing) в Минске. +375 (29) 741-52-26',''),(44,9,'Тип C / 3','','https://api.zhbl.by/images/im152.png','type_c3',34,0,'ZHBL - Обжимные скобы тип C / 3 (Минск)','Продажа обжимной скобы, тип C / 3 (тип Hog ring) в Минске. +375 (29) 741-52-26',''),(45,10,'Тип CF','','https://api.zhbl.by/images/im153.png','type_cf',34,0,'ZHBL - Гвозди рифленые / скобы тип CF (Минск)','Продажа рифленых гвоздей / скобы для скобозабивных пистолетов, тип CF в Минске. +375 (29) 741-52-26',''),(46,7,'Тип K 33','','https://api.zhbl.by/images/im190.png','type_k33',34,0,'ZHBL - Упаковочные скобы тип K 33 (Минск)','Продажа упаковочной скобы для скобозабивных пистолетов, тип K 33 (тип 35) в Минске. +375 (29) 741-52-26',''),(47,1,'ST 0.6','','https://api.zhbl.by/images/im191.png','st06',36,0,'ZHBL - Штифты со шляпкой ST 0.6 (Минск)','Продажа штифтов со шляпкой ST 0.6 с сечением 0.64 мм в Минске. +375 (29) 741-52-26',''),(48,2,'ST 1.2','','https://api.zhbl.by/images/im192.png','st12',36,0,'ZHBL - Штифты со шляпкой ST 1.2 (Минск)','Продажа штифтов со шляпкой ST 1.2 с сечением 1.0 мм в Минске. +375 (29) 741-52-26',''),(49,3,'ST 1.6','','https://api.zhbl.by/images/im193.png','st16',36,0,'ZHBL - Штифты со шляпкой ST 1.6 (Минск)','Продажа штифтов со шляпкой ST 1.6 с сечением 1.4 мм в Минске. +375 (29) 741-52-26','');
/*!40000 ALTER TABLE `categories` ENABLE KEYS */;
UNLOCK TABLES;

--
-- Table structure for table `countries`
--

DROP TABLE IF EXISTS `countries`;
/*!40101 SET @saved_cs_client     = @@character_set_client */;
/*!50503 SET character_set_client = utf8mb4 */;
CREATE TABLE `countries` (
  `id` bigint unsigned NOT NULL AUTO_INCREMENT,
  `name` varchar(120) NOT NULL,
  PRIMARY KEY (`id`),
  UNIQUE KEY `id` (`id`)
) ENGINE=InnoDB AUTO_INCREMENT=10 DEFAULT CHARSET=utf8mb4 COLLATE=utf8mb4_0900_ai_ci;
/*!40101 SET character_set_client = @saved_cs_client */;

--
-- Dumping data for table `countries`
--

LOCK TABLES `countries` WRITE;
/*!40000 ALTER TABLE `countries` DISABLE KEYS */;
INSERT INTO `countries` VALUES (1,'Беларусь'),(2,'Германия'),(3,'Италия'),(4,'Китай'),(5,'Польша'),(6,'Россия'),(7,'Тайвань'),(8,'Хорватия'),(9,'США');
/*!40000 ALTER TABLE `countries` ENABLE KEYS */;
UNLOCK TABLES;

--
-- Table structure for table `files`
--

DROP TABLE IF EXISTS `files`;
/*!40101 SET @saved_cs_client     = @@character_set_client */;
/*!50503 SET character_set_client = utf8mb4 */;
CREATE TABLE `files` (
  `item_id` bigint unsigned NOT NULL,
  `src` varchar(200) NOT NULL,
  `title` varchar(200) NOT NULL,
  `icon` varchar(70) NOT NULL,
  KEY `item_id` (`item_id`),
  CONSTRAINT `files_ibfk_1` FOREIGN KEY (`item_id`) REFERENCES `items` (`id`) ON DELETE CASCADE ON UPDATE CASCADE
) ENGINE=InnoDB DEFAULT CHARSET=utf8mb4 COLLATE=utf8mb4_0900_ai_ci;
/*!40101 SET character_set_client = @saved_cs_client */;

--
-- Dumping data for table `files`
--

LOCK TABLES `files` WRITE;
/*!40000 ALTER TABLE `files` DISABLE KEYS */;
/*!40000 ALTER TABLE `files` ENABLE KEYS */;
UNLOCK TABLES;

--
-- Table structure for table `images`
--

DROP TABLE IF EXISTS `images`;
/*!40101 SET @saved_cs_client     = @@character_set_client */;
/*!50503 SET character_set_client = utf8mb4 */;
CREATE TABLE `images` (
  `item_id` bigint unsigned NOT NULL,
  `src` varchar(200) NOT NULL,
  KEY `item_id` (`item_id`),
  CONSTRAINT `images_ibfk_1` FOREIGN KEY (`item_id`) REFERENCES `items` (`id`) ON DELETE CASCADE ON UPDATE CASCADE
) ENGINE=InnoDB DEFAULT CHARSET=utf8mb4 COLLATE=utf8mb4_0900_ai_ci;
/*!40101 SET character_set_client = @saved_cs_client */;

--
-- Dumping data for table `images`
--

LOCK TABLES `images` WRITE;
/*!40000 ALTER TABLE `images` DISABLE KEYS */;
INSERT INTO `images` VALUES (1,'https://api.zhbl.by/images/im1.png'),(2,'https://api.zhbl.by/images/im2.png'),(3,'https://api.zhbl.by/images/im3.png'),(4,'https://api.zhbl.by/images/im4.png'),(5,'https://api.zhbl.by/images/im5.png'),(6,'https://api.zhbl.by/images/im207.png'),(7,'https://api.zhbl.by/images/im2.png'),(283,'https://api.zhbl.by/images/im1.png'),(284,'https://api.zhbl.by/images/im1.png'),(285,'https://api.zhbl.by/images/im207.png'),(8,'https://api.zhbl.by/images/im8.png'),(9,'https://api.zhbl.by/images/im9.png'),(10,'https://api.zhbl.by/images/im10.png'),(286,'https://api.zhbl.by/images/im208.png'),(287,'https://api.zhbl.by/images/im209.png'),(288,'https://api.zhbl.by/images/im210.png'),(11,'https://api.zhbl.by/images/im11.png'),(11,'https://api.zhbl.by/images/im11-2.png'),(11,'https://api.zhbl.by/images/im11-3.png'),(11,'https://api.zhbl.by/images/im11-4.png'),(12,'https://api.zhbl.by/images/im12.png'),(12,'https://api.zhbl.by/images/im12-2.png'),(12,'https://api.zhbl.by/images/im12-3.png'),(12,'https://api.zhbl.by/images/im12-4.png'),(13,'https://api.zhbl.by/images/im13.png'),(13,'https://api.zhbl.by/images/im13-2.png'),(13,'https://api.zhbl.by/images/im13-3.png'),(13,'https://api.zhbl.by/images/im13-4.png'),(14,'https://api.zhbl.by/images/im14.png'),(14,'https://api.zhbl.by/images/im14-2.png'),(14,'https://api.zhbl.by/images/im14-3.png'),(14,'https://api.zhbl.by/images/im14-4.png'),(15,'https://api.zhbl.by/images/im15.png'),(15,'https://api.zhbl.by/images/im15-2.png'),(15,'https://api.zhbl.by/images/im15-3.png'),(15,'https://api.zhbl.by/images/im15-4.png'),(16,'https://api.zhbl.by/images/im16.png'),(16,'https://api.zhbl.by/images/im16-2.png'),(16,'https://api.zhbl.by/images/im16-3.png'),(16,'https://api.zhbl.by/images/im16-4.png'),(17,'https://api.zhbl.by/images/im17.png'),(17,'https://api.zhbl.by/images/im17-2.png'),(17,'https://api.zhbl.by/images/im17-3.png'),(17,'https://api.zhbl.by/images/im17-4.png'),(18,'https://api.zhbl.by/images/im18.png'),(18,'https://api.zhbl.by/images/im18-2.png'),(19,'https://api.zhbl.by/images/im19.png'),(19,'https://api.zhbl.by/images/im19-2.png'),(19,'https://api.zhbl.by/images/im19-3.png'),(19,'https://api.zhbl.by/images/im19-4.png'),(20,'https://api.zhbl.by/images/im20.png'),(20,'https://api.zhbl.by/images/im20-2.png'),(20,'https://api.zhbl.by/images/im20-3.png'),(20,'https://api.zhbl.by/images/im20-4.png'),(21,'https://api.zhbl.by/images/im21.png'),(21,'https://api.zhbl.by/images/im21-2.png'),(21,'https://api.zhbl.by/images/im21-3.png'),(21,'https://api.zhbl.by/images/im21-4.png'),(22,'https://api.zhbl.by/images/im22.png'),(22,'https://api.zhbl.by/images/im22-2.png'),(22,'https://api.zhbl.by/images/im22-3.png'),(22,'https://api.zhbl.by/images/im22-4.png'),(23,'https://api.zhbl.by/images/im23.png'),(23,'https://api.zhbl.by/images/im23-2.png'),(23,'https://api.zhbl.by/images/im23-3.png'),(23,'https://api.zhbl.by/images/im23-4.png'),(24,'https://api.zhbl.by/images/im24.png'),(24,'https://api.zhbl.by/images/im24-2.png'),(24,'https://api.zhbl.by/images/im24-3.png'),(24,'https://api.zhbl.by/images/im24-4.png'),(25,'https://api.zhbl.by/images/im25.png'),(25,'https://api.zhbl.by/images/im25-2.png'),(25,'https://api.zhbl.by/images/im25-3.png'),(25,'https://api.zhbl.by/images/im25-4.png'),(26,'https://api.zhbl.by/images/im26.png'),(26,'https://api.zhbl.by/images/im26-2.png'),(26,'https://api.zhbl.by/images/im26-3.png'),(26,'https://api.zhbl.by/images/im26-4.png'),(27,'https://api.zhbl.by/images/im27.png'),(27,'https://api.zhbl.by/images/im27-2.png'),(27,'https://api.zhbl.by/images/im27-3.png'),(27,'https://api.zhbl.by/images/im27-4.png'),(121,'https://api.zhbl.by/images/im28.png'),(122,'https://api.zhbl.by/images/im29.png'),(123,'https://api.zhbl.by/images/im30.png'),(124,'https://api.zhbl.by/images/im31.png'),(125,'https://api.zhbl.by/images/im32.png'),(126,'https://api.zhbl.by/images/im33.png'),(127,'https://api.zhbl.by/images/im34.png'),(128,'https://api.zhbl.by/images/im35.png'),(129,'https://api.zhbl.by/images/im36.png'),(130,'https://api.zhbl.by/images/im37.png'),(131,'https://api.zhbl.by/images/im38.png'),(132,'https://api.zhbl.by/images/im39.png'),(133,'https://api.zhbl.by/images/im40.png'),(134,'https://api.zhbl.by/images/im41.png'),(135,'https://api.zhbl.by/images/im42.png'),(136,'https://api.zhbl.by/images/im43.png'),(137,'https://api.zhbl.by/images/im44.png'),(138,'https://api.zhbl.by/images/im45.png'),(139,'https://api.zhbl.by/images/im46.png'),(140,'https://api.zhbl.by/images/im47.png'),(141,'https://api.zhbl.by/images/im48.png'),(142,'https://api.zhbl.by/images/im49.png'),(143,'https://api.zhbl.by/images/im50.png'),(144,'https://api.zhbl.by/images/im51.png'),(145,'https://api.zhbl.by/images/im52.png'),(146,'https://api.zhbl.by/images/im53.png'),(147,'https://api.zhbl.by/images/im54.png'),(148,'https://api.zhbl.by/images/im55.png'),(149,'https://api.zhbl.by/images/im56.png'),(150,'https://api.zhbl.by/images/im57.png'),(151,'https://api.zhbl.by/images/im58.png'),(152,'https://api.zhbl.by/images/im59.png'),(153,'https://api.zhbl.by/images/im60.png'),(154,'https://api.zhbl.by/images/im61.png'),(155,'https://api.zhbl.by/images/im62.png'),(156,'https://api.zhbl.by/images/im63.png'),(157,'https://api.zhbl.by/images/im64.png'),(159,'https://api.zhbl.by/images/im66.png'),(160,'https://api.zhbl.by/images/im67.png'),(161,'https://api.zhbl.by/images/im68.png'),(162,'https://api.zhbl.by/images/im69.png'),(163,'https://api.zhbl.by/images/im70.png'),(164,'https://api.zhbl.by/images/im71.png'),(165,'https://api.zhbl.by/images/im72.png'),(166,'https://api.zhbl.by/images/im73.png'),(167,'https://api.zhbl.by/images/im74.png'),(168,'https://api.zhbl.by/images/im75.png'),(169,'https://api.zhbl.by/images/im76.png'),(170,'https://api.zhbl.by/images/im77.png'),(171,'https://api.zhbl.by/images/im78.png'),(172,'https://api.zhbl.by/images/im79.png'),(173,'https://api.zhbl.by/images/im80.png'),(174,'https://api.zhbl.by/images/im81.png'),(175,'https://api.zhbl.by/images/im200.png'),(176,'https://api.zhbl.by/images/im83.png'),(177,'https://api.zhbl.by/images/im84.png'),(178,'https://api.zhbl.by/images/im85.png'),(179,'https://api.zhbl.by/images/im86.png'),(180,'https://api.zhbl.by/images/im87.png'),(181,'https://api.zhbl.by/images/im88.png'),(182,'https://api.zhbl.by/images/im89.png'),(183,'https://api.zhbl.by/images/im90.png'),(184,'https://api.zhbl.by/images/im91.png'),(185,'https://api.zhbl.by/images/im92.png'),(186,'https://api.zhbl.by/images/im93.png'),(187,'https://api.zhbl.by/images/im94.png'),(188,'https://api.zhbl.by/images/im95.png'),(189,'https://api.zhbl.by/images/im96.png'),(190,'https://api.zhbl.by/images/im97.png'),(191,'https://api.zhbl.by/images/im98.png'),(192,'https://api.zhbl.by/images/im99.png'),(193,'https://api.zhbl.by/images/im100.png'),(194,'https://api.zhbl.by/images/im101.png'),(195,'https://api.zhbl.by/images/im102.png'),(196,'https://api.zhbl.by/images/im103.png'),(197,'https://api.zhbl.by/images/im104.png'),(198,'https://api.zhbl.by/images/im105.png'),(199,'https://api.zhbl.by/images/im106.png'),(200,'https://api.zhbl.by/images/im107-1.png'),(200,'https://api.zhbl.by/images/im107-2.png'),(200,'https://api.zhbl.by/images/im107-3.png'),(200,'https://api.zhbl.by/images/im107-4.png'),(200,'https://api.zhbl.by/images/im107-5.png'),(201,'https://api.zhbl.by/images/im108.png'),(202,'https://api.zhbl.by/images/im109.png'),(203,'https://api.zhbl.by/images/im111.png'),(204,'https://api.zhbl.by/images/im112.png'),(205,'https://api.zhbl.by/images/im113.png'),(206,'https://api.zhbl.by/images/im114.png'),(207,'https://api.zhbl.by/images/im115.png'),(208,'https://api.zhbl.by/images/im116.png'),(209,'https://api.zhbl.by/images/im117.png'),(210,'https://api.zhbl.by/images/im118.png'),(211,'https://api.zhbl.by/images/im119.png'),(212,'https://api.zhbl.by/images/im120.png'),(213,'https://api.zhbl.by/images/im121.png'),(215,'https://api.zhbl.by/images/im122.png'),(216,'https://api.zhbl.by/images/im122.png'),(217,'https://api.zhbl.by/images/im122.png'),(218,'https://api.zhbl.by/images/im122.png'),(219,'https://api.zhbl.by/images/im122.png'),(220,'https://api.zhbl.by/images/im123.png'),(221,'https://api.zhbl.by/images/im123.png'),(222,'https://api.zhbl.by/images/im124.png'),(223,'https://api.zhbl.by/images/im125.png'),(224,'https://api.zhbl.by/images/im125.png'),(225,'https://api.zhbl.by/images/im126.png'),(226,'https://api.zhbl.by/images/im126.png'),(227,'https://api.zhbl.by/images/im126.png'),(228,'https://api.zhbl.by/images/im180.png'),(229,'https://api.zhbl.by/images/im128.png'),(230,'https://api.zhbl.by/images/im129.png'),(289,'https://api.zhbl.by/images/im215.png'),(290,'https://api.zhbl.by/images/im214.png'),(231,'https://api.zhbl.by/images/im130.png'),(232,'https://api.zhbl.by/images/im131.png'),(233,'https://api.zhbl.by/images/im132.png'),(234,'https://api.zhbl.by/images/im133.png'),(235,'https://api.zhbl.by/images/im134.png'),(237,'https://api.zhbl.by/images/im136.png'),(238,'https://api.zhbl.by/images/im137.png'),(239,'https://api.zhbl.by/images/im138.png'),(240,'https://api.zhbl.by/images/im139.png'),(241,'https://api.zhbl.by/images/im140.png'),(242,'https://api.zhbl.by/images/im141.png'),(243,'https://api.zhbl.by/images/im142.png'),(244,'https://api.zhbl.by/images/im143.png'),(245,'https://api.zhbl.by/images/im144.png'),(246,'https://api.zhbl.by/images/im145.png'),(247,'https://api.zhbl.by/images/im146.png'),(248,'https://api.zhbl.by/images/im147.png'),(249,'https://api.zhbl.by/images/im148.png'),(250,'https://api.zhbl.by/images/im149.png'),(251,'https://api.zhbl.by/images/im150.png'),(252,'https://api.zhbl.by/images/im151.png'),(252,'https://api.zhbl.by/images/im151-2.png'),(252,'https://api.zhbl.by/images/im151-3.png'),(253,'https://api.zhbl.by/images/im152.png'),(253,'https://api.zhbl.by/images/im152-2.png'),(253,'https://api.zhbl.by/images/im152-3.png'),(254,'https://api.zhbl.by/images/im153.png'),(255,'https://api.zhbl.by/images/im154.png'),(256,'https://api.zhbl.by/images/im155.png'),(257,'https://api.zhbl.by/images/im156.png'),(258,'https://api.zhbl.by/images/im157.png'),(259,'https://api.zhbl.by/images/im158.png'),(260,'https://api.zhbl.by/images/im159.png'),(261,'https://api.zhbl.by/images/im160.png'),(262,'https://api.zhbl.by/images/im161.png'),(263,'https://api.zhbl.by/images/im162.png'),(264,'https://api.zhbl.by/images/im163.png'),(265,'https://api.zhbl.by/images/im164.png'),(266,'https://api.zhbl.by/images/im165.png'),(267,'https://api.zhbl.by/images/im166.png'),(268,'https://api.zhbl.by/images/im167.png'),(269,'https://api.zhbl.by/images/im168.png'),(270,'https://api.zhbl.by/images/im169.png'),(271,'https://api.zhbl.by/images/im170.png'),(272,'https://api.zhbl.by/images/im171.png'),(291,'https://api.zhbl.by/images/im211.png'),(273,'https://api.zhbl.by/images/im172.png'),(274,'https://api.zhbl.by/images/im173.png'),(275,'https://api.zhbl.by/images/im174.png'),(276,'https://api.zhbl.by/images/im175.png'),(277,'https://api.zhbl.by/images/im176.png'),(278,'https://api.zhbl.by/images/im177.png'),(279,'https://api.zhbl.by/images/im178.png'),(280,'https://api.zhbl.by/images/im179.png'),(281,'https://api.zhbl.by/images/im126.png'),(282,'https://api.zhbl.by/images/im126.png'),(292,'https://api.zhbl.by/images/im212.png'),(293,'https://api.zhbl.by/images/im213.png');
/*!40000 ALTER TABLE `images` ENABLE KEYS */;
UNLOCK TABLES;

--
-- Table structure for table `items`
--

DROP TABLE IF EXISTS `items`;
/*!40101 SET @saved_cs_client     = @@character_set_client */;
/*!50503 SET character_set_client = utf8mb4 */;
CREATE TABLE `items` (
  `id` bigint unsigned NOT NULL AUTO_INCREMENT,
  `position` int DEFAULT '0',
  `code` varchar(6) NOT NULL,
  `category_id` bigint unsigned NOT NULL,
  `url` varchar(120) NOT NULL,
  `name` varchar(120) NOT NULL,
  `description` text,
  `brand` varchar(50) DEFAULT NULL,
  `manufacturer_id` bigint unsigned NOT NULL,
  `price` varchar(50) NOT NULL,
  `seo_title` text,
  `seo_description` text,
  `seo_keywords` text,
  PRIMARY KEY (`id`),
  UNIQUE KEY `id` (`id`),
  UNIQUE KEY `code` (`code`),
  UNIQUE KEY `url` (`url`),
  KEY `category_id` (`category_id`),
  KEY `manufacturer_id` (`manufacturer_id`),
  CONSTRAINT `items_ibfk_1` FOREIGN KEY (`category_id`) REFERENCES `categories` (`id`) ON DELETE CASCADE ON UPDATE CASCADE,
  CONSTRAINT `items_ibfk_2` FOREIGN KEY (`manufacturer_id`) REFERENCES `countries` (`id`) ON DELETE CASCADE ON UPDATE CASCADE
) ENGINE=InnoDB AUTO_INCREMENT=294 DEFAULT CHARSET=utf8mb4 COLLATE=utf8mb4_0900_ai_ci;
/*!40101 SET character_set_client = @saved_cs_client */;

--
-- Dumping data for table `items`
--

LOCK TABLES `items` WRITE;
/*!40000 ALTER TABLE `items` DISABLE KEYS */;
INSERT INTO `items` VALUES (1,5,'1.0001',8,'bachok_52008w','Алюминиевый бачок 750 мл<br/> 52008/W','Данный бачок подходит для краскопультов WALCOM следующих серий: GENESI CARBONIO, GENESI TOP LINE, SLIM KOMBAT.\n','WALCOM',3,'70.00 руб / шт','ZHBL - Алюминиевый бачок 750 мл WALCOM 52008/W (Минск)','Алюминиевый бачок для краски 750 мл WALCOM 52008/W для краскопультов серий Genesi Carbonio, Genesi, Kombat в Минске. Всего за 70.00 руб. +375 (29) 741-52-49','бачок для краски, бачок для краскопультов, бачок для краскопультов walcom, бачок для genesi, бачок для carbonio, бачок для carbonio genesi, бачок для краски genesi, бачок для краски kombat, бачок для краскопульта kombat, бачок для краскопульта genesi, бачок для краскопульта carbonio, алюминиевый бачок для краски, алюминиевый бачок для краскопульта, алюминиевый бачок для walcom, бачок 750 мл, бачок для краски 750 мл, бачок для краскопульта 750 мл, бачок walcom 750 мл'),(2,9,'1.0002',8,'bachok_52010uv','Пластиковый бачок 680 мл<br/> 52010/UV','Данный бачок защищен от ультрафиолета, подходит для краскопультов WALCOM следующих серий: EGO CARBONIO, EGO, SLIM XLIGHT, SLIM.\n','WALCOM',3,'120.00 руб / шт','ZHBL - Пластиковый бачок 680 мл WALCOM 52010/UV (Минск)','Пластиковый бачок для краски защищенный от ультрафиолета 680 мл WALCOM 52010/UV для краскопультов серий Ego Carbonio, Ego, Slim, Xlightв Минске. Всего за 120.00 руб. +375 (29) 741-52-56','бачок для краски, пластиковый бачок для краски, бачок для краскопульта, пластиковый бачок для краскопульта, бачок для xlight, бачок для краскопульта xlight, бачок для ego, бачок для краскопульта ego, бачок для slim, бачок для краскопульта slim, бачок для ego carbonio, бачок для краскопульта ego carbonio, бачок для краски 680, бачок для краски 680 мл, бачок для краскопульта 680 мл, бачок для краски walcom, бачок для краскопульта walcom, бачок для краскопульта walcom 680 мл, бачок для slim 680 мл, бачок для xlight 680 мл'),(3,3,'1.0003',8,'bachok_52014uv','Пластиковый бачок 180 мл<br/> 52014/UV','Данный бачок защищен от ультрафиолета, подходит для краскопультов WALCOM следующих серий: EGO CARBONIO, EGO, SLIM XLIGHT, SLIM.\n','WALCOM',3,'115.00 руб / шт','ZHBL - Пластиковый бачок 180 мл WALCOM 52014/UV (Минск)','Пластиковый бачок для краски защищенный от ультрафиолета 180 мл WALCOM 52014/UV для краскопультов серий Ego Carbonio, Ego, Slim, Xlight в Минске. Всего за 115.00 руб. +375 (29) 741-52-55','бачок для краски, пластиковый бачок для краски, бачок для краскопульта, пластиковый бачок для краскопульта, бачок для xlight, бачок для краскопульта xlight, бачок для ego, бачок для краскопульта ego, бачок для slim, бачок для краскопульта slim, бачок для ego carbonio, бачок для краскопульта ego carbonio, бачок для краски защита от ультрафиолета, бачок для краски 180, бачок для краски 180 мл, бачок для краскопульта 180 мл, бачок для краски walcom, бачок для краскопульта walcom, бачок для краскопульта walcom 180 мл, бачок для ego 180 мл'),(4,2,'1.0004',8,'bachok_52014w','Пластиковый бачок 180 мл<br/> 52014/W','Данный бачок подходит для краскопультов WALCOM следующих серий: EGO CARBONIO, EGO, SLIM XLIGHT, SLIM.\n','WALCOM',3,'50.00 руб / шт','ZHBL - Пластиковый бачок 180 мл WALCOM 52014/W (Минск)','Пластиковый бачок для краски 180 мл WALCOM 52014/W для краскопультов серий Ego Carbonio, Ego, Slim, Xlight в Минске. Всего за 50.00 руб. +375 (29) 741-52-48','бачок для краски, пластиковый бачок для краски, бачок для краскопульта, пластиковый бачок для краскопульта, бачок для xlight, бачок для краскопульта xlight, бачок для ego, бачок для краскопульта ego, бачок для slim, бачок для краскопульта slim, бачок для ego carbonio, бачок для краскопульта ego carbonio, бачок для краски 180, бачок для краски 180 мл, бачок для краскопульта 180 мл, бачок для краски walcom, бачок для краскопульта walcom, бачок для краскопульта walcom 180 мл, бачок для ego 180 мл'),(5,1,'1.0005',8,'bachok_52015w','Пластиковый бачок 75 мл<br/> 52015/W','Данный бачок подходит для краскопультов WALCOM следующих серий: EGO CARBONIO, EGO, SLIM XLIGHT, SLIM.\n','WALCOM',3,'80.00 руб / шт','ZHBL - Пластиковый бачок 75 мл WAlLCOM 52015/W (Минск)','Пластиковый бачок для краски 75 мл WALCOM 52015/W для краскопультов серий Ego Carbonio, Ego, Slim, Xlight в Минске. Всего за 80.00 руб. +375 (29) 741-52-50','бачок для краски, пластиковый бачок для краски, бачок для краскопульта, пластиковый бачок для краскопульта, бачок для xlight, бачок для краскопульта xlight, бачок для ego, бачок для краскопульта ego, бачок для slim, бачок для краскопульта slim, бачок для ego carbonio, бачок для краскопульта ego carbonio, бачок для краски 75, бачок для краски 75 мл, бачок для краскопульта 75 мл, бачок для краски walcom, бачок для краскопульта walcom, бачок для краскопульта walcom 75 мл, бачок для ego 75 мл'),(6,8,'1.0006',8,'bachok_52028b','Пластиковый бачок 680 мл<br/> 52028/B','Данный бачок подходит для краскопультов WALCOM следующих серий: CARBONIO GENESI, GENESI TOP LINE, SLIM KOMBAT.\n','WALCOM',3,'115.00 руб / шт','ZHBL - Пластиковый бачок 680 мл WALCOM 52028/B (Минск)','Пластиковый бачок для краски 680 мл WALCOM 52028/B для краскопультов серий Carbonio Genesi, Genesi, Kombat в Минске. Всего за 115.00 руб. +375 (29) 741-52-54','бачок для краски, бачок для краскопультов, бачок для краскопультов walcom, бачок для genesi, бачок для carbonio, бачок для carbonio genesi, бачок для краски genesi, бачок для краски kombat, бачок для краскопульта kombat, бачок для краскопульта genesi, бачок для краскопульта carbonio, пластиковый бачок для краски, пластиковый бачок для краскопульта, пластиковый бачок для walcom, бачок 680 мл, бачок для краски 680 мл, бачок для краскопульта 680 мл, бачок walcom 680 мл'),(7,10,'1.0007',8,'bachok_52028uv','Пластиковый бачок 680 мл<br/> 52028/UV','Данный бачок защищен от ультрафиолета, подходит для краскопультов WALCOM следующих серий: GENESI CARBONIO, GENESI TOP LINE, SLIM KOMBAT.\n','WALCOM',3,'125.00 руб / шт','ZHBL - Пластиковый бачок 680 мл WALCOM 52028/UV (Минск)','Пластиковый бачок для краски с защитой от ультрафиолета 680 мл WALCOM 52028/UV для краскопультов серий Carbonio Genesi, Genesi, Kombat в Минске. Всего за 125.00 руб. +375 (29) 741-52-57','бачок для краски, бачок для краскопультов, бачок для краскопультов walcom, бачок для genesi, бачок для carbonio, бачок для carbonio genesi, бачок для краски genesi, бачок для краски kombat, бачок для краскопульта kombat, бачок для краскопульта genesi, бачок для краскопульта carbonio, пластиковый бачок для краски, бачок для краски с защитой от ультрафиолета, пластиковый бачок для краскопульта, пластиковый бачок для walcom, бачок 680 мл, бачок для краски 680 мл, бачок для краскопульта 680 мл, бачок walcom 680 мл'),(8,5,'1.0008',9,'regulyator_90147w','Регулятор давления с манометром<br/> WALCOM 90147/W','Манометр: с осевым креплением М 1/8\".<br />\nКорпус: Анодированный алюминий.\n','WALCOM',3,'170.00 руб / шт','ZHBL - Регулятор давления с манометром WALCOM 90147/W (Минск)','Регулятор давления с манометром WALCOM 90147/W в Минске. Всего за 170.00 руб. +375 (29) 741-52-52','регулятор давления, регулятор давления с манометром, регулятор, регулятор walcom, регулятор давления walcom, регулятор давления с манометром walcom, регулятор давления для краскопульта, регулятор давления для пневмоинструмента, регулятор давления с манометром для краскопульта, регулятор давления для краскопульта walcom'),(9,4,'1.0009',9,'regulyator_90105w','Регулятор давления с манометром<br/> WALCOM 90105/W','Манометр: С осевым креплением М 1/8\".\n','WALCOM',3,'125.00 руб / шт','ZHBL - Регулятор давления с манометром WALCOM 90105/W (Минск)','Регулятор давления с манометром WALCOM 90105/W в Минске. Всего за 125.00 руб. +375 (29) 741-52-51','регулятор давления, регулятор давления с манометром, регулятор, регулятор walcom, регулятор давления walcom, регулятор давления с манометром walcom, регулятор давления для краскопульта, регулятор давления для пневмоинструмента, регулятор давления с манометром для краскопульта, регулятор давления для краскопульта walcom'),(10,6,'1.0010',9,'regulyator_90180w','Электронный регулятор давления<br/> WALCOM 90180/W','Манометр: Высокоточный цифровой.<br />\nКорпус: Углеродное волокно.\n','WALCOM',3,'540.00 руб / шт','ZHBL - Электронный регулятор давления WALCOM 90180/W (Минск)','Электронный регулятор давления WALCOM 90180/W в Минске. Всего за 540.00 руб. +375 (29) 741-52-53','регулятор давления, регулятор давления с манометром, регулятор, регулятор walcom, регулятор давления walcom, регулятор давления с манометром walcom, регулятор давления для краскопульта, регулятор давления для пневмоинструмента, регулятор давления с манометром для краскопульта, регулятор давления для краскопульта walcom, электронный регулятор давления, электронный манометр, электронный регулятор, электронный регулятор walcom, регулятор давления для carbonio'),(11,6,'1.0011',10,'geo_9900','Набор сменных сопел<br/> GENESI CARBONIO 360 GEO 9900**','В набор входит: Распыляющая головка, сопло, игла-пружина','WALCOM',3,'870.00 руб / шт','ZHBL - Набор сменных сопел WALCOM GENESI CARBONIO GEO (Минск)','Наборы сменных сопел для краскопульта WALCOM GENESI CARBONIO 360 GEO в Минске. Всего за 870.00 руб. +375 (29) 741-52-43','набор сменной головы, набор для краскопультов, набор сменных сопел, набор сменной дюзы, набор carbonio geo, сопло carbonio, сопло walcom, сопло carbonio geo, сопло genesi carbonio geo, сопло carbonio geo 1.9, сопло carbonio geo 1.7, сопло carbonio geo 1.5, сопло carbonio geo 1.4, сопло carbonio geo 1.3, сопло carbonio geo 1.2, сопло carbonio geo 1.1, сопло carbonio geo 1.0, дюза carbonio geo 1.9, дюза carbonio geo 1.7, дюза carbonio geo 1.5, дюза carbonio geo 1.4,дюза carbonio geo 1.3, дюза carbonio geo 1.2, дюза carbonio geo 1.1, дюза carbonio geo 1.0, набор сменных сопел walcom'),(12,4,'1.0019',10,'base_9700','Набор сменных сопел<br/> GENESI CARBONIO 360 HTE BASE 9700**','В набор входит: Распыляющая головка, сопло, игла-пружина','WALCOM',3,'550.00 руб / шт','ZHBL - Набор сменных сопел WALCOM GENESI CARBONIO HTE BASE (Минск)','Наборы сменных сопел для краскопульта WALCOM GENESI CARBONIO 360 HTE BASE в Минске. Всего за 550.00 руб. +375 (29) 741-52-41','набор сменной головы, набор для краскопультов, набор сменных сопел, набор сменной дюзы, набор carbonio hte base, сопло carbonio, сопло walcom, сопло carbonio hte base, сопло genesi carbonio hte base, сопло carbonio hte base 1.9, сопло carbonio hte base 1.7, сопло carbonio hte base 1.5, сопло carbonio hte base 1.4, сопло carbonio hte base 1.3, сопло carbonio hte base 1.2, сопло carbonio hte base 1.1, сопло carbonio hte base 1.0, дюза carbonio hte base 1.9, дюза carbonio hte base 1.7, дюза carbonio hte base 1.5, дюза carbonio hte base 1.4,дюза carbonio hte base 1.3, дюза carbonio hte base 1.2, дюза carbonio hte base 1.1, дюза carbonio hte base 1.0, набор сменных сопел walcom'),(13,3,'1.0026',10,'clear_9600','Набор сменных сопел<br/> GENESI CARBONIO 360 HTE CLEAR 9600**','В набор входит: Распыляющая головка, сопло, игла-пружина','WALCOM',3,'550.00 руб / шт','ZHBL - Набор сменных сопел WALCOM GENESI CARBONIO HTE CLEAR (Минск)','Наборы сменных сопел для краскопульта WALCOM GENESI CARBONIO 360 HTE CLEAR в Минске. Всего за 550.00 руб. +375 (29) 741-52-40','набор сменной головы, набор для краскопультов, набор сменных сопел, набор сменной дюзы, набор carbonio hte clear, сопло carbonio, сопло walcom, сопло carbonio hte clear, сопло genesi carbonio hte clear, сопло carbonio hte clear 1.9, сопло carbonio hte clear 1.7, сопло carbonio hte clear 1.5, сопло carbonio hte clear 1.4, сопло carbonio hte clear 1.3, сопло carbonio hte clear 1.2, сопло carbonio hte clear 1.1, дюза carbonio hte clear 1.9, дюза carbonio hte clear 1.7, дюза carbonio hte clear 1.5, дюза carbonio hte clear 1.4,дюза carbonio hte clear 1.3, дюза carbonio hte clear 1.2, дюза carbonio hte clear 1.1, набор сменных сопел walcom'),(14,5,'1.0032',10,'hvlp_9800','Набор сменных сопел<br/> GENESI CARBONIO 360 HVLP 9800**','В набор входит: Распыляющая головка, сопло, игла-пружина','WALCOM',3,'590.00 руб / шт','ZHBL - Набор сменных сопел WALCOM GENESI CARBONIO HVLP (Минск)','Наборы сменных сопел для краскопульта WALCOM GENESI CARBONIO 360 HVLP в Минске. Всего за 590.00 руб. +375 (29) 741-52-42','набор сменной головы, набор для краскопультов, набор сменных сопел, набор сменной дюзы, набор carbonio hvlp, сопло carbonio, сопло walcom, сопло carbonio hvlp, сопло genesi carbonio hvlp, сопло carbonio hvlp 1.9, сопло carbonio hvlp 1.7, сопло carbonio hvlp 1.5, сопло carbonio hvlp 1.4, сопло carbonio hvlp 1.3, сопло carbonio hvlp 1.2, сопло carbonio hvlp 1.1, дюза carbonio hvlp 1.9, дюза carbonio hvlp 1.7, дюза carbonio hvlp 1.5, дюза carbonio hvlp 1.4,дюза carbonio hvlp 1.3, дюза carbonio hvlp 1.2, дюза carbonio hvlp 1.1, набор сменных сопел walcom'),(15,1,'1.0039',10,'ego_hte_7000','Набор сменных сопел<br/> EGO CARBONIO HTE 7000**','В набор входит: Распыляющая головка, сопло, игла-пружина','WALCOM',3,'260.00 руб / шт','ZHBL - Набор сменных сопел WALCOM EGO CARBONIO HTE (Минск)','Наборы сменных сопел для краскопульта WALCOM EGO CARBONIO HTE в Минске. Всего за 260.00 руб. +375 (29) 741-52-38','набор сменной головы, набор для краскопультов, набор сменных сопел, набор сменной дюзы, набор ego carbonio hte, сопло carbonio, сопло walcom, сопло ego carbonio hte, сопло ego carbonio hte 1.0, сопло ego carbonio hte 1.2, сопло ego carbonio hte 0.5, сопло ego carbonio hte 1.4, сопло ego carbonio hte 0.7, дюза ego carbonio hte 0.7, дюза ego carbonio hte 1.0, дюза ego carbonio hte 1.2, дюза ego carbonio hte 1.4, дюза ego carbonio hte 0.5, набор сменных сопел walcom'),(16,2,'1.0044',10,'ego_hvlp_7100','Набор сменных сопел<br/> EGO CARBONIO HVLP 7100**','В набор входит: Распыляющая головка, сопло, игла-пружина','WALCOM',3,'260.00 руб / шт','ZHBL - Набор сменных сопел WALCOM EGO CARBONIO HVLP (Минск)','Наборы сменных сопел для краскопульта WALCOM EGO CARBONIO HVLP в Минске. Всего за 260.00 руб. +375 (29) 741-52-39','набор сменной головы, набор для краскопультов, набор сменных сопел, набор сменной дюзы, набор ego carbonio hvlp, сопло carbonio, сопло walcom, сопло ego carbonio hvlp, сопло ego carbonio hvlp 1.0, сопло ego carbonio hvlp 1.2, сопло ego carbonio hvlp 0.5, сопло ego carbonio hvlp 1.4, сопло ego carbonio hvlp 0.7, дюза ego carbonio hvlp 0.7, дюза ego carbonio hvlp 1.0, дюза ego carbonio hvlp 1.2, дюза ego carbonio hvlp 1.4, дюза ego carbonio hvlp 0.5, набор сменных сопел walcom'),(17,1,'1.0049',11,'ego_hte_4100','Набор сменных сопел<br/> EGO HTE 4100**','В набор входит: Распыляющая головка, сопло, игла-пружина','WALCOM',3,'170.00 руб / шт','ZHBL - Набор сменных сопел  WALCOM EGO HTE (Минск)','Наборы сменных сопел для краскопульта WALCOM EGO HTE в Минске. Всего за 170.00 руб. +375 (29) 741-52-33','набор сменной головы, набор для краскопультов, набор сменных сопел, набор сменной дюзы, набор ego hte, сопло, сопло walcom, сопло ego hte, сопло ego hte 1.0, сопло ego hte 1.2, сопло ego hte 0.5, сопло ego hte 1.4, сопло ego hte 0.7, дюза ego hte 0.7, дюза ego hte 1.0, дюза ego hte 1.2, дюза ego hte 1.4, дюза ego hte 0.5, набор сменных сопел walcom'),(18,2,'1.0054',11,'ego_hvlp_4137','Набор сменных сопел<br/> EGO HVLP 4137*','В набор входит: Распыляющая головка, сопло, игла-пружина','WALCOM',3,'205.00 руб / шт','ZHBL - Набор сменных сопел WALCOM EGO HVLP (Минск)','Наборы сменных сопел для краскопульта WALCOM EGO HVLP в Минске. Всего за 205.00 руб. +375 (29) 741-52-34','набор сменной головы, набор для краскопультов, набор сменных сопел, набор сменной дюзы, набор ego hvlp, сопло, сопло walcom, сопло ego hvlp, сопло ego hvlp 1.0, сопло ego hvlp 1.2, сопло ego hvlp 0.5, сопло ego hvlp 1.4, сопло ego hvlp 0.7, дюза ego hvlp 0.7, дюза ego hvlp 1.0, дюза ego hvlp 1.2, дюза ego hvlp 1.4, дюза ego hvlp 0.5, набор сменных сопел walcom'),(19,3,'1.0059',12,'genesi_geo_9360','Набор сменных сопел<br/> GENESI GEO 9360**','В набор входит: Распыляющая головка, сопло, игла-пружина','WALCOM',3,'710.00 руб / шт','ZHBL - Набор сменных сопел WALCOM GENESI GEO (Минск)','Наборы сменных сопел для краскопульта WALCOM GENESI TOP LINE GEO в Минске. Всего за 710.00 руб. +375 (29) 741-52-37','набор сменной головы, набор для краскопультов, набор сменных сопел, набор сменной дюзы, набор genesi geo, сопло, сопло walcom, сопло genesi geo, сопло genesi geo 0.8, сопло genesi geo 1.0, сопло genesi geo 1.2, сопло genesi geo 1.3, сопло genesi geo 1.4, сопло genesi geo 1.7, сопло genesi geo 1.9, дюза genesi geo 0.8, дюза genesi geo 1.3, дюза genesi geo 1.7, дюза genesi geo 1.0, дюза genesi geo 1.2, дюза genesi geo 1.4, дюза genesi geo 1.9, набор сменных сопел walcom'),(20,1,'1.0064',12,'genesi_hte_9560','Набор сменных сопел<br/> GENESI HTE 9560**','В набор входит: Распыляющая головка, сопло, игла-пружина','WALCOM',3,'430.00 руб / шт','ZHBL - Набор сменных сопел WALCOM GENESI HTE (Минск)','Наборы сменных сопел для краскопульта WALCOM GENESI TOP LINE HTE в Минске. Всего за 430.00 руб. +375 (29) 741-52-35','набор сменной головы, набор для краскопультов, набор сменных сопел, набор сменной дюзы, набор genesi hte, сопло, сопло walcom, сопло genesi hte, сопло genesi hte 0.8, сопло genesi hte 1.0, сопло genesi hte 1.2, сопло genesi hte 1.3, сопло genesi hte 1.4, сопло genesi hte 1.7, сопло genesi hte 1.9, дюза genesi hte 0.8, дюза genesi hte 1.3, дюза genesi hte 1.7, дюза genesi hte 1.0, дюза genesi hte 1.2, дюза genesi hte 1.4, дюза genesi hte 1.9, набор сменных сопел walcom'),(21,2,'1.0070',12,'genesi_hvlp_9460','Набор сменных сопел<br/> GENESI HVLP 9460**','В набор входит: Распыляющая головка, сопло, игла-пружина','WALCOM',3,'460.00 руб / шт','ZHBL - Набор сменных сопел WALCOM GENESI HVLP (Минск)','Наборы сменных сопел для краскопульта WALCOM GENESI TOP LINE HVLP в Минске. Всего за 460.00 руб. +375 (29) 741-52-36','набор сменной головы, набор для краскопультов, набор сменных сопел, набор сменной дюзы, набор genesi hvlp, сопло, сопло walcom, сопло genesi hvlp, сопло genesi hvlp 0.8, сопло genesi hvlp 1.0, сопло genesi hvlp 1.2, сопло genesi hvlp 1.3, сопло genesi hvlp 1.4, сопло genesi hvlp 1.7, сопло genesi hvlp 1.9, дюза genesi hvlp 0.8, дюза genesi hvlp 1.3, дюза genesi hvlp 1.7, дюза genesi hvlp 1.0, дюза genesi hvlp 1.2, дюза genesi hvlp 1.4, дюза genesi hvlp 1.9, набор сменных сопел walcom'),(22,1,'1.0076',13,'kombat_hte_8000','Набор сменных сопел<br/> SLIM KOMBAT HTE 8000**','В набор входит: Распыляющая головка, сопло, игла-пружина','WALCOM',3,'220.00 руб / шт','ZHBL - Набор сменных сопел WALCOM SLIM KOMBAT HTE (Минск)','Наборы сменных сопел для краскопульта WALCOM SLIM KOMBAT HTE в Минске. Всего за 220.00 руб. +375 (29) 741-52-28','набор сменной головы, набор для краскопультов, набор сменных сопел, набор сменной дюзы, набор kombat hte , сопло, сопло walcom, сопло kombat hte, сопло kombat hte 1.3, сопло kombat hte 1.4, сопло kombat hte 1.5, сопло kombat hte 1.7, сопло kombat hte 1.9, сопло kombat hte 2.2, дюза kombat hte 1.4, дюза kombat hte 1.5, дюза kombat hte 1.3, дюза kombat hte 1.7, набор сменных сопел walcom'),(23,2,'1.0085',13,'kombat_hvlp_8100','Набор сменных сопел<br/> SLIM KOMBAT HVLP 8100**','В набор входит: Распыляющая головка, сопло, игла-пружина','WALCOM',3,'240.00 руб / шт','ZHBL - Набор сменных сопел WALCOM SLIM KOMBAT HVLP (Минск)','Наборы сменных сопел для краскопульта WALCOM SLIM KOMBAT HVLP в Минске. Всего за 240.00 руб. +375 (29) 741-52-29','набор сменной головы, набор для краскопультов, набор сменных сопел, набор сменной дюзы, набор kombat hvlp, сопло, сопло walcom, сопло kombat hvlp, сопло kombat hvlp 1.3, сопло kombat hvlp 1.4, сопло kombat hvlp 1.5, сопло kombat hvlp 1.7, сопло kombat hvlp 1.9, сопло kombat hvlp 2.2, дюза kombat hvlp 1.4, дюза kombat hvlp 1.5, дюза kombat hvlp 1.3, дюза kombat hvlp 1.7, набор сменных сопел walcom'),(24,1,'1.0093',14,'slim_hte_11352','Набор сменных сопел<br/> SLIM HTE 11352**','В набор входит: Распыляющая головка, сопло, игла-пружина','WALCOM',3,'210.00 руб / шт','ZHBL - Набор сменных сопел WALCOM SLIM HTE (Минск)','Наборы сменных сопел для краскопульта WALCOM SLIM HTE в Минске. Всего за 210.00 руб. +375 (29) 741-52-30','набор сменной головы, набор для краскопультов, набор сменных сопел, набор сменной дюзы, набор slim hte , сопло, сопло walcom, сопло slim hte, сопло slim hte 1.3, сопло slim hte 1.4, сопло slim hte 1.5, сопло slim hte 1.7, сопло slim hte 1.9, сопло slim hte 2.2, дюза slim hte 1.4, дюза slim hte 1.5, дюза slim hte 1.3, дюза slim hte 1.7, набор сменных сопел walcom'),(25,2,'1.0101',14,'slim_hvlp_11350','Набор сменных сопел<br/> SLIM HVLP 11350**','В набор входит: Распыляющая головка, сопло, игла-пружина','WALCOM',3,'230.00 руб / шт','ZHBL - Набор сменных сопел WALCOM SLIM HVLP (Минск)','Наборы сменных сопел для краскопульта WALCOM SLIM HVLP в Минске. Всего за 230.00 руб. +375 (29) 741-52-31','набор сменной головы, набор для краскопультов, набор сменных сопел, набор сменной дюзы, набор slim hvlp, сопло, сопло walcom, сопло slim hvlp, сопло slim hvlp 1.3, сопло slim hvlp 1.4, сопло slim hvlp 1.5, сопло slim hvlp 1.7, сопло slim hvlp 1.9, сопло slim hvlp 2.2, дюза slim hvlp 1.4, дюза slim hvlp 1.5, дюза slim hvlp 1.3, дюза slim hvlp 1.7, набор сменных сопел walcom'),(26,1,'1.0106',15,'xlight_hte_8200','Набор сменных сопел<br/> SLIM XLIGHT HTE 8200**','В набор входит: Распыляющая головка, сопло, игла-пружина','WALCOM',3,'210.00 руб / шт','ZHBL - Набор сменных сопел WALCOM SLIM XLIGHT HTE (Минск)','Наборы сменных сопел для краскопульта WALCOM SLIM XLIGHT HTE в Минске. Всего за 210.00 руб. +375 (29) 741-52-26','набор сменной головы, набор для краскопультов, набор сменных сопел, набор сменной дюзы, набор xlight hte, сопло, сопло walcom, сопло xlight hte, сопло xlight hte 1.3, сопло xlight hte 1.4, сопло xlight hte 1.5, сопло xlight hte 1.7, сопло xlight hte 1.9, сопло xlight hte 2.2, дюза xlight hte 1.4, дюза xlight hte 1.5, дюза xlight hte 1.3, дюза xlight hte 1.7, набор сменных сопел walcom'),(27,2,'1.0114',15,'xlight_hvlp_8300','Набор сменных сопел<br/> SLIM XLIGHT HVLP 8300**','В набор входит: Распыляющая головка, сопло, игла-пружина','WALCOM',3,'230.00 руб / шт','ZHBL - Набор сменных сопел WALCOM SLIM XLIGHT HVLP (Минск)','Наборы сменных сопел для краскопульта WALCOM SLIM XLIGHT HVLP в Минске. Всего за 230.00 руб. +375 (29) 741-52-27','набор сменной головы, набор для краскопультов, набор сменных сопел, набор сменной дюзы, набор xlight hvlp , сопло, сопло walcom, сопло xlight hvlp , сопло xlight hvlp 1.3, сопло xlight hvlp 1.4, сопло xlight hvlp 1.5, сопло xlight hvlp 1.7, сопло xlight hvlp 1.9, сопло xlight hvlp 2.2, дюза xlight hvlp 1.4, дюза xlight hvlp 1.5, дюза xlight hvlp 1.3, дюза xlight hvlp 1.7, набор сменных сопел walcom'),(121,1,'1.0121',16,'c_24_J1047b','Компрессор поршневой<br/> СБ4/C-24.J1047B','','REMEZA',1,'726.00 руб / шт','ZHBL - Компрессор с прямым приводом СБ4/С-24.J1047B (Минск)','Продажа компрессоров с прямым приводом СБ4/С-24.J1047B мощностью 1,5 кВт в Минске. +375 (29) 741-52-26','компрессор на 1.5 квт, купить компрессор, ремаза, remeza, компрессор 24, компрессор 220в купить минск, поршневой компрессор с прямым приводом, компрессор 220в, компрессор воздушный, СБ4/С-24.J1047B, aircast, J1047B'),(122,2,'1.0122',16,'c_24_J1048b','Компрессор поршневой<br/> СБ4/C-24.J1048B','','REMEZA',1,'783.00 руб / шт','ZHBL - Компрессор с прямым приводом СБ4/С-24.J1048B (Минск)','Продажа компрессоров с прямым приводом СБ4/С-24.J1048B мощностью 1,8 кВт в Минске. +375 (29) 741-52-26','компрессор на 1.8 квт, купить компрессор, компрессор 24, ремеза, remeza, компрессор 220в купить минск, поршневой компрессор с прямым приводом, компрессор 220в, компрессор воздушный, СБ4/С-24.J1048B, aircast, J1048B'),(123,3,'1.0123',16,'c_50_J1047b','Компрессор поршневой<br/> СБ4/C-50.J1047B','','REMEZA',1,'825.00 руб / шт','ZHBL - Компрессор с прямым приводом СБ4/C-50.J1047B (Минск)','Продажа компрессоров с прямым приводом СБ4/C-50.J1047B мощностью 1,5 кВт в Минске. +375 (29) 741-52-26','компрессор 1.5 квт, купить компрессор, ремеза, remeza, компрессор 50, компрессор 220в купить минск, поршневой компрессор с прямым приводом, компрессор 220в, компрессор воздушный, СБ4/C-50.J1047B, aircast, J1047B'),(124,4,'1.0124',16,'c_50_J1048b','Компрессор поршневой<br/> СБ4/C-50.J1048B','','REMEZA',1,'864.00 руб / шт','ZHBL - Компрессор с прямым приводом СБ4/C-50.J1048B (Минск)','Продажа компрессоров с прямым приводом СБ4/C-50.J1048B мощностью 1,8 кВт в Минске. +375 (29) 741-52-26','компрессор 1.8 квт, купить компрессор, ремеза, remeza, компрессор 50, компрессор 220в купить минск, поршневой компрессор с прямым приводом, компрессор 220в, компрессор воздушный, СБ4/C-50.J1048B, aircast, J1048B'),(125,5,'1.0125',16,'c_50_J2047b','Компрессор поршневой<br/> СБ4/C-50.J2047B','','REMEZA',1,'1089.00 руб / шт','ZHBL - Компрессор с прямым приводом СБ4/C-50.J2047B (Минск)','Продажа компрессоров с прямым приводом СБ4/C-50.J2047B мощностью 2,2 кВт в Минске. +375 (29) 741-52-26','компрессор 2.2 квт, купить компрессор, ремеза, remeza, компрессор 50, компрессор 220в купить минск, поршневой компрессор с прямым приводом, компрессор 220в, компрессор воздушный, СБ4/C-50.J2047B, aircast, J2047B'),(126,6,'1.0126',16,'c_100_J2047b','Компрессор поршневой<br/> СБ4/C-100.J2047B','','REMEZA',1,'1155.00 руб / шт','ZHBL - Компрессор с прямым приводом СБ4/C-100.J2047B (Минск)','Продажа компрессоров с прямым приводом СБ4/C-100.J2047B мощностью 2,2 кВт в Минске. +375 (29) 741-52-26','компрессор 2,2 квт, купить компрессор, ремеза, remeza, компрессор 100, компрессор 220в купить минск, поршневой компрессор с прямым приводом, компрессор 220в, компрессор воздушный, СБ4/C-100.J2047B, aircast, J2047B'),(127,1,'1.0127',17,'c_50_LB24a','Компрессор поршневой<br/> СБ4/C-50.LB24A','','REMEZA',1,'1374.00 руб / шт','ZHBL - Компрессор поршневой СБ4/С-50.LB24А (Минск)','Продажа поршневых компрессоров с ременным приводом REMEZA СБ4/С-50.LB24А мощностью 2,2 кВт на 220В в Минске. +375 (29) 741-52-26','компрессор, купить компрессор, компрессор 50, ремаза, remeza, компрессор 220в купить минск, поршневой компрессор с ременным приводом, компрессор 220в, компрессор воздушный, СБ4/С-50.LB24А, aircast, LB24А, LB24'),(128,2,'1.0128',17,'c_50_LB24','Компрессор поршневой<br/> СБ4/C-50.LB24','','REMEZA',1,'1467.00 руб / шт','ZHBL - Компрессор поршневой СБ4/С-50.LB24 (Минск)','Продажа поршневых компрессоров с ременным приводом REMEZA СБ4/С-50.LB24 мощностью 2,2 кВт в Минске. +375 (29) 741-52-26','компрессор, купить компрессор, компрессор 50, ремаза, remeza, компрессор 380в купить минск, поршневой компрессор с ременным приводом, компрессор 380в, компрессор воздушный, СБ4/С-50, LB24, aircast, LB24, LB24'),(129,3,'1.0129',17,'c_100_LB24a','Компрессор поршневой<br/> СБ4/C-100.LB24A','','REMEZA',1,'1461.00 руб / шт','ZHBL - Компрессор поршневой СБ4/С-100.LB24А (Минск)','Продажа поршневых компрессоров с ременным приводом REMEZA СБ4/С-100.LB24А мощностью 2,2 кВт на 220В в Минске. +375 (29) 741-52-26','компрессор, купить компрессор, компрессор 100, ремаза, remeza, компрессор 220в купить минск, поршневой компрессор с ременным приводом, компрессор 220в, компрессор воздушный, СБ4/С-100.LB24А, aircast, LB24А, LB24'),(130,4,'1.0130',17,'c_100_LB24','Компрессор поршневой<br/> СБ4/C-100.LB24','','REMEZA',1,'1557.00 руб / шт','ZHBL - Компрессор поршневой СБ4/С-100.LB24 (Минск)','Продажа поршневых компрессоров с ременным приводом REMEZA СБ4/С-100.LB24 мощностью 2,2 кВт в Минске. +375 (29) 741-52-26','компрессор, купить компрессор, компрессор 100, ремаза, remeza, компрессор 380в купить минск, поршневой компрессор с ременным приводом, компрессор 380в, компрессор воздушный, СБ4/С-100, LB24, aircast, LB24, LB24'),(131,5,'1.0131',17,'c_50_LB30a','Компрессор поршневой<br/> СБ4/C-50.LB30A','','REMEZA',1,'1446.00 руб / шт','ZHBL - Компрессор поршневой СБ4/С-50.LB30А (Минск)','Продажа поршневых компрессоров с ременным приводом REMEZA СБ4/С-50.LB30А мощностью 2,2 кВт на 220В в Минске. +375 (29) 741-52-26','компрессор, купить компрессор, компрессор 50, ремаза, remeza, компрессор 220в купить минск, поршневой компрессор с ременным приводом, компрессор 220в, компрессор воздушный,  СБ4/С-50.LB30А, aircast, LB30А, LB30'),(132,6,'1.0132',17,'c_50_LB30','Компрессор поршневой<br/> СБ4/C-50.LB30','','REMEZA',1,'1542.00 руб / шт','ZHBL - Компрессор поршневой СБ4/С-50.LB30 (Минск)','Продажа поршневых компрессоров с ременным приводом REMEZA СБ4/С-50.LB30 мощностью 2,2 кВт в Минске. +375 (29) 741-52-26','компрессор, купить компрессор, компрессор 50, ремаза, remeza, компрессор 380в купить минск, поршневой компрессор с ременным приводом, компрессор 380в, компрессор воздушный, СБ4/С-50, LB30, aircast, LB30, LB30'),(133,7,'1.0133',17,'c_100_LB30a','Компрессор поршневой<br/> СБ4/C-100.LB30A','','REMEZA',1,'1563.00 руб / шт','ZHBL - Компрессор поршневой СБ4/С-100.LB30А (Минск)','Продажа поршневых компрессоров с ременным приводом REMEZA СБ4/С-100.LB30А мощностью 2,2 кВт на 220В в Минске. +375 (29) 741-52-26','компрессор, купить компрессор, компрессор 100, ремаза, remeza, компрессор 220в купить минск, поршневой компрессор с ременным приводом, компрессор 220в, компрессор воздушный,  СБ4/С-100.LB30А, aircast, LB30А, LB30'),(134,8,'1.0134',17,'c_100_LB30','Компрессор поршневой<br/> СБ4/C-100.LB30','','REMEZA',1,'1707.00 руб / шт','ZHBL - Компрессор поршневой СБ4/С-100.LB30 (Минск)','Продажа поршневых компрессоров с ременным приводом REMEZA СБ4/С-100.LB30 мощностью 2,2 кВт в Минске. +375 (29) 741-52-26','компрессор, купить компрессор, компрессор 100, ремаза, remeza, компрессор 380в купить минск, поршневой компрессор с ременным приводом, компрессор 380в, компрессор воздушный, СБ4/С-100, LB30, aircast, LB30, LB30'),(135,9,'1.0135',17,'c_200_LB30a','Компрессор поршневой<br/> СБ4/С-200.LB30А','','REMEZA',1,'2127.00 руб / шт','ZHBL - Компрессор поршневой СБ4/Ф-200.LB30А (Минск)','Продажа поршневых компрессоров с ременным приводом REMEZA СБ4/Ф-200.LB30А мощностью 2,2 кВт на 220В в Минске. +375 (29) 741-52-26','компрессор, купить компрессор, компрессор 200, ремаза, remeza, компрессор 220в купить минск, поршневой компрессор с ременным приводом, компрессор 220в, компрессор воздушный,  СБ4/Ф-200.LB30А, aircast, LB30А, LB30'),(136,10,'1.0136',17,'c_200_LB30','Компрессор поршневой<br/> СБ4/С-200.LB30','','REMEZA',1,'2223.00 руб / шт','ZHBL - Компрессор поршневой СБ4/С-200.LB30 (Минск)','Продажа поршневых компрессоров с ременным приводом REMEZA СБ4/С-200.LB30 мощностью 2,2 кВт в Минске. +375 (29) 741-52-26','компрессор, купить компрессор, компрессор 200, ремаза, remeza, компрессор 380в купить минск, поршневой компрессор с ременным приводом, компрессор 380в, компрессор воздушный, СБ4/С-200, LB30, aircast, LB30, LB30'),(137,11,'1.0137',17,'c_100_LB40','Компрессор поршневой<br/> СБ4/C-100.LB40','','REMEZA',1,'1980.00 руб / шт','ZHBL - Компрессор поршневой СБ4/С-100.LB40 (Минск)','Продажа поршневых компрессоров с ременным приводом REMEZA СБ4/С-100.LB40 мощностью 3,0 кВт в Минске. +375 (29) 741-52-26','компрессор, купить компрессор, компрессор 100, ремаза, remeza, компрессор 380в купить минск, поршневой компрессор с ременным приводом, компрессор 380в, компрессор воздушный, СБ4/С-100.LB40, aircast, LB40'),(138,12,'1.0138',17,'c_200_LB40','Компрессор поршневой<br/> СБ4/С-200.LB40','','REMEZA',1,'2394.00 руб / шт','ZHBL - Компрессор поршневой СБ4/Ф-200.LB40 (Минск)','Продажа поршневых компрессоров с ременным приводом REMEZA СБ4/Ф-200.LB40 мощностью 3,0 кВт в Минске. +375 (29) 741-52-26','компрессор, купить компрессор, компрессор 200, ремаза, remeza, компрессор 380в купить минск, поршневой компрессор с ременным приводом, компрессор 380в, компрессор воздушный, СБ4/Ф-200.LB40, aircast, LB40'),(139,13,'1.0139',17,'c_100_LB50','Компрессор поршневой<br/> СБ4/C-100.LB50','','REMEZA',1,'2559.00 руб / шт','ZHBL - Компрессор поршневой  СБ4/С-100.LB50 (Минск)','Продажа поршневых компрессоров с ременным приводом REMEZA СБ4/С-100.LB50 мощностью 4,0 кВт в Минске. +375 (29) 741-52-26','компрессор, купить компрессор, компрессор 100, ремаза, remeza, компрессор 380в купить минск, поршневой компрессор с ременным приводом, компрессор 380в, компрессор воздушный, СБ4/С-100.LB50, aircast, LB50'),(140,14,'1.0140',17,'f_270_LB50','Компрессор поршневой<br/> СБ4/Ф-270.LB50','','REMEZA',1,'3126.00 руб / шт','ZHBL - Компрессор поршневой СБ4/Ф-270.LB50 (Минск)','Продажа поршневых компрессоров с ременным приводом REMEZA СБ4/Ф-270.LB50 мощностью 4,0 кВт в Минске. +375 (29) 741-52-26','компрессор, купить компрессор, компрессор 500, ремаза, remeza, компрессор 380в купить минск, поршневой компрессор с ременным приводом, компрессор 380в, компрессор воздушный, СБ4/Ф-270.LB50, aircast, LB50'),(141,15,'1.0141',17,'c_100_LB75','Компрессор поршневой<br/> СБ4/С-100.LB75','','REMEZA',1,'2970.00 руб / шт','ZHBL - Компрессор поршневой СБ4/С-100.LB75 (Минск)','Продажа поршневых компрессоров с ременным приводом REMEZA СБ4/С-100.LB75 мощностью 5.5 кВт в Минске. +375 (29) 741-52-26','компрессор, купить компрессор, компрессор 100, ремаза, remeza, компрессор 380в купить минск, поршневой компрессор с ременным приводом, компрессор 380в, компрессор воздушный, СБ4/С-100.LB75, aircast, LB75'),(142,16,'1.0142',17,'f_270_LB75','Компрессор поршневой<br/> СБ4/Ф-270.LB75','','REMEZA',1,'3549.00 руб / шт','ZHBL - Компрессор поршневой СБ4/Ф-270.LB75 (Минск)','Продажа поршневых компрессоров с ременным приводом REMEZA СБ4/Ф-270.LB75 мощностью 5,5 кВт в Минске. +375 (29) 741-52-26','компрессор, купить компрессор, компрессор 270, ремаза, remeza, компрессор 380в купить минск, поршневой компрессор с ременным приводом, компрессор 380в, компрессор воздушный, СБ4/Ф-270.LB75, aircast, LB75'),(143,17,'1.0143',17,'f_500_LB75','Компрессор поршневой<br/> СБ4/Ф-500.LB75','','REMEZA',1,'3795.00 руб / шт','ZHBL - Компрессор поршневой СБ4/Ф-500.LB75 (Минск)','Продажа поршневых компрессоров с ременным приводом REMEZA СБ4/Ф-500.LB75 мощностью 5,5 кВт в Минске. +375 (29) 741-52-26','компрессор, купить компрессор, компрессор 500, ремаза, remeza, компрессор 380в купить минск, поршневой компрессор с ременным приводом, компрессор 380в, компрессор воздушный, СБ4/Ф-500.LB75, aircast, LB75'),(144,18,'1.0144',17,'f_500_LT100','Компрессор поршневой<br/> СБ4/Ф-500.LT100 - 7.5 кВт','','REMEZA',1,'5361.00 руб / шт','ZHBL - Компрессор поршневой СБ4/Ф-500.LT100 7.5 кВт (Минск)','Продажа поршневых компрессоров с ременным приводом REMEZA СБ4/Ф-500.LT100 мощностью 7,5 кВт в Минске. +375 (29) 741-52-26','компрессор, купить компрессор, компрессор 500, ремаза, remeza, компрессор 380в купить минск, поршневой компрессор с ременным приводом, компрессор 380в, компрессор воздушный, СБ4/Ф-500.LT100, aircast, LT100'),(145,19,'1.0145',17,'f_500_LT100-11,0','Компрессор поршневой<br/> СБ4/Ф-500.LT100 - 11,0 кВт','','REMEZA',1,'7209.00 руб / шт','ZHBL - Компрессор поршневой СБ4/Ф-500.LT100 11,0 кВт (Минск)','Продажа поршневых компрессоров с ременным приводом REMEZA СБ4/Ф-500.LT100 мощностью 11,0 кВт в Минске. +375 (29) 741-52-26','компрессор, купить компрессор, компрессор 500, ремаза, remeza, компрессор 380в купить минск, поршневой компрессор с ременным приводом, компрессор 380в, компрессор воздушный, СБ4/Ф-500.LT100, aircast, LT100'),(146,1,'1.0146',18,'carbonio_ego_hte','Краскораспылитель<br/> WALCOM EGO CARBONIO HTE 7030**','\n  Корпус: Прессованный анодированый алюминий покрытый углеродным волокном.<br />\n  Курок: Углеродное волокно<br/>\n  Распыляющая головка: Анодированый алюминий<br/>\n  Гайка распыляющей головки: Углеродное волокно<br/>\n  Игла - пружина: Нержавеющая сталь AISI 303<br/>\n  Уплотнительные прокладки: PTFE (тефлон)<br/><br/>\n\n  <h2 class=\"mb-4\">Комплектность:</h2>\n  Тип упаковки: Пластиковый чемоданчик<br/>\n  Запасные части: Набор прокладок, пружинок, стопорных колец, шток воздушного клапана.<br />\n  Принадлежности: Регулятор давления с цифровым манометром с быстрым выпуском/подключением в углеродном волокне DGT PRO, ключ универсальный, ёршик для чистки краскопульта, 3 фильтра для очистки ЛКМ, масло 15 мл для смазки трущихся частей и механизмов краскораспылителя, не соприкасающихся при работе с ЛКМ.\n','WALCOM',3,'860.00 руб / шт','ZHBL - Краскораспылитель WALCOM EGO CARBONIO HTE (Минск)','Продажа краскораспылителей WALCOM EGO CARBONIO HTE с регулятором давления в Минске. Всего за 860.00 руб. +375 (29) 741-52-26','walcom ego, walcom ego hte, краскопульт для автомобиля, краскопульт для покраски автомобиля, краскопульт hte, краскопульт, краскораспылитель, пулик, walcom, ego, ego hte, краскопульт купить, краскопульт hte купить, ego карбоновый, краскопульт карбоновый'),(147,2,'1.0147',18,'carbonio_ego_hvlp','Краскораспылитель<br/> WALCOM EGO CARBONIO HVLP 7130**','\n  Корпус: Прессованный анодированый алюминий покрытый углеродным волокном.<br />\n  Курок: Углеродное волокно<br/>\n  Распыляющая головка: Анодированый алюминий<br/>\n  Гайка распыляющей головки: Углеродное волокно<br/>\n  Игла - пружина: Нержавеющая сталь AISI 303<br/>\n  Уплотнительные прокладки: PTFE (тефлон)<br/><br/>\n\n  <h2 class=\"mb-4\">Комплектность:</h2>\n  Тип упаковки: Пластиковый чемоданчик<br/>\n  Запасные части: Набор прокладок, пружинок, стопорных колец, шток воздушного клапана.<br />\n  Принадлежности: Регулятор давления с цифровым манометром с быстрым выпуском/подключением в углеродном волокне DGT PRO, ключ универсальный, ёршик для чистки краскопульта, 3 фильтра для очистки ЛКМ, масло 15 мл для смазки трущихся частей и механизмов краскораспылителя, не соприкасающихся при работе с ЛКМ.\n','WALCOM',3,'870.00 руб / шт','ZHBL - Краскораспылитель WALCOM EGO CARBONIO HVLP (Минск)','Продажа краскораспылителей WALCOM EGO CARBONIO HVLP с регулятором давления в Минске. Всего за 870.00 руб. +375 (29) 741-52-26','walcom ego, walcom ego hvlp, краскопульт для автомобиля, краскопульт для покраски автомобиля, краскопульт hvlp, краскопульт, краскораспылитель, пулик, walcom, ego, ego hvlp, краскопульт купить, краскопульт hvlp купить, ego карбоновый, краскопульт карбоновый'),(148,6,'1.0148',18,'carbonio_hte_clear_sr','Краскораспылитель<br/> WALCOM GENESI CARBONIO 360 LIGHT HTE CLEAR SR 9620**','\n  Корпус: Прессованный анодированый алюминий покрытый углеродным волокном.<br />\n  Курок: Углеродное волокно<br/>\n  Распыляющая головка: Химически никелированная латунь<br/>\n  Гайка распыляющей головки: Углеродное волокно<br/>\n  Игла - пружина: Нержавеющая сталь AISI 303<br/>\n  Уплотнительные прокладки: PTFE (тефлон)<br/><br/>\n\n  <h2 class=\"mb-4\">Комплектность:</h2>\n  Тип упаковки: Пластиковый чемоданчик<br/>\n  Запасные части: Набор прокладок, пружинок, стопорных колец, шток воздушного клапана.<br />\n  Принадлежности: Ключ универсальный, ёршик для чистки краскопульта, 3 фильтра для очистки ЛКМ, масло 15 мл для смазки трущихся частей и механизмов краскораспылителя, не соприкасающихся при работе с ЛКМ.\n','WALCOM',3,'1340.00 руб / шт','ZHBL - Краскораспылитель WALCOM GENESI CARBONIO 360 LIGHT HTE CLEAR SR (Минск)','Продажа краскораспылителей WALCOM GENESI CARBONIO 360 LIGHT HTE CLEAR SRбез регулятора давления в Минске. Всего за 1340.00 руб. +375 (29) 741-52-26','walcom genesi, walcom hte, краскопульт для автомобиля, краскопульт для покраски автомобиля, краскопульт hte, краскопульт, краскораспылитель, пулик, walcom, genesi, genesi hte, краскопульт купить, краскопульт hte купить, genesi карбоновый, краскопульт карбоновый'),(149,3,'1.0149',18,'carbonio_hte_base_sr','Краскораспылитель<br/> WALCOM GENESI CARBONIO 360 LIGHT HTE BASE SR 9720**','\n  Корпус: Прессованный анодированый алюминий покрытый углеродным волокном.<br />\n  Курок: Углеродное волокно<br/>\n  Распыляющая головка: Химически никелированная латунь<br/>\n  Гайка распыляющей головки: Углеродное волокно<br/>\n  Игла - пружина: Нержавеющая сталь AISI 303<br/>\n  Уплотнительные прокладки: PTFE (тефлон)<br/><br/>\n\n  <h2 class=\"mb-4\">Комплектность:</h2>\n  Тип упаковки: Пластиковый чемоданчик<br/>\n  Запасные части: Набор прокладок, пружинок, стопорных колец, шток воздушного клапана.<br />\n  Принадлежности: Ключ универсальный, ёршик для чистки краскопульта, 3 фильтра для очистки ЛКМ, масло 15 мл для смазки трущихся частей и механизмов краскораспылителя, не соприкасающихся при работе с ЛКМ.\n','WALCOM',3,'1240.00 руб / шт','ZHBL - Краскораспылитель WALCOM GENESI CARBONIO 360 LIGHT HTE BASE SR (Минск)','Продажа краскораспылителей WALCOM GENESI CARBONIO 360 LIGHT HTE BASE SR без регулятора давления в Минске. Всего за 1240.00 руб. +375 (29) 741-52-26','walcom genesi, walcom hte, краскопульт для автомобиля, краскопульт для покраски автомобиля, краскопульт hte, краскопульт, краскораспылитель, пулик, walcom, genesi, genesi hte, краскопульт купить, краскопульт hte купить, genesi карбоновый, краскопульт карбоновый'),(150,8,'1.0150',18,'carbonio_hvlp_sr','Краскораспылитель<br/> WALCOM GENESI CARBONIO 360 LIGHT HVLP SR 9820**','\n  Корпус: Прессованный анодированый алюминий покрытый углеродным волокном.<br />\n  Курок: Углеродное волокно<br/>\n  Распыляющая головка: Химически никелированная латунь<br/>\n  Гайка распыляющей головки: Углеродное волокно<br/>\n  Игла - пружина: Нержавеющая сталь AISI 303<br/>\n  Уплотнительные прокладки: PTFE (тефлон)<br/><br/>\n\n  <h2 class=\"mb-4\">Комплектность:</h2>\n  Тип упаковки: Пластиковый чемоданчик<br/>\n  Запасные части: Набор прокладок, пружинок, стопорных колец, шток воздушного клапана.<br />\n  Принадлежности: Ключ универсальный, ёршик для чистки краскопульта, 3 фильтра для очистки ЛКМ, масло 15 мл для смазки трущихся частей и механизмов краскораспылителя, не соприкасающихся при работе с ЛКМ.\n','WALCOM',3,'1390.00 руб / шт','ZHBL - Краскораспылитель WALCOM GENESI CARBONIO 360 LIGHT HVLP SR (Минск)','Продажа краскопультов Walcom GENESI CARBONIO 360 LIGHT HVLP SR без регулятора давления в Минске. Всего за 1390.00 руб. +375 (29) 741-52-26','walcom genesi, walcom hvlp, краскопульт для автомобиля, краскопульт для покраски автомобиля, краскопульт hvlp, краскопульт, краскораспылитель, пулик, walcom, genesi, genesi hvlp, краскопульт купить, краскопульт hvlp купить, genesi карбоновый, краскопульт карбоновый'),(151,7,'1.0151',18,'carbonio_hte_clear','Краскораспылитель<br/> WALCOM GENESI CARBONIO 360 LIGHT HTE CLEAR 9630**','\n  Корпус: Прессованный анодированый алюминий покрытый углеродным волокном.<br />\n  Курок: Углеродное волокно<br/>\n  Распыляющая головка: Химически никелированная латунь<br/>\n  Гайка распыляющей головки: Углеродное волокно<br/>\n  Игла - пружина: Нержавеющая сталь AISI 303<br/>\n  Уплотнительные прокладки: PTFE (тефлон)<br/><br/>\n\n  <h2 class=\"mb-4\">Комплектность:</h2>\n  Тип упаковки: Пластиковый чемоданчик<br/>\n  Запасные части: Набор прокладок, пружинок, стопорных колец, шток воздушного клапана.<br />\n  Принадлежности: Регулятор давления с цифровым манометром с быстрым выпуском/подключением в углеродном волокне DGT PRO, ключ универсальный, ёршик для чистки краскопульта, 3 фильтра для очистки ЛКМ, масло 15 мл для смазки трущихся частей и механизмов краскораспылителя, не соприкасающихся при работе с ЛКМ.\n','WALCOM',3,'1580.00 руб / шт','ZHBL - Краскораспылитель WALCOM GENESI CARBONIO 360 LIGHT HTE CLEAR (Минск)','Продажа краскораспылителей WALCOM GENESI CARBONIO 360 LIGHT HTE CLEAR с регулятором давления в Минске. Всего за 1580.00 руб. +375 (29) 741-52-26','walcom genesi, walcom hte, краскопульт для автомобиля, краскопульт для покраски автомобиля, краскопульт hte, краскопульт, краскораспылитель, пулик, walcom, genesi, genesi hte, краскопульт купить, краскопульт hte купить, genesi карбоновый, краскопульт карбоновый'),(152,4,'1.0152',18,'carbonio_hte_base','Краскораспылитель<br/> WALCOM GENESI CARBONIO 360 LIGHT HTE BASE 9730**','\n  Корпус: Прессованный анодированый алюминий покрытый углеродным волокном.<br />\n  Курок: Углеродное волокно<br/>\n  Распыляющая головка: Анодированый алюминий<br/>\n  Гайка распыляющей головки: Углеродное волокно<br/>\n  Игла - пружина: Нержавеющая сталь AISI 303<br/>\n  Уплотнительные прокладки: PTFE (тефлон)<br/><br/>\n\n  <h2 class=\"mb-4\">Комплектность:</h2>\n  Тип упаковки: Пластиковый чемоданчик<br/>\n  Запасные части: Набор прокладок, пружинок, стопорных колец, шток воздушного клапана.<br />\n  Принадлежности: Регулятор давления с цифровым манометром с быстрым выпуском/подключением в углеродном волокне DGT PRO, ключ универсальный, ёршик для чистки краскопульта, 3 фильтра для очистки ЛКМ, масло 15 мл для смазки трущихся частей и механизмов краскораспылителя, не соприкасающихся при работе с ЛКМ.\n','WALCOM',3,'1580.00 руб / шт','ZHBL - Краскораспылитель WALCOM GENESI CARBONIO 360 LIGHT HTE BASE (Минск)','Продажа краскораспылителей WALCOM GENESI CARBONIO 360 LIGHT HTE BASE с регулятором давления в Минске. Всего за 1580.00 руб. +375 (29) 741-52-26','walcom genesi, walcom hte, краскопульт для автомобиля, краскопульт для покраски автомобиля, краскопульт hte, краскопульт, краскораспылитель, пулик, walcom, genesi, genesi hte, краскопульт купить, краскопульт hte купить, genesi карбоновый, краскопульт карбоновый'),(153,9,'1.0153',18,'carbonio_hvlp','Краскораспылитель<br/> WALCOM GENESI CARBONIO 360 LIGHT HVLP 9830**','\n  Корпус: Прессованный анодированый алюминий покрытый углеродным волокном.<br />\n  Курок: Углеродное волокно<br/>\n  Распыляющая головка: Химически никелированная латунь<br/>\n  Гайка распыляющей головки: Углеродное волокно<br/>\n  Игла - пружина: Нержавеющая сталь AISI 303<br/>\n  Уплотнительные прокладки: PTFE (тефлон)<br/><br/>\n\n  <h2 class=\"mb-4\">Комплектность:</h2>\n  Тип упаковки: Пластиковый чемоданчик<br/>\n  Запасные части: Набор прокладок, пружинок, стопорных колец, шток воздушного клапана.<br /\n  Принадлежности: Регулятор давления с цифровым манометром с быстрым выпуском/подключением в углеродном волокне DGT PRO, ключ универсальный, ёршик для чистки краскопульта, 3 фильтра для очистки ЛКМ, масло 15 мл для смазки трущихся частей и механизмов краскораспылителя, не соприкасающихся при работе с ЛКМ.\n','WALCOM',3,'1640.00 руб / шт','ZHBL - Краскораспылитель WALCOM GENESI CARBONIO 360 LIGHT HVLP (Минск)','Продажа краскопультов Walcom GENESI CARBONIO 360 LIGHT HVLP с регулятором давления в Минске. Всего за 1640.00 руб. +375 (29) 741-52-26','walcom genesi, walcom hvlp, краскопульт для автомобиля, краскопульт для покраски автомобиля, краскопульт hvlp, краскопульт, краскораспылитель, пулик, walcom, genesi, genesi hvlp, краскопульт купить, краскопульт hvlp купить, genesi карбоновый, краскопульт карбоновый'),(154,5,'1.0154',18,'carbonio_hte_base_beauti','Краскораспылитель<br/> WALCOM GENESI CARBONIO 360 LIGHT HTE BASE ITALIAN BEAUTY 9730**/IB','\n  Корпус: Прессованный анодированый алюминий покрытый углеродным волокном.<br />\n  Курок: Углеродное волокно<br/>\n  Распыляющая головка: Анодированый алюминий<br/>\n  Гайка распыляющей головки: Углеродное волокно<br/>\n  Игла - пружина: Нержавеющая сталь AISI 303<br/>\n  Уплотнительные прокладки: PTFE (тефлон)<br/><br/>\n\n  <h2 class=\"mb-4\">Комплектность:</h2>\n  Тип упаковки: Пластиковый чемоданчик<br/>\n  Запасные части: Набор прокладок, пружинок, стопорных колец, шток воздушного клапана.<br />\n  Принадлежности: Регулятор давления с цифровым манометром с быстрым выпуском/подключением в углеродном волокне DGT PRO, ключ универсальный, ёршик для чистки краскопульта, 3 фильтра для очистки ЛКМ, масло 15 мл для смазки трущихся частей и механизмов краскораспылителя, не соприкасающихся при работе с ЛКМ.\n','WALCOM',3,'1550.00 руб / шт','ZHBL - Краскораспылитель WALCOM GENESI CARBONIO 360 LIGHT HTE BASE ITALIAN BEAUTY (Минск)','Продажа краскораспылителей WALCOM GENESI CARBONIO 360 LIGHT HTE BASE ITALIAN BEAUTY с регулятором давления в Минске. Всего за 1550.00 руб. +375 (29) 741-52-26','walcom genesi, walcom hte, краскопульт для автомобиля, краскопульт для покраски автомобиля, краскопульт hte, краскопульт, краскораспылитель, пулик, walcom, genesi, genesi hte, краскопульт купить, краскопульт hte купить, genesi карбоновый, краскопульт карбоновый'),(155,10,'1.0155',18,'carbonio_geo_sr','Краскораспылитель<br/> WALCOM GENESI CARBONIO 360 LIGHT GEO SR 9920**','\n  Корпус: Прессованный анодированый алюминий покрытый углеродным волокном.<br />\n  Курок: Углеродное волокно<br/>\n  Распыляющая головка: Химически никелированная латунь<br/>\n  Гайка распыляющей головки: Углеродное волокно<br/>\n  Игла - пружина: Нержавеющая сталь AISI 303<br/>\n  Уплотнительные прокладки: PTFE (тефлон)<br/><br/>\n\n  <h2 class=\"mb-4\">Комплектность:</h2>\n  Тип упаковки: Пластиковый чемоданчик<br/>\n  Запасные части: Набор прокладок, пружинок, стопорных колец, шток воздушного клапана.<br />\n  Принадлежности: Регулятор давления с цифровым манометром с быстрым выпуском/подключением в углеродном волокне DGT PRO, ключ универсальный, ёршик для чистки краскопульта, 3 фильтра для очистки ЛКМ, масло 15 мл для смазки трущихся частей и механизмов краскораспылителя, не соприкасающихся при работе с ЛКМ.\n','WALCOM',3,'1560.00 руб / шт','ZHBL - Краскораспылитель WALCOM GENESI CARBONIO 360 LIGHT GEO SR (Минск)','Продажа краскопультов Walcom GENESI CARBONIO 360 LIGHT GEO SR без регулятора давления в Минске. Всего за 1560.00 руб. +375 (29) 741-52-26','walcom genesi, walcom geo, краскопульт для автомобиля, краскопульт для покраски автомобиля, краскопульт geo, краскопульт, краскораспылитель, пулик, walcom, genesi, genesi geo, краскопульт купить, genesi карбоновый, краскопульт карбоновый'),(156,11,'1.0156',18,'carbonio_geo','Краскораспылитель<br/> WALCOM GENESI CARBONIO 360 LIGHT GEO  9930**','\n  Корпус: Прессованный анодированый алюминий покрытый углеродным волокном.<br />\n  Курок: Углеродное волокно<br/>\n  Распыляющая головка: Химически никелированная латунь<br/>\n  Гайка распыляющей головки: Углеродное волокно<br/>\n  Игла - пружина: Нержавеющая сталь AISI 303<br/>\n  Уплотнительные прокладки: PTFE (тефлон)<br/><br/>\n\n  <h2 class=\"mb-4\">Комплектность:</h2>\n  Тип упаковки: Пластиковый чемоданчик<br/>\n  Запасные части: Набор прокладок, пружинок, стопорных колец, шток воздушного клапана.<br />\n  Принадлежности: Регулятор давления с цифровым манометром с быстрым выпуском/подключением в углеродном волокне DGT PRO, ключ универсальный, ёршик для чистки краскопульта, 3 фильтра для очистки ЛКМ, масло 15 мл для смазки трущихся частей и механизмов краскораспылителя, не соприкасающихся при работе с ЛКМ.\n','WALCOM',3,'1920.00 руб / шт','ZHBL - Краскораспылитель WALCOM GENESI CARBONIO 360 LIGHT GEO (Минск)','Продажа краскопультов WALCOM GENESI CARBONIO 360 LIGHT GEO с регулятором давления в Минске. Всего за 1920.00 руб. +375 (29) 741-52-26','walcom genesi, walcom geo, краскопульт для автомобиля, краскопульт для покраски автомобиля, краскопульт geo, краскопульт, краскораспылитель, пулик, walcom, genesi, genesi geo, краскопульт купить, genesi карбоновый, краскопульт карбоновый'),(157,1,'1.0157',19,'ego_hvlp','Краскораспылитель<br/> WALCOM EGO HVLP 10023**','\n  Корпус: Кованый хромированный алюминий.<br />\n  Курок: Полимер PPA со стекловолокном<br/>\n  Распыляющая головка: Химически никелированная латунь<br/>\n  Сопло: Нержавеющая сталь AISI 303<br/>\n  Гайка распыляющей головки: Углеродное волокно<br/>\n  Игла - пружина: Нержавеющая сталь AISI 303<br/>\n  Уплотнительные прокладки: PTFE (тефлон)<br/><br/>\n\n  <h2 class=\"mb-4\">Комплектность:</h2>\n  Тип упаковки: Пластиковый чемоданчик<br/>\n  Запасные части: Набор прокладок, пружинок, стопорных колец, шток воздушного клапана.<br />\n  Принадлежности: Редуктор - регулятор с манометром, ключ универсальный, ёршик для чистки краскопульта, 3 фильтра для очистки ЛКМ, масло 15 мл для смазки трущихся частей и механизмов краскораспылителя, не соприкасающихся при работе с ЛКМ.\n','WALCOM',3,'640.00 руб / шт','ZHBL - Краскораспылитель EGO HVLP (Минск)','Продажа краскораспылителей WALCOM EGO HVLP с регулятором давления в Минске. Всего за 640.00 руб. +375 (29) 741-52-26','walcom ego, walcom ego hvlp, краскопульт для автомобиля, краскопульт для покраски автомобиля, краскопульт hvlp, краскопульт, краскораспылитель, пулик, walcom, ego, ego hvlp, краскопульт купить, краскопульт hvlp купить'),(159,1,'1.0159',20,'genesi_hte','Краскораспылитель<br/> WALCOM GENESI TOP LINE S HTE 9535**','\n  Корпус: Кованый хромированный алюминий.<br />\n  Распыляющая головка TOP: Химически никелированная латунь<br/>\n  Сопло TOP: Нержавеющая сталь AISI 303<br/>\n  Игла - пружина: Нержавеющая сталь<br/>\n  Уплотнительные прокладки: PTFE (тефлон)<br/><br/>\n\n  <h2 class=\"mb-4\">Комплектность:</h2>\n  Тип упаковки: Пластиковый чемоданчик<br/>\n  Запасные части: Набор прокладок, пружинок, стопорных колец, шток воздушного клапана.<br />\n  Принадлежности: Редуктор - регулятор с манометром, ключ универсальный, ёршик для чистки краскопульта, 3 фильтра для очистки ЛКМ, масло 15 мл для смазки трущихся частей и механизмов краскораспылителя, не соприкасающихся при работе с ЛКМ.\n','WALCOM',3,'1070.00 руб / шт','ZHBL - Краскораспылитель WALCOM GENESI HTE (Минск)','Продажа краскораспылителей WALCOM GENESI HTE с верхним бачком в Минске. Всего за 1070.00 руб. +375 (29) 741-52-26','walcom genesi, walcom hte, краскопульт для автомобиля, краскопульт для покраски автомобиля, краскопульт hte, краскопульт, краскораспылитель, пулик, walcom, genesi, genesi hte, краскопульт купить, краскопульт hte купить'),(160,2,'1.0160',20,'genesi_sp_hte','Краскораспылитель<br/> WALCOM GENESI TOP LINE SP HTE 9550**','\n  Корпус: Кованый хромированный алюминий.<br />\n  Распыляющая головка TOP: Химически никелированная латунь<br/>\n  Сопло TOP: Нержавеющая сталь AISI 303<br/>\n  Игла - пружина: Нержавеющая сталь<br/>\n  Уплотнительные прокладки: PTFE (тефлон)<br/><br/>\n\n  <h2 class=\"mb-4\">Комплектность:</h2>\n  Тип упаковки: Пластиковый чемоданчик<br/>\n  Запасные части: Набор прокладок, пружинок, стопорных колец, шток воздушного клапана.<br />\n  Принадлежности: Редуктор - регулятор с манометром, ключ универсальный, ёршик для чистки краскопульта, 3 фильтра для очистки ЛКМ, масло 15 мл для смазки трущихся частей и механизмов краскораспылителя, не соприкасающихся при работе с ЛКМ.\n','WALCOM',3,'1150.00 руб / шт','ZHBL - Краскораспылитель WALCOM GENESI SP HTE (Минск)','Продажа краскораспылителей WALCOM GENESI SP HTE под красконагнетательный бак в Минске. Всего за 1150.00 руб. +375 (29) 741-52-26','walcom genesi, walcom hte, краскопульт для автомобиля, краскопульт для покраски автомобиля, краскопульт hte, краскопульт, краскораспылитель, пулик, walcom, genesi, genesi hte, краскопульт купить, краскопульт hte купить'),(161,3,'1.0161',20,'genesi_i_hte','Краскораспылитель<br/> WALCOM GENESI TOP LINE I HTE 9540**','\n  Корпус: Кованый хромированный алюминий.<br />\n  Распыляющая головка TOP: Химически никелированная латунь<br/>\n  Сопло TOP: Нержавеющая сталь AISI 303<br/>\n  Игла - пружина: Нержавеющая сталь<br/>\n  Уплотнительные прокладки: PTFE (тефлон)<br/><br/>\n\n  <h2 class=\"mb-4\">Комплектность:</h2>\n  Тип упаковки: Пластиковый чемоданчик<br/>\n  Запасные части: Набор прокладок, пружинок, стопорных колец, шток воздушного клапана.<br />\n  Принадлежности: Редуктор - регулятор с манометром, ключ универсальный, ёршик для чистки краскопульта, 3 фильтра для очистки ЛКМ, масло 15 мл для смазки трущихся частей и механизмов краскораспылителя, не соприкасающихся при работе с ЛКМ.\n','WALCOM',3,'1350.00 руб / шт','ZHBL - Краскораспылитель WALCOM GENESI I HTE (Минск)','Продажа краскораспылителей WALCOM GENESI I HTE с нижним бачком в Минске. Всего за 1350.00 руб. +375 (29) 741-52-26','walcom genesi, walcom hte, краскопульт для автомобиля, краскопульт для покраски автомобиля, краскопульт hte, краскопульт, краскораспылитель, пулик, walcom, genesi, genesi hte, краскопульт купить, краскопульт hte купить'),(162,4,'1.0162',20,'genesi_hvlp','Краскораспылитель<br/> WALCOM GENESI S HVLP 9430**','\n  Корпус: Кованый хромированный алюминий.<br />\n  Распыляющая головка TOP: Химически никелированная латунь<br/>\n  Сопло TOP: Нержавеющая сталь AISI 303<br/>\n  Игла - пружина: Нержавеющая сталь<br/>\n  Уплотнительные прокладки: PTFE (тефлон)<br/><br/>\n\n  <h2 class=\"mb-4\">Комплектность:</h2>\n  Тип упаковки: Пластиковый чемоданчик<br/>\n  Запасные части: Набор прокладок, пружинок, стопорных колец, шток воздушного клапана.<br />\n  Принадлежности: Редуктор - регулятор с манометром, ключ универсальный, ёршик для чистки краскопульта, 3 фильтра для очистки ЛКМ, масло 15 мл для смазки трущихся частей и механизмов краскораспылителя, не соприкасающихся при работе с ЛКМ.\n','WALCOM',3,'1200.00 руб / шт','ZHBL - Краскораспылитель WALCOM GENESI HVLP (Минск)','Продажа краскопультов WALCOM GENESI HVLP с верхним бачком в Минске. Всего за 1200.00 руб. +375 (29) 741-52-26','walcom genesi, walcom hvlp, краскопульт для автомобиля, краскопульт для покраски автомобиля, краскопульт hvlp, краскопульт, краскораспылитель, пулик, walcom, genesi, genesi hvlp, краскопульт купить, краскопульт hvlp купить'),(163,5,'1.0163',20,'genesi_sp_hvlp','Краскораспылитель<br/> WALCOM GENESI SP HVLP 9450**','\n  Корпус: Кованый хромированный алюминий.<br />\n  Распыляющая головка TOP: Химически никелированная латунь<br/>\n  Сопло TOP: Нержавеющая сталь AISI 303<br/>\n  Игла - пружина: Нержавеющая сталь<br/>\n  Уплотнительные прокладки: PTFE (тефлон)<br/><br/>\n\n  <h2 class=\"mb-4\">Комплектность:</h2>\n  Тип упаковки: Пластиковый чемоданчик<br/>\n  Запасные части: Набор прокладок, пружинок, стопорных колец, шток воздушного клапана.<br />\n  Принадлежности: Редуктор - регулятор с манометром, ключ универсальный, ёршик для чистки краскопульта, 3 фильтра для очистки ЛКМ, масло 15 мл для смазки трущихся частей и механизмов краскораспылителя, не соприкасающихся при работе с ЛКМ.\n','WALCOM',3,'1200.00 руб / шт','ZHBL - Краскораспылитель WALCOM GENESI SP HVLP (Минск)','Продажа краскопультов WALCOM GENESI SP HVLP  под красконагнетательный бак в Минске. Всего за 1200.00 руб. +375 (29) 741-52-26','walcom genesi, walcom hvlp, краскопульт для автомобиля, краскопульт для покраски автомобиля, краскопульт hvlp, краскопульт, краскораспылитель, пулик, walcom, genesi, genesi hvlp, краскопульт купить, краскопульт hvlp купить'),(164,6,'1.0164',20,'genesi_i_hvlp','Краскораспылитель<br/> WALCOM GENESI I HVLP 9440**','\n  Корпус: Кованый хромированный алюминий.<br />\n  Распыляющая головка TOP: Химически никелированная латунь<br/>\n  Сопло TOP: Нержавеющая сталь AISI 303<br/>\n  Игла - пружина: Нержавеющая сталь<br/>\n  Уплотнительные прокладки: PTFE (тефлон)<br/><br/>\n\n  <h2 class=\"mb-4\">Комплектность:</h2>\n  Тип упаковки: Пластиковый чемоданчик<br/>\n  Запасные части: Набор прокладок, пружинок, стопорных колец, шток воздушного клапана.<br />\n  Принадлежности: Редуктор - регулятор с манометром, ключ универсальный, ёршик для чистки краскопульта, 3 фильтра для очистки ЛКМ, масло 15 мл для смазки трущихся частей и механизмов краскораспылителя, не соприкасающихся при работе с ЛКМ.\n','WALCOM',3,'1290.00 руб / шт','ZHBL - Краскораспылитель WALCOM GENESI I HVLP (Минск)','Продажа краскопультов WALCOM GENESI I HVLP с нижним бачком в Минске. Всего за 1290.00 руб. +375 (29) 741-52-26','walcom genesi, walcom hvlp, краскопульт для автомобиля, краскопульт для покраски автомобиля, краскопульт hvlp, краскопульт, краскораспылитель, пулик, walcom, genesi, genesi hvlp, краскопульт купить, краскопульт hvlp купить'),(165,7,'1.0165',20,'genesi_geo','Краскораспылитель<br/> WALCOM GENESI TOP LINE S GEO 9330**','\n  Корпус: Кованый хромированный алюминий.<br />\n  Распыляющая головка TOP: Химически никелированная латунь<br/>\n  Сопло TOP: Нержавеющая сталь AISI 303<br/>\n  Игла - пружина: Нержавеющая сталь<br/>\n  Уплотнительные прокладки: PTFE (тефлон)<br/><br/>\n\n  <h2 class=\"mb-4\">Комплектность:</h2>\n  Тип упаковки: Пластиковый чемоданчик<br/>\n  Запасные части: Набор прокладок, пружинок, стопорных колец, шток воздушного клапана.<br />\n  Принадлежности: Редуктор - регулятор с манометром, ключ универсальный, ёршик для чистки краскопульта, 3 фильтра для очистки ЛКМ, масло 15 мл для смазки трущихся частей и механизмов краскораспылителя, не соприкасающихся при работе с ЛКМ.\n','WALCOM',3,'1440.00 руб / шт','ZHBL - Краскораспылитель WALCOM GENESI GEO (Минск)','Продажа краскопультов WALCOM GENESI GEO с верхним бачком в Минске. Всего за 1440.00 руб. +375 (29) 741-52-26','walcom genesi, walcom geo, краскопульт для автомобиля, краскопульт для покраски автомобиля, краскопульт hvlp, краскопульт, краскораспылитель, пулик, walcom, genesi, genesi geo, краскопульт купить'),(166,8,'1.0166',20,'genesi_sp_geo','Краскораспылитель<br/> WALCOM GENESI TOP LINE SP GEO 9350**','\n  Корпус: Кованый хромированный алюминий.<br />\n  Распыляющая головка TOP: Химически никелированная латунь<br/>\n  Сопло TOP: Нержавеющая сталь AISI 303<br/>\n  Игла - пружина: Нержавеющая сталь<br/>\n  Уплотнительные прокладки: PTFE (тефлон)<br/><br/>\n\n  <h2 class=\"mb-4\">Комплектность:</h2>\n  Тип упаковки: Пластиковый чемоданчик<br/>\n  Запасные части: Набор прокладок, пружинок, стопорных колец, шток воздушного клапана.<br />\n  Принадлежности: Редуктор - регулятор с манометром, ключ универсальный, ёршик для чистки краскопульта, 3 фильтра для очистки ЛКМ, масло 15 мл для смазки трущихся частей и механизмов краскораспылителя, не соприкасающихся при работе с ЛКМ.\n','WALCOM',3,'1440.00 руб / шт','ZHBL - Краскораспылитель WALCOM GENESI SP GEO (Минск)','Продажа краскопультов WALCOM GENESI SP GEO под красконагнетательный бак в Минске. Всего за 1440.00 руб. +375 (29) 741-52-26','walcom genesi, walcom geo, краскопульт для автомобиля, краскопульт для покраски автомобиля, краскопульт geo, краскопульт, краскораспылитель, пулик, walcom, genesi, genesi geo, краскопульт купить'),(167,9,'1.0167',20,'genesi_i_geo','Краскораспылитель<br/> WALCOM GENESI TOP LINE I GEO 9340**','\n  Корпус: Кованый хромированный алюминий.<br />\n  Распыляющая головка TOP: Химически никелированная латунь<br/>\n  Сопло TOP: Нержавеющая сталь AISI 303<br/>\n  Игла - пружина: Нержавеющая сталь<br/>\n  Уплотнительные прокладки: PTFE (тефлон)<br/><br/>\n\n  <h2 class=\"mb-4\">Комплектность:</h2>\n  Тип упаковки: Пластиковый чемоданчик<br/>\n  Запасные части: Набор прокладок, пружинок, стопорных колец, шток воздушного клапана.<br />\n  Принадлежности: Редуктор - регулятор с манометром, ключ универсальный, ёршик для чистки краскопульта, 3 фильтра для очистки ЛКМ, масло 15 мл для смазки трущихся частей и механизмов краскораспылителя, не соприкасающихся при работе с ЛКМ.\n','WALCOM',3,'1620.00 руб / шт','ZHBL - Краскораспылитель WALCOM GENESI I GEO (Минск)','Продажа краскопультов WALCOM GENESI I GEO с нижним бачком в Минске. Всего за 1620.00 руб. +375 (29) 741-52-26','walcom genesi, walcom geo, краскопульт для автомобиля, краскопульт для покраски автомобиля, краскопульт geo, краскопульт, краскораспылитель, пулик, walcom, genesi, genesi geo, краскопульт купить'),(168,1,'1.0168',21,'kombat_hte_sr','Краскораспылитель<br/> WALCOM SLIM KOMBAT HTE SR 8020**','\n  Корпус: Литой магниевый сплав с кевларовым покрытием.<br />\n  Курок: Волокно кевлара<br/>\n  Распыляющая головка: Химически никелированная латунь<br/>\n  Сопло: Нержавеющая сталь AISI 303<br/>\n  Игла - пружина: Нержавеющая сталь<br/>\n  Уплотнительные прокладки: PTFE (тефлон)<br/><br/>\n\n  <h2 class=\"mb-4\">Комплектность:</h2>\n  Тип упаковки: Пластиковый чемоданчик<br/>\n  Запасные части: Набор прокладок, пружинок, стопорных колец, шток воздушного клапана.<br />\n  Принадлежности: Редуктор - регулятор с манометром, ключ универсальный, ёршик для чистки краскопульта, 3 фильтра для очистки ЛКМ, масло 15 мл для смазки трущихся частей и механизмов краскораспылителя, не соприкасающихся при работе с ЛКМ.\n','WALCOM',3,'520.00 руб / шт','ZHBL - Краскораспылитель WALCOM KOMBAT HTE SR (Минск)','Продажа краскопультов WALCOM SLIM KOMBAT HTE SR без регулятора давления в Минске. Всего за 520.00 руб. +375 (29) 741-52-26','walcom kombat hte, walcom hte sr, краскопульт для автомобиля, краскопульт для покраски автомобиля, краскопульт hte, краскопульт, краскораспылитель, пулик, walcom, kombat, slim kombat hte, краскопульт купить, краскопульт hte купить, kombat hte купить'),(169,2,'1.0169',21,'kombat_hte','Краскораспылитель<br/> WALCOM SLIM KOMBAT HTE 8030**','\n  Корпус: Литой магниевый сплав с кевларовым покрытием.<br />\n  Курок: Волокно кевлара<br/>\n  Распыляющая головка: Химически никелированная латунь<br/>\n  Сопло: Нержавеющая сталь AISI 303<br/>\n  Игла - пружина: Нержавеющая сталь<br/>\n  Уплотнительные прокладки: PTFE (тефлон)<br/><br/>\n\n  <h2 class=\"mb-4\">Комплектность:</h2>\n  Тип упаковки: Пластиковый чемоданчик<br/>\n  Запасные части: Набор прокладок, пружинок, стопорных колец, шток воздушного клапана.<br />\n  Принадлежности: Редуктор - регулятор с манометром, ключ универсальный, ёршик для чистки краскопульта, 3 фильтра для очистки ЛКМ, масло 15 мл для смазки трущихся частей и механизмов краскораспылителя, не соприкасающихся при работе с ЛКМ.\n','WALCOM',3,'570.00 руб / шт','ZHBL - Краскораспылитель WALCOM KOMBAT HTE (Минск)','Продажа краскопультов WALCOM SLIM KOMBAT HTE с регулятором давления в Минске. Всего за 570.00 руб. +375 (29) 741-52-26','walcom kombat hte, walcom, краскопульт для автомобиля, краскопульт для покраски автомобиля, краскопульт hte, краскопульт, краскораспылитель, пулик, walcom, kombat, slim kombat hte, краскопульт купить, краскопульт hte купить, kombat hte купить'),(170,3,'1.0170',21,'kombat_hte_killer','Краскораспылитель<br/> WALCOM SLIM KOMBAT HTE KILLER 8030**K','\n  Корпус: Литой магниевый сплав с кевларовым покрытием.<br />\n  Курок: Волокно кевлара<br/>\n  Распыляющая головка: Химически никелированная латунь<br/>\n  Сопло: Нержавеющая сталь AISI 303<br/>\n  Игла - пружина: Нержавеющая сталь<br/>\n  Уплотнительные прокладки: PTFE (тефлон)<br/><br/>\n\n  <h2 class=\"mb-4\">Комплектность:</h2>\n  Тип упаковки: Пластиковый чемоданчик<br/>\n  Запасные части: Набор прокладок, пружинок, стопорных колец, шток воздушного клапана.<br />\n  Принадлежности: Редуктор - регулятор с манометром, ключ универсальный, ёршик для чистки краскопульта, 3 фильтра для очистки ЛКМ, масло 15 мл для смазки трущихся частей и механизмов краскораспылителя, не соприкасающихся при работе с ЛКМ.\n','WALCOM',3,'630.00 руб / шт','ZHBL - Краскораспылитель WALCOM KOMBAT HTE KILLER (Минск)','Продажа краскопультов WALCOM SLIM KOMBAT HTE KILLER с регулятором давления в Минске. Всего за 630.00 руб. +375 (29) 741-52-26','walcom kombat hte, walcom, краскопульт для автомобиля, краскопульт для покраски автомобиля, краскопульт hte, краскопульт, краскораспылитель, пулик, walcom, kombat, slim kombat hte, краскопульт купить, краскопульт hte купить, kombat hte купить, killer, kombat killer, kombat hte killer'),(171,4,'1.0171',21,'kombat_hvlp','Краскораспылитель<br/> WALCOM SLIM KOMBAT HVLP 8130**','\n  Корпус: Литой магниевый сплав с кевларовым покрытием.<br />\n  Курок: Волокно кевлара<br/>\n  Распыляющая головка: Химически никелированная латунь<br/>\n  Сопло: Нержавеющая сталь AISI 303<br/>\n  Игла - пружина: Нержавеющая сталь<br/>\n  Уплотнительные прокладки: PTFE (тефлон)<br/>\n  Гайка крепления: Волокно кевлара<br/><br/>\n\n  <h2 class=\"mb-4\">Комплектность:</h2>\n  Тип упаковки: Пластиковый чемоданчик<br/>\n  Запасные части: Набор прокладок, пружинок, стопорных колец, шток воздушного клапана.<br />\n  Принадлежности: Редуктор - регулятор с манометром, ключ универсальный, ёршик для чистки краскопульта, 3 фильтра для очистки ЛКМ, масло 15 мл для смазки трущихся частей и механизмов краскораспылителя, не соприкасающихся при работе с ЛКМ.\n','WALCOM',3,'735.00 руб / шт','ZHBL - Краскораспылитель WALCOM KOMBAT HVLP (Минск)','Продажа краскопультов WALCOM SLIM KOMBAT HVLP с регулятором давления в Минске. Всего за 735.00 руб. +375 (29) 741-52-26','walcom kombat hvlp, walcom, краскопульт для автомобиля, краскопульт для покраски автомобиля, краскопульт hvlp, краскопульт, краскораспылитель, пулик, walcom, kombat, slim kombat hvlp, краскопульт купить, краскопульт hvlp купить, kombat hvlp купить'),(172,5,'1.0172',21,'kombat_hvlp_killer','Краскораспылитель<br/> WALCOM SLIM KOMBAT HVLP 8130**K','\n  Корпус: Литой магниевый сплав с кевларовым покрытием.<br />\n  Курок: Волокно кевлара<br/>\n  Распыляющая головка: Химически никелированная латунь<br/>\n  Сопло: Нержавеющая сталь AISI 303<br/>\n  Игла - пружина: Нержавеющая сталь<br/>\n  Уплотнительные прокладки: PTFE (тефлон)<br/>\n  Гайка крепления: Волокно кевлара<br/><br/>\n\n  <h2 class=\"mb-4\">Комплектность:</h2>\n  Тип упаковки: Пластиковый чемоданчик<br/>\n  Запасные части: Набор прокладок, пружинок, стопорных колец, шток воздушного клапана.<br />\n  Принадлежности: Редуктор - регулятор с манометром, ключ универсальный, ёршик для чистки краскопульта, 3 фильтра для очистки ЛКМ, масло 15 мл для смазки трущихся частей и механизмов краскораспылителя, не соприкасающихся при работе с ЛКМ.\n','WALCOM',3,'735.00 руб / шт','ZHBL - Краскораспылитель WALCOM KOMBAT HVLP KILLER (Минск)','Продажа краскопультов WALCOM SLIM KOMBAT HVLP KILLER с регулятором давления в Минске. Всего за 735.00 руб. +375 (29) 741-52-26','walcom kombat hvlp, walcom, краскопульт для автомобиля, краскопульт для покраски автомобиля, краскопульт hvlp, краскопульт, краскораспылитель, пулик, walcom, kombat, slim kombat hvlp, краскопульт купить, краскопульт hvlp купить, kombat hvlp купить, killer, kombat killer, kombat hvlp killer'),(173,1,'1.0173',22,'slim_s_hte_sr','Краскораспылитель<br/> WALCOM SLIM S HTE SR 10083**','\n  Корпус: Никелированный алюминий.<br />\n  Курок: Полимер PPA со стекловолокном<br/>\n  Распыляющая головка: Химически никелированная латунь<br/>\n  Сопло: Нержавеющая сталь AISI 303<br/>\n  Игла - пружина: Нержавеющая сталь<br/>\n  Уплотнительные прокладки: PTFE (тефлон)<br/>\n  Гайка крепления: Полимер PPA со стекловолокном<br/><br/>\n\n  <h2 class=\"mb-4\">Комплектность:</h2>\n  Тип упаковки: Пластиковый чемоданчик<br/>\n  Запасные части: Набор прокладок, пружинок, стопорных колец, шток воздушного клапана.<br />\n  Принадлежности: Ключ универсальный, ёршик для чистки краскопульта, 3 фильтра для очистки ЛКМ, масло 15 мл для смазки трущихся частей и механизмов краскораспылителя, не соприкасающихся при работе с ЛКМ.\n','WALCOM',3,'480.00 руб / шт','ZHBL - Краскораспылитель WALCOM SLIM HTE SR (Минск)','Продажа краскораспылителей WALCOM SLIM HTE SR без  регулятора давления в Минске. Всего за 480.00 руб. +375 (29) 741-52-26','walcom slim, walcom hte, краскопульт для автомобиля, краскопульт для покраски автомобиля, краскопульт hte, краскопульт, краскораспылитель, пулик, walcom, slim, slim hte, краскопульт купить, краскопульт hte купить'),(174,2,'1.0174',22,'slim_s_hte','Краскораспылитель<br/> WALCOM SLIM S HTE 10068**','\n  Корпус: Никелированный алюминий.<br />\n  Курок: Полимер PPA со стекловолокном<br/>\n  Распыляющая головка: Химически никелированная латунь<br/>\n  Сопло: Нержавеющая сталь AISI 303<br/>\n  Игла - пружина: Нержавеющая сталь<br/>\n  Уплотнительные прокладки: PTFE (тефлон)<br/>\n  Гайка крепления: Полимер PPA со стекловолокном<br/><br/>\n\n  <h2 class=\"mb-4\">Комплектность:</h2>\n  Тип упаковки: Пластиковый чемоданчик<br/>\n  Запасные части: Набор прокладок, пружинок, стопорных колец, шток воздушного клапана.<br />\n  Принадлежности: Редуктор - регулятор с манометром, ключ универсальный, ёршик для чистки краскопульта, 3 фильтра для очистки ЛКМ, масло 15 мл для смазки трущихся частей и механизмов краскораспылителя, не соприкасающихся при работе с ЛКМ.\n','WALCOM',3,'550.00 руб / шт','ZHBL - Краскораспылитель WALCOM SLIM HTE (Минск)','Продажа краскораспылителей WALCOM SLIM HTE с регулятором давления в Минске. Всего за 550.00 руб. +375 (29) 741-52-26','walcom slim, walcom hte, краскопульт для автомобиля, краскопульт для покраски автомобиля, краскопульт hte, краскопульт, краскораспылитель, пулик, walcom, slim, slim hte, краскопульт купить, краскопульт hte купить'),(175,8,'1.0175',22,'slim_s_hvlp','Краскораспылитель<br/> WALCOM SLIM S HVLP 10060**','\n  Корпус: Никелированный алюминий.<br />\n  Курок: Полимер PPA со стекловолокном<br/>\n  Распыляющая головка: Химически никелированная латунь<br/>\n  Сопло: Нержавеющая сталь AISI 303<br/>\n  Игла - пружина: Нержавеющая сталь<br/>\n  Уплотнительные прокладки: PTFE (тефлон)<br/>\n  Гайка крепления: Полимер PPA со стекловолокном<br/><br/>\n\n  <h2 class=\"mb-4\">Комплектность:</h2>\n  Тип упаковки: Пластиковый чемоданчик<br/>\n  Запасные части: Набор прокладок, пружинок, стопорных колец, шток воздушного клапана.<br />\n  Принадлежности: Редуктор - регулятор с манометром, ключ универсальный, ёршик для чистки краскопульта, 3 фильтра для очистки ЛКМ, масло 15 мл для смазки трущихся частей и механизмов краскораспылителя, не соприкасающихся при работе с ЛКМ.\n','WALCOM',3,'610.00 руб / шт','ZHBL - Краскораспылитель WALCOM SLIM HVLP (Минск)','Продажа краскораспылителей WALCOM SLIM HVLP с регулятором давления в Минске. Всего за 610.00 руб. +375 (29) 741-52-26','walcom slim, walcom hvlp, краскопульт для автомобиля, краскопульт для покраски автомобиля, краскопульт hvlp, краскопульт, краскораспылитель, пулик, walcom, slim, slim hvlp, краскопульт купить, краскопульт hvlp купить'),(176,3,'1.0176',22,'slim_sp_hte_sr','Краскораспылитель<br/> WALCOM SLIM SP HTE SR 10089**','\n  Корпус: Никелированный алюминий.<br />\n  Курок: Полимер PPA со стекловолокном<br/>\n  Распыляющая головка: Химически никелированная латунь<br/>\n  Сопло: Нержавеющая сталь AISI 303<br/>\n  Игла - пружина: Нержавеющая сталь<br/>\n  Уплотнительные прокладки: PTFE (тефлон)<br/>\n  Гайка крепления: Полимер PPA со стекловолокном<br/><br/>\n\n  <h2 class=\"mb-4\">Комплектность:</h2>\n  Тип упаковки: Пластиковый чемоданчик<br/>\n  Запасные части: Набор прокладок, пружинок, стопорных колец, шток воздушного клапана.<br />\n  Принадлежности: Ключ универсальный, ёршик для чистки краскопульта, 3 фильтра для очистки ЛКМ, масло 15 мл для смазки трущихся частей и механизмов краскораспылителя, не соприкасающихся при работе с ЛКМ.\n','WALCOM',3,'520.00 руб / шт','ZHBL - Краскораспылитель WALCOM SLIM SP HTE SR (Минск)','Продажа краскораспылителей WALCOM SLIM SP HTE SR  без регулятора давления под красконагнетательный бак в Минске. Всего за 520.00 руб. +375 (29) 741-52-26','walcom slim, walcom hte, краскопульт для автомобиля, краскопульт для покраски автомобиля, краскопульт hte, краскопульт, краскораспылитель, пулик, walcom, slim, slim hte, краскопульт купить, краскопульт hte купить'),(177,4,'1.0177',22,'slim_sp_hte','Краскораспылитель<br/> WALCOM SLIM SP HTE 10078**','\n  Корпус: Никелированный алюминий.<br />\n  Курок: Полимер PPA со стекловолокном<br/>\n  Распыляющая головка: Химически никелированная латунь<br/>\n  Сопло: Нержавеющая сталь AISI 303<br/>\n  Игла - пружина: Нержавеющая сталь<br/>\n  Уплотнительные прокладки: PTFE (тефлон)<br/>\n  Гайка крепления: Полимер PPA со стекловолокном<br/><br/>\n\n  <h2 class=\"mb-4\">Комплектность:</h2>\n  Тип упаковки: Пластиковый чемоданчик<br/>\n  Запасные части: Набор прокладок, пружинок, стопорных колец, шток воздушного клапана.<br />\n  Принадлежности: Редуктор - регулятор с манометром, ключ универсальный, ёршик для чистки краскопульта, 3 фильтра для очистки ЛКМ, масло 15 мл для смазки трущихся частей и механизмов краскораспылителя, не соприкасающихся при работе с ЛКМ.\n','WALCOM',3,'540.00 руб / шт','ZHBL - Краскораспылитель WALCOM SLIM SP HTE (Минск)','Продажа краскораспылителей WALCOM SLIM SP HTE с регулятором давления под красконагнетательный бак в Минске. Всего за 540.00 руб. +375 (29) 741-52-26','walcom slim, walcom hte, краскопульт для автомобиля, краскопульт для покраски автомобиля, краскопульт hte, краскопульт, краскораспылитель, пулик, walcom, slim, slim hte, краскопульт купить, краскопульт hte купить'),(178,5,'1.0178',22,'slim_i_hte_sr','Краскораспылитель<br/> WALCOM SLIM I HTE SR 10088**','\n  Корпус: Никелированный алюминий.<br />\n  Курок: Полимер PPA со стекловолокном<br/>\n  Распыляющая головка: Химически никелированная латунь<br/>\n  Сопло: Нержавеющая сталь AISI 303<br/>\n  Игла - пружина: Нержавеющая сталь<br/>\n  Уплотнительные прокладки: PTFE (тефлон)<br/>\n  Гайка крепления: Полимер PPA со стекловолокном<br/><br/>\n\n  <h2 class=\"mb-4\">Комплектность:</h2>\n  Тип упаковки: Пластиковый чемоданчик<br/>\n  Запасные части: Набор прокладок, пружинок, стопорных колец, шток воздушного клапана.<br />\n  Принадлежности: Ключ универсальный, ёршик для чистки краскопульта, 3 фильтра для очистки ЛКМ, масло 15 мл для смазки трущихся частей и механизмов краскораспылителя, не соприкасающихся при работе с ЛКМ.\n','WALCOM',3,'560.00 руб / шт','ZHBL - Краскораспылитель WALCOM SLIM I HTE SR (Минск)','Продажа краскораспылителей WALCOM SLIM I HTE SR без регулятора давления с нижним бачком в Минске. Всего за 560.00 руб. +375 (29) 741-52-26','walcom slim, walcom hte, краскопульт для автомобиля, краскопульт для покраски автомобиля, краскопульт hte, краскопульт, краскораспылитель, пулик, walcom, slim, slim hte, краскопульт купить, краскопульт hte купить'),(179,6,'1.0179',22,'slim_i_hte','Краскораспылитель<br/> WALCOM SLIM I HTE 10077**','\n  Корпус: Никелированный алюминий.<br />\n  Курок: Полимер PPA со стекловолокном<br/>\n  Распыляющая головка: Химически никелированная латунь<br/>\n  Сопло: Нержавеющая сталь AISI 303<br/>\n  Игла - пружина: Нержавеющая сталь<br/>\n  Уплотнительные прокладки: PTFE (тефлон)<br/>\n  Гайка крепления: Полимер PPA со стекловолокном<br/><br/>\n\n  <h2 class=\"mb-4\">Комплектность:</h2>\n  Тип упаковки: Пластиковый чемоданчик<br/>\n  Запасные части: Набор прокладок, пружинок, стопорных колец, шток воздушного клапана.<br />\n  Принадлежности: Редуктор - регулятор с манометром, ключ универсальный, ёршик для чистки краскопульта, 3 фильтра для очистки ЛКМ, масло 15 мл для смазки трущихся частей и механизмов краскораспылителя, не соприкасающихся при работе с ЛКМ.\n','WALCOM',3,'640.00 руб / шт','ZHBL - Краскораспылитель WALCOM SLIM I HTE (Минск)','Продажа краскораспылителей WALCOM SLIM I HTE с регулятором давления и нижним бачком в Минске. Всего за 640.00 руб. +375 (29) 741-52-26','walcom slim, walcom hte, краскопульт для автомобиля, краскопульт для покраски автомобиля, краскопульт hte, краскопульт, краскораспылитель, пулик, walcom, slim, slim hte, краскопульт купить, краскопульт hte купить'),(180,7,'1.0180',22,'slim_hte_hd','Краскораспылитель<br/> WALCOM SLIM HTE HD 10080**','\n  Корпус: Никелированный алюминий.<br />\n  Курок: Полимер PPA со стекловолокном<br/>\n  Распыляющая головка: Химически никелированная латунь<br/>\n  Сопло: Нержавеющая сталь AISI 303<br/>\n  Игла - пружина: Нержавеющая сталь<br/>\n  Уплотнительные прокладки: PTFE (тефлон)<br/>\n  Гайка крепления: Полимер PPA со стекловолокном<br/>\n  Назначение: Вязких ЛКМ (латекс, гелькоут, полиуретан, тиксотропные материалы)<br/><br/>\n\n  <h2 class=\"mb-4\">Комплектность:</h2>\n  Тип упаковки: Пластиковый чемоданчик<br/>\n  Запасные части: Набор прокладок, пружинок, стопорных колец, шток воздушного клапана.<br />\n  Принадлежности: Редуктор - регулятор с манометром, ключ универсальный, ёршик для чистки краскопульта, 3 фильтра для очистки ЛКМ, масло 15 мл для смазки трущихся частей и механизмов краскораспылителя, не соприкасающихся при работе с ЛКМ.\n','WALCOM',3,'1150.00 руб / шт','ZHBL - Краскораспылитель WALCOM SLIM HTE HD (Минск)','Продажа краскораспылителей WALCOM SLIM HTE HD с регулятором давления для нанесения высоковязких ЛКМ в Минске. Всего за 1150.00 руб. +375 (29) 741-52-26','walcom slim, walcom hte, краскопульт для автомобиля, краскопульт для покраски автомобиля, краскопульт hte, краскопульт, краскораспылитель, пулик, walcom, slim, slim hte, краскопульт купить, краскопульт hte купить, slim hte hd, slim hd'),(181,9,'1.0181',22,'slim_sp_hvlp','Краскораспылитель<br/> WALCOM SLIM SP HVLP 10071**','\n  Корпус: Никелированный алюминий.<br />\n  Курок: Полимер PPA со стекловолокном<br/>\n  Распыляющая головка: Химически никелированная латунь<br/>\n  Сопло: Нержавеющая сталь AISI 303<br/>\n  Игла - пружина: Нержавеющая сталь<br/>\n  Уплотнительные прокладки: PTFE (тефлон)<br/>\n  Гайка крепления: Полимер PPA со стекловолокном<br/><br/>\n\n  <h2 class=\"mb-4\">Комплектность:</h2>\n  Тип упаковки: Пластиковый чемоданчик<br/>\n  Запасные части: Набор прокладок, пружинок, стопорных колец, шток воздушного клапана.<br />\n  Принадлежности: Редуктор - регулятор с манометром, ключ универсальный, ёршик для чистки краскопульта, 3 фильтра для очистки ЛКМ, масло 15 мл для смазки трущихся частей и механизмов краскораспылителя, не соприкасающихся при работе с ЛКМ.\n','WALCOM',3,'595.00 руб / шт','ZHBL - Краскораспылитель WALCOM SLIM SP HVLP (Минск)','Продажа краскораспылителей WALCOM SLIM SP HVLP с регулятором давления под красконагнетательный бак в Минске. Всего за 595.00 руб. +375 (29) 741-52-26','walcom slim, walcom hvlp, краскопульт для автомобиля, краскопульт для покраски автомобиля, краскопульт hvlp, краскопульт, краскораспылитель, пулик, walcom, slim, slim hvlp, краскопульт купить, краскопульт hvlp купить'),(182,10,'1.0182',22,'slim_i_hvlp','Краскораспылитель<br/> WALCOM SLIM I HVLP 10070**','\n  Корпус: Никелированный алюминий.<br />\n  Курок: Полимер PPA со стекловолокном<br/>\n  Распыляющая головка: Химически никелированная латунь<br/>\n  Сопло: Нержавеющая сталь AISI 303<br/>\n  Игла - пружина: Нержавеющая сталь<br/>\n  Уплотнительные прокладки: PTFE (тефлон)<br/>\n  Гайка крепления: Полимер PPA со стекловолокном<br/><br/>\n\n  <h2 class=\"mb-4\">Комплектность:</h2>\n  Тип упаковки: Пластиковый чемоданчик<br/>\n  Запасные части: Набор прокладок, пружинок, стопорных колец, шток воздушного клапана.<br />\n  Принадлежности: Редуктор - регулятор с манометром, ключ универсальный, ёршик для чистки краскопульта, 3 фильтра для очистки ЛКМ, масло 15 мл для смазки трущихся частей и механизмов краскораспылителя, не соприкасающихся при работе с ЛКМ.\n','WALCOM',3,'660.00 руб / шт','ZHBL - Краскораспылитель WALCOM SLIM I HVLP (Минск)','Продажа краскораспылителей WALCOM SLIM I HVLP с регулятором давления и нижним бачком в Минске. Всего за 660.00 руб. +375 (29) 741-52-26','walcom slim, walcom hvlp, краскопульт для автомобиля, краскопульт для покраски автомобиля, краскопульт hvlp, краскопульт, краскораспылитель, пулик, walcom, slim, slim hvlp, краскопульт купить, краскопульт hvlp купить'),(183,1,'1.0183',23,'xlight_hte_sr','Краскораспылитель<br/> WALCOM SLIM XLIGHT HTE SR 8220**','\n  Корпус: Никелированный алюминий.<br />\n  Курок: Полимер PPA со стекловолокном<br/>\n  Распыляющая головка: Анодированный алюминий<br/>\n  Сопло: Нержавеющая сталь AISI 303<br/>\n  Игла - пружина: Нержавеющая сталь<br/>\n  Уплотнительные прокладки: PTFE (тефлон)<br/>\n  Гайка крепления: Полимер PPA со стекловолокном<br/><br/>\n\n  <h2 class=\"mb-4\">Комплектность:</h2>\n  Тип упаковки: Пластиковый чемоданчик<br/>\n  Запасные части: Набор прокладок, пружинок, стопорных колец, шток воздушного клапана.<br />\n  Принадлежности: Ключ универсальный, ёршик для чистки краскопульта, 3 фильтра для очистки ЛКМ, масло 15 мл для смазки трущихся частей и механизмов краскораспылителя, не соприкасающихся при работе с ЛКМ.\n','WALCOM',3,'460.00 руб / шт','ZHBL - Краскораспылитель WALCOM SLIM XLIGHT HTE SR (Минск)','Продажа краскопультов WALCOM SLIM XLIGHT HTE SR без регулятора давления в Минске. Всего за 460.00 руб. +375 (29) 741-52-26','walcom xlight hte, walcom hte, краскопульт для автомобиля, краскопульт для покраски автомобиля, краскопульт hte, краскопульт, краскораспылитель, пулик, walcom, xlight, xlight hte, краскопульт купить, краскопульт hte купить, xlight hte купить, hte '),(184,2,'1.0184',23,'xlight_hte','Краскораспылитель<br/> WALCOM SLIM XLIGHT HTE 8230**','\n  Корпус: Никелированный алюминий.<br />\n  Курок: Полимер PPA со стекловолокном<br/>\n  Распыляющая головка: Анодированный алюминий<br/>\n  Сопло: Нержавеющая сталь AISI 303<br/>\n  Игла - пружина: Нержавеющая сталь<br/>\n  Уплотнительные прокладки: PTFE (тефлон)<br/>\n  Гайка крепления: Полимер PPA со стекловолокном<br/><br/>\n\n  <h2 class=\"mb-4\">Комплектность:</h2>\n  Тип упаковки: Пластиковый чемоданчик<br/>\n  Запасные части: Набор прокладок, пружинок, стопорных колец, шток воздушного клапана.<br />\n  Принадлежности: Редуктор - регулятор с манометром, ключ универсальный, ёршик для чистки краскопульта, 3 фильтра для очистки ЛКМ, масло 15 мл для смазки трущихся частей и механизмов краскораспылителя, не соприкасающихся при работе с ЛКМ.\n','WALCOM',3,'490.00 руб / шт','ZHBL - Краскораспылитель WALCOM SLIM XLIGHT HTE (Минск)','Продажа краскопультов WALCOM SLIM XLIGHT HTE с регулятором давления в Минске. Всего за 490.00 руб. +375 (29) 741-52-26','walcom xlight hte, walcom hte, краскопульт для автомобиля, краскопульт для покраски автомобиля, краскопульт hte, краскопульт, краскораспылитель, пулик, walcom, xlight, xlight hte, краскопульт купить, краскопульт hte купить, xlight hte купить, hte '),(185,7,'1.0185',23,'xlight_hvlp','Краскораспылитель<br/> WALCOM SLIM XLIGHT HVLP 8330**','\n  Корпус: Никелированный алюминий.<br />\n  Курок: Полимер PPA со стекловолокном<br/>\n  Распыляющая головка: Анодированный алюминий<br/>\n  Сопло: Нержавеющая сталь AISI 303<br/>\n  Игла - пружина: Нержавеющая сталь<br/>\n  Уплотнительные прокладки: PTFE (тефлон)<br/>\n  Гайка крепления: Полимер PPA со стекловолокном<br/><br/>\n\n  <h2 class=\"mb-4\">Комплектность:</h2>\n  Тип упаковки: Пластиковый чемоданчик<br/>\n  Запасные части: Набор прокладок, пружинок, стопорных колец, шток воздушного клапана.<br />\n  Принадлежности: Редуктор - регулятор с манометром, ключ универсальный, ёршик для чистки краскопульта, 3 фильтра для очистки ЛКМ, масло 15 мл для смазки трущихся частей и механизмов краскораспылителя, не соприкасающихся при работе с ЛКМ.\n','WALCOM',3,'510.00 руб / шт','ZHBL - Краскораспылитель WALCOM SLIM XLIGHT HVLP (Минск)','Продажа краскопультов WALCOM SLIM XLIGHT HVLP с регулятором давления в Минске. Всего за 510.00 руб. +375 (29) 741-52-26','walcom xlight hvlp, walcom hvlp, краскопульт для автомобиля, краскопульт для покраски автомобиля, краскопульт hte, краскопульт, краскораспылитель, пулик, walcom, xlight, xlight hvlp, краскопульт купить, краскопульт hvlp купить, xlight hvlp купить'),(186,3,'1.0186',23,'xlight_sp_hte_sr','Краскораспылитель<br/> WALCOM SLIM XLIGHT SP HTE SR 8281**','  Корпус: Никелированный алюминий.<br />\n  Курок: Полимер PPA со стекловолокном<br/>\n  Распыляющая головка: Анодированный алюминий<br/>\n  Сопло: Нержавеющая сталь AISI 303<br/>\n  Игла - пружина: Нержавеющая сталь<br/>\n  Уплотнительные прокладки: PTFE (тефлон)<br/>\n  Гайка крепления: Полимер PPA со стекловолокном<br/><br/>\n\n  <h2 class=\"mb-4\">Комплектность:</h2>\n  Тип упаковки: Пластиковый чемоданчик<br/>\n  Запасные части: Набор прокладок, пружинок, стопорных колец, шток воздушного клапана.<br />\n  Принадлежности: Ключ универсальный, ёршик для чистки краскопульта, 3 фильтра для очистки ЛКМ, масло 15 мл для смазки трущихся частей и механизмов краскораспылителя, не соприкасающихся при работе с ЛКМ.\n','WALCOM',3,'460.00 руб / шт','ZHBL - Краскораспылитель WALCOM SLIM XLIGHT SP HTE SR (Минск)','Продажа краскопультов WALCOM SLIM XLIGHT SP HTE SR без регулятора давления под красконагнетательный бак в Минске. Всего за 460.00 руб. +375 (29) 741-52-26','walcom xlight hte, walcom hte, краскопульт для автомобиля, краскопульт для покраски автомобиля, краскопульт hte, краскопульт, краскораспылитель, пулик, walcom, xlight, xlight hte, краскопульт купить, краскопульт hte купить, xlight hte купить, hte '),(187,4,'1.0187',23,'xlight_sp_hte','Краскораспылитель<br/> WALCOM SLIM XLIGHT SP HTE 8280**','\n  Корпус: Никелированный алюминий.<br />\n  Курок: Полимер PPA со стекловолокном<br/>\n  Распыляющая головка: Анодированный алюминий<br/>\n  Сопло: Нержавеющая сталь AISI 303<br/>\n  Игла - пружина: Нержавеющая сталь<br/>\n  Уплотнительные прокладки: PTFE (тефлон)<br/>\n  Гайка крепления: Полимер PPA со стекловолокном<br/><br/>\n\n  <h2 class=\"mb-4\">Комплектность:</h2>\n  Тип упаковки: Пластиковый чемоданчик<br/>\n  Запасные части: Набор прокладок, пружинок, стопорных колец, шток воздушного клапана.<br />\n  Принадлежности: Редуктор - регулятор с манометром, ключ универсальный, ёршик для чистки краскопульта, 3 фильтра для очистки ЛКМ, масло 15 мл для смазки трущихся частей и механизмов краскораспылителя, не соприкасающихся при работе с ЛКМ.\n','WALCOM',3,'490.00 руб / шт','ZHBL - Краскораспылитель WALCOM SLIM XLIGHT SP HTE (Минск)','Продажа краскопультов WALCOM SLIM XLIGHT SP HTE с регулятором давления под красконагнетательный бак в Минске. Всего за 490.00 руб. +375 (29) 741-52-26','walcom xlight hte, walcom hte, краскопульт для автомобиля, краскопульт для покраски автомобиля, краскопульт hte, краскопульт, краскораспылитель, пулик, walcom, xlight, xlight hte, краскопульт купить, краскопульт hte купить, xlight hte купить, hte '),(188,5,'1.0188',23,'xlight_i_hte_sr','Краскораспылитель<br/> WALCOM SLIM XLIGHT I HTE SR 8272**','\n  Корпус: Никелированный алюминий.<br />\n  Курок: Полимер PPA со стекловолокном<br/>\n  Распыляющая головка: Анодированный алюминий<br/>\n  Сопло: Нержавеющая сталь AISI 303<br/>\n  Игла - пружина: Нержавеющая сталь<br/>\n  Уплотнительные прокладки: PTFE (тефлон)<br/>\n  Гайка крепления: Полимер PPA со стекловолокном<br/><br/>\n\n  <h2 class=\"mb-4\">Комплектность:</h2>\n  Тип упаковки: Пластиковый чемоданчик<br/>\n  Запасные части: Набор прокладок, пружинок, стопорных колец, шток воздушного клапана.<br />\n  Принадлежности: Ключ универсальный, ёршик для чистки краскопульта, 3 фильтра для очистки ЛКМ, масло 15 мл для смазки трущихся частей и механизмов краскораспылителя, не соприкасающихся при работе с ЛКМ.\n','WALCOM',3,'510.00 руб / шт','ZHBL - Краскораспылитель WALCOM SLIM XLIGHT I HTE SR (Минск)','Продажа краскопультов WALCOM SLIM XLIGHT I HTE SR без регулятора давления с нижним бачком в Минске. Всего за 510.00 руб. +375 (29) 741-52-26','walcom xlight hte, walcom hte, краскопульт для автомобиля, краскопульт для покраски автомобиля, краскопульт hte, краскопульт, краскораспылитель, пулик, walcom, xlight, xlight hte, краскопульт купить, краскопульт hte купить, xlight hte купить, hte '),(189,6,'1.0189',23,'xlight_hte_hd','Краскораспылитель<br/> WALCOM SLIM XLIGHT HTE HD 8240**','\n  Корпус: Никелированный алюминий.<br />\n  Курок: Полимер PPA со стекловолокном<br/>\n  Распыляющая головка: Анодированный алюминий<br/>\n  Сопло: Нержавеющая сталь AISI 303<br/>\n  Игла - пружина: Нержавеющая сталь<br/>\n  Уплотнительные прокладки: PTFE (тефлон)<br/>\n  Гайка крепления: Полимер PPA со стекловолокном<br/>\n  Назначение: Вязких ЛКМ (латекс, гелькоут, полиуретан, тиксотропные материалы)<br/><br/>\n\n  <h2 class=\"mb-4\">Комплектность:</h2>\n  Тип упаковки: Пластиковый чемоданчик<br/>\n  Запасные части: Набор прокладок, пружинок, стопорных колец, шток воздушного клапана.<br /><br />\n  Принадлежности: Редуктор - регулятор с манометром, ключ универсальный, ёршик для чистки краскопульта, 3 фильтра для очистки ЛКМ, масло 15 мл для смазки трущихся частей и механизмов краскораспылителя, не соприкасающихся при работе с ЛКМ.\n','WALCOM',3,'790.00 руб / шт','ZHBL - Краскораспылитель WALCOM SLIM XLIGHT HTE HD (Минск)','Продажа краскопультов WALCOM SLIM XLIGHT HTE HD для нанесения высоковязких ЛКМ и с регулятором давления в Минске. Всего за 790.00 руб. +375 (29) 741-52-26','walcom xlight hte, walcom hte, краскопульт для автомобиля, краскопульт для покраски автомобиля, краскопульт hte, краскопульт, краскораспылитель, пулик, walcom, xlight, xlight hte, краскопульт купить, краскопульт hte купить, xlight hte купить, hte '),(190,8,'1.0190',23,'xlight_i_hvlp','Краскораспылитель<br/> WALCOM SLIM XLIGHT I HVLP 8370**','\n  Корпус: Никелированный алюминий.<br />\n  Курок: Полимер PPA со стекловолокном<br/>\n  Распыляющая головка: Анодированный алюминий<br/>\n  Сопло: Нержавеющая сталь AISI 303<br/>\n  Игла - пружина: Нержавеющая сталь<br/>\n  Уплотнительные прокладки: PTFE (тефлон)<br/>\n  Гайка крепления: Полимер PPA со стекловолокном<br/><br/>\n\n  <h2 class=\"mb-4\">Комплектность:</h2>\n  Тип упаковки: Пластиковый чемоданчик<br/>\n  Запасные части: Набор прокладок, пружинок, стопорных колец, шток воздушного клапана.<br />\n  Принадлежности: Редуктор - регулятор с манометром, ключ универсальный, ёршик для чистки краскопульта, 3 фильтра для очистки ЛКМ, масло 15 мл для смазки трущихся частей и механизмов краскораспылителя, не соприкасающихся при работе с ЛКМ.\n','WALCOM',3,'600.00 руб / шт','ZHBL - Краскораспылитель WALCOM SLIM XLIGHT I HVLP (Минск)','Продажа краскопультов WALCOM SLIM XLIGHT I HVLP с регулятором давления и нижним бачком в Минске. Всего за 600.00 руб. +375 (29) 741-52-26','walcom xlight hvlp, walcom hvlp, краскопульт для автомобиля, краскопульт для покраски автомобиля, краскопульт hte, краскопульт, краскораспылитель, пулик, walcom, xlight, xlight hvlp, краскопульт купить, краскопульт hvlp купить, xlight hvlp купить'),(191,1,'1.0191',24,'fasco_cn15w_55','Гвоздезабивной пистолет<br/> FASCO F48C CN15W-55','','FASCO',3,'820.00 руб / шт','ZHBL - Гвоздезабивной пистолет FASCO F48C CN15W-55 (Минск)','Продажа гвоздезабивного пистолета FASCO F48C CN15W-55 в Минске. +375 (29) 741-52-26','гвоздезабивной пистолет 55, фаско, fasco, гвоздезабиватель, пневмоинструмент, гвоздезабивной пистолет fasco cn15w 55, fasco cn15w 55, пневматический инструмент, нейлер, нейлер 55'),(192,2,'1.0192',24,'fasco_cn15w_70','Гвоздезабивной пистолет<br/> FASCO F58A CN15W-70','','FASCO',3,'820.00 руб / шт','ZHBL - Гвоздезабивной пистолет FASCO F58A CN15W-70 (Минск)','Продажа гвоздезабивного пистолета FASCO F58A CN15W-70 в Минске. +375 (29) 741-52-26','гвоздезабивной пистолет 70, фаско, fasco, гвоздезабиватель, пневмоинструмент, гвоздезабивной пистолет fasco cn15w 70, fasco cn15w 70, пневматический инструмент, нейлер, нейлер 70'),(193,3,'1.0193',24,'fasco_cn15w_80','Гвоздезабивной пистолет<br/> FASCO F58AC CN15W-80','','FASCO',3,'820.00 руб / шт','ZHBL - Гвоздезабивной пистолет FASCO F58AC CN15W-80 (Минск)','Продажа гвоздезабивного пистолета FASCO F58AC CN15W-80 в Минске. +375 (29) 741-52-26','гвоздезабивной пистолет 80, фаско, fasco, гвоздезабиватель, пневмоинструмент, гвоздезабивной пистолет fasco cn15w 80, fasco cn15w 80, пневматический инструмент, нейлер, нейлер 80'),(194,4,'1.0194',24,'fasco_cn15w_90_scr','Гвоздезабивной пистолет<br/> FASCO F6AC CN15W-90B SCR','','FASCO',3,'880.00 руб / шт','ZHBL - Гвоздезабивной пистолет FASCO F6AC CN15W-90B SCR (Минск)','Продажа гвоздезабивного пистолета FASCO F6AC CN15W-90B SCR в Минске. +375 (29) 741-52-26','гвоздезабивной пистолет 90, фаско, fasco, гвоздезабиватель, пневмоинструмент, гвоздезабивной пистолет fasco cn15w 90, fasco cn15w 90, пневматический инструмент, нейлер, нейлер 90'),(195,1,'1.0195',25,'ez_fasten_80_16r','Скобозабивной пистолет<br/> EZ-FASTEN 80/16 R','\n  Тип скобы: Prebena A, 80, 380, 115, Senco AT\n','EZ-FASTEN',7,'390.00 руб / шт','ZHBL - Скобозабивной пистолет EZ-Fasten 80/16R (Минск)','Продажа скобозабивных пистолетов EZ-Fasten 80/16R в Минске. +375 (29) 741-52-26','ez fasten, ez-fasten купить минск, ez fasten купить, ez fasten 80/16r, скобозабивной пистолет ez fasten, ez fasten пневмопистолет, ez fasten 80 16 купить минск, ez fasten пистолет, ez fasten 80 16, ez fasten 80 16 '),(196,2,'1.0196',25,'fasco_80_16','Скобозабивной пистолет<br/> FASCO F1B 80-16','\n  Тип скобы: Prebena A, 80, 380, 115, Senco AT\n','FASCO',3,'680.00 руб / шт','ZHBL - Скобозабивной пистолет FASCO F1B 80-16 (Минск)','Продажа скобозабивного пистолета FASCO F1B 80-16 предназначенного для обивочных работ в Минске. +375 (29) 741-52-26','ип жибуль, фаско, fasco, скобозабиватель, пневмоинструмент, скобозабивной пистолет fasco F1B 80-16, fasco F1B 80-16, скобозабивной пистолет, пневмостеплер, fasco f1b 80-16 купить, fasco купить, fasco купить минск,пневматический инструмент'),(197,3,'1.0197',25,'fasco_97b_19','Скобозабивной пистолет<br/> FASCO F1B 97B-19','\n  Тип скобы: Prebena A, 80, 380, 115, Senco AT\n','FASCO',3,'500.00 руб / шт','ZHBL - Скобозабивной пистолет FASCO F1B 97B-19 (Минск)','Продажа скобозабивного пистолета FASCO F1B 97B-19 предназначенного для столярных работ в Минске. +375 (29) 741-52-26','ип жибуль, фаско, fasco купить, fasco минск, fasco 97b-19, скобозабиватель, пневмоинструмент, скобозабивной пистолет fasco F1B 97B-19, fasco F1B 97B-19, скобозабивной пистолет, пневматический инструмент'),(198,4,'1.0198',25,'ez_fasten_90_40ac','Скобозабивной пистолет<br/> EZ-FASTEN 90/40AC','\n  Тип скобы: Prebena E, 90, 190, Senco L\n','EZ-FASTEN',7,'640.00 руб / шт','ZHBL - Скобозабивной пистолет EZ-Fasten 90/40AC (Минск)','Продажа скобозабивных пистолетов EZ-Fasten 90/40AC в Минске. +375 (29) 741-52-26','ez fasten, ez-fasten купить минск, ez fasten купить, ez fasten 90/40AC, скобозабивной пистолет ez fasten, ez fasten пневмопистолет, ez fasten 90/40AC купить минск, ez fasten пистолет, 90/40AC, каркасный пистолет, купить каркасник'),(199,5,'1.0199',25,'ez_fasten_92_40ac','Скобозабивной пистолет<br/> EZ-FASTEN 92/40AC','\n  Тип скобы: Prebena H, 92, 190, BeA 98, Bostitch SL 5035\n','EZ-FASTEN',7,'680.00 руб / шт','ZHBL - Скобозабивной пистолет EZ-Fasten 92/40AC (Минск)','Продажа скобозабивных пистолетов EZ-Fasten 92/40AC в Минске. +375 (29) 741-52-26','ez fasten, ez-fasten купить минск, ez fasten купить, ez fasten 92/40AC, скобозабивной пистолет ez fasten, ez fasten пневмопистолет, ez fasten 92/40AC купить минск, ez fasten пистолет, 92/40AC, каркасный пистолет, купить каркасник'),(200,6,'1.0200',25,'ez_fasten_ms16_50a','Скобозабивной пистолет<br/> EZ-FASTEN MS16/50A','\n  Тип скобы: 14, 14L, 14LC, Prebena LM, 155, BeA 14, Senco N, Omer M2, Max851\n','EZ-FASTEN',7,'750.00 руб / шт','ZHBL - Скобозабивной пистолет EZ-Fasten MS16/50A (Минск)','Продажа скобозабивных пистолетов EZ-FASTEN MS16/50A в Минске. +375 (29) 741-52-26','ez fasten, ez-fasten купить минск, ez fasten купить, ez fasten MS16/50A, скобозабивной пистолет ez fasten, ez fasten пневмопистолет, ez fasten MS16/50A купить минск, ez fasten пистолет, MS16/50A'),(201,7,'1.0201',25,'fasco_92_40','Скобозабивной пистолет<br/> FASCO F26AT 92-40','\n  Тип скобы: Prebena H, 92, 190, BeA 98, Bostitch SL 5035\n','FASCO',3,'1000.00 руб / шт','ZHBL - Скобозабивной пистолет FASCO F26AT 92-40 (Минск)','Продажа скобозабивного пистолета FASCO F26AT 92-40 предназначенного для столярных работ в Минске. +375 (29) 741-52-26','ип жибуль, фаско, fasco, скобозабиватель, пневмоинструмент, скобозабивной пистолет FASCO F26AT 92-40, FASCO F26AT 92-40, скобозабивной пистолет, пневматический инструмент'),(202,8,'1.0202',25,'fasco_g_50_tl','Скобозабивной пистолет<br/> FASCO F44AC G-50 TL','\n  Тип скобы: Prebena 14, 14L, 155, BeA 14, Senco N\n','FASCO',3,'1400.00 руб / шт','ZHBL - Скобозабивной пистолет FASCO F44AC G-50 T.L (Минск)','Продажа скобозабивного пистолета FASCO F44AC G-50 T.L предназначенного для столярных работ в Минске. +375 (29) 741-52-26','ип жибуль, фаско, fasco, скобозабиватель, пневмоинструмент, скобозабивной пистолет fasco F44AC G-50 T.L, fasco F44AC G-50 TL, скобозабивной пистолет, пневматический инструмент'),(203,1,'1.0203',26,'ez_fasten_super630','Штифтозабивной пистолет<br/> EZ-FASTEN SUPER630','','EZ-FASTEN',7,'480.00 руб / шт','ZHBL - Шпилько-штифтозабивной пистолет EZ-Fasten SUPER630 (Минск)','Продажа шпилько- штифтозабивных пистолетов EZ-Fasten SUPER630 в Минске. +375 (29) 741-52-26','super630, ez fasten, ez-fasten купить минск, ez fasten купить, ez fasten super630, штифтозабивной пистолет ez fasten, ez fasten пневмопистолет, ez fasten super630 купить минск, ez fasten пистолет, нейлер super630, шпилькозабивной пистолет ez fasten'),(204,2,'1.0204',26,'fasco_a64_35p_b','Штифтозабивной пистолет<br/> FASCO F23 A64-35P B','','FASCO',3,'800.00 руб / шт','ZHBL - Шпилько-штифтозабивной пистолет FASCO F23 A64-35 PB (Минск)','Продажа шпилько- штифтозабивных пистолетов FASCO F23 A64-35 PB в Минске. +375 (29) 741-52-26','ип жибуль, фаско, fasco, шпилькозабиватель, штифтозабиватель, zhbl, пневмоинструмент, шпилько-штифтозабивной пистолет Fasco f23 a64 35 pb, fasco a64-35 pb, пневматический инструмент, нейлер fasco, нейлер'),(205,3,'1.0205',26,'fasco_ga_18_31a','Штифтозабивной пистолет<br/> FASCO F21P GA 18-31A','','FASCO',3,'720.00 руб / шт','ZHBL - Шпилькозабивной пистолет FASCO F21P GA-18/31A (Минск)','Продажа шпилькозабивного пистолета FASCO F21P GA-18/31 A в Минске. +375 (29) 741-52-26','фаско купить, fasco купить, фаско, fasco, шпилькозабиватель, zhbl, пневмоинструмент, шпилькозабивной пистолет fasco f21p ga 18 31a, fasco ga 18 31a, пневматический инструмент, нейлер fasco, нейлер'),(206,4,'1.0206',26,'ez_fasten_f18_32vm','Штифтозабивной пистолет<br/> EZ-FASTEN F18/32VM','','EZ-Fasten',7,'390.00 руб / шт','ZHBL - Штифтозабивной пистолет EZ-Fasten F18/32VM (Минск)','Продажа штифтозабивных пистолетов EZ-Fasten F18/32VM в Минске. +375 (29) 741-52-26','f18 32vm, ez fasten, ez-fasten купить минск, ez fasten купить, ez fasten f18 32vm, штифтозабивной пистолет ez fasten, ez fasten пневмопистолет, ez fasten f18 32vm купить минск, ez fasten пистолет, нейлер f18 32vm, штифтозабиватель, нейлер'),(207,5,'1.0207',26,'fasco_gn_40asa','Штифтозабивной пистолет<br/> FASCO F21T GN-40A S.A.','','FASCO',3,'820.00 руб / шт','ZHBL - Штифтозабивной пистолет FASCO F21T GN-40A S.A. (Минск)','Продажа штифтозабивных пистолетов FASCO F21T GN-40 AS.A в Минске. +375 (29) 741-52-26','ип жибуль, фаско, fasco, штифтозабиватель, zhbl, пневмоинструмент, штифтозабивной пистолет fasco f21t gn 40 asa, fasco gn 40 asa, fasco gn 40, пневматический инструмент, нейлер fasco, нейлер'),(208,6,'1.0208',26,'fasco_gn_40ags','Штифтозабивной пистолет<br/> FASCO F21T GN-40A G.S.','','FASCO',3,'1200.00 руб / шт','ZHBL - Штифтозабивной пистолет FASCO F21T GN-40A G.S.(Минск)','Продажа штифтозабивных пистолетов FASCO F21T GN-40 AG.S в Минске. +375 (29) 741-52-26','жбл, ип жибуль, фаско, fasco, штифтозабиватель, zhbl, пневмоинструмент, штифтозабивной пистолет fasco f21t gn 40 ags, fasco gn 40 ags, пневматический инструмент, нейлер fasco, нейлер'),(209,7,'1.0209',26,'ez_fasten_f18_50ac','Штифтозабивной пистолет<br/> EZ-FASTEN F18/50AC','','EZ-FASTEN',7,'460.00 руб / шт','ZHBL - Штифтозабивной пистолет EZ-Fasten F18/50AC (Минск)','Продажа штифтозабивных пистолетов EZ-Fasten F18/50AC в Минске. +375 (29) 741-52-26','ez fasten, а18 50ac,ez-fasten купить минск, ez fasten купить, ez fasten а18 50ac, штифтозабивной пистолет ez fasten, ez fasten пневмопистолет, ez fasten f18 50ac купить минск, ez fasten пистолет, а18 50ac, штифтозабиватель'),(210,8,'1.0210',26,'fasco_fn_50','Штифтозабивной пистолет<br/> FASCO F26AC FN-50','','FASCO',3,'1400.00 руб / шт','ZHBL - Штифтозабивной пистолет FASCO F26AC FN-50 (Минск)','Продажа штифтозабивных пистолетов FASCO F26AC FN-50 в Минске. +375 (29) 741-52-26','ип жибуль, фаско, fasco, штифтозабиватель, zhbl, пневмоинструмент, штифтозабивной пистолет fasco f26ac fn 50, fasco f26ac fn 50, fasco fn 50, пневматический инструмент, нейлер fasco, нейлер'),(211,9,'1.0211',26,'fasco_fn_50a','Штифтозабивной пистолет<br/> FASCO F3C FN-50A','','FASCO',3,'1600.00 руб / шт','ZHBL - Штифтозабивной пистолет FASCO F26AC FN-50A (Минск)','Продажа штифтозабивных пистолетов FASCO F26AC FN-50A в Минске. +375 (29) 741-52-27','ип жибуль, фаско, fasco, штифтозабиватель, zhbl, пневмоинструмент, штифтозабивной пистолет fasco f26ac fn 50a, fasco f26ac fn 50a, fasco fn 50a, пневматический инструмент, нейлер, нейлер fasco'),(212,10,'1.0212',26,'fasco_gn_40agssa','Штифтозабивной пистолет<br/> FASCO F21T GN-40A G.S.S.A.','','FASCO',3,'1250.00 руб / шт','ZHBL - Штифтозабивной пистолет FASCO F21T GN-40A G.S.S.A. (Минск)','Продажа штифтозабивных пистолетов FASCO F21T GN-40A G.S.S.A. в Минске. +375 (29) 741-52-28','жбл, ип жибуль, фаско, fasco, штифтозабиватель, zhbl, пневмоинструмент, штифтозабивной пистолет fasco f21t gn 40 ags, fasco gn 40 agssa, пневматический инструмент, нейлер fasco, нейлер'),(213,11,'1.0213',26,'senco_slp20_gln','Штифтозабивной пистолет<br/> SENCO SLP20 GLN','','SENCO',9,'2500.00 руб / шт','ZHBL - Штифтозабивной пистолет SENCO SLP20 GLN (Минск)','Продажа штифтозабивных пистолетов SENCO SLP20 GLN в Минске. +375 (29) 741-52-29','жбл, ип жибуль, сенко, senco, штифтозабиватель, zhbl, пневмоинструмент, штифтозабивной пистолет senco slp20 gln, senco slp20 gln, senco slp20 пневматический инструмент, нейлер fasco, нейлер, нейлер для окон, пневмопистолет senco, пневмопистолет для окон'),(215,3,'1.0215',7,'trubka_tb1200640nt','Трубка полиамидная<br/> TB12 00 640 NT','','AIGNEP',3,'2.90 руб / м','ZHBL - Трубка полиамидная 4 х 6 мм AIGNEP (Минск)','Продажа полиамидных трубок диаметром 4 х 6 мм бренда AIGNEP в Минске. +375 (29) 741-52-26',''),(216,4,'1.0216',7,'trubka_tb1200860nt','Трубка полиамидная<br/> TB12 00 860 NT','','AIGNEP',3,'4.20 руб / м','ZHBL - Трубка полиамидная 6 х 8 мм AIGNEP (Минск)','Продажа полиамидных трубок диаметром 6 х 8 мм бренда AIGNEP в Минске. +375 (29) 741-52-26',''),(217,5,'1.0217',7,'trubka_tb1201080nt','Трубка полиамидная<br/> TB12 01 080 NT','','AIGNEP',3,'5.20 руб / м','ZHBL - Трубка полиамидная 8 х 10 мм AIGNEP (Минск)','Продажа полиамидных трубок диаметром 8 х 10 мм бренда AIGNEP в Минске. +375 (29) 741-52-26',''),(218,6,'1.0218',7,'trubka_tb1212100nt','Трубка полиамидная<br/> TB12 12 100NT','','AIGNEP',3,'6.40 руб / м','ZHBL - Трубка полиамидная 10 х 12 мм AIGNEP (Минск)','Продажа полиамидных трубок диаметром 10 х 12 мм бренда AIGNEP в Минске. +375 (29) 741-52-26',''),(219,7,'1.0219',7,'trubka_tb1214120az','Трубка полиамидная<br/> TB12 14 120AZ','','AIGNEP',3,'8.20 руб / м','ZHBL - Трубка полиамидная 12 х 14 мм AIGNEP (Минск)','Продажа полиамидных трубок диаметром 12 х 14 мм бренда AIGNEP в Минске. +375 (29) 741-52-26',''),(220,1,'1.0220',7,'trubka_tbpu00640nt','Трубка полиуретановая<br/> TBPU 00 640 NT','','AIGNEP',3,'2.50 руб / м','ZHBL - Трубка полиуретановая 4 х 6 мм AIGNEP (Минск)','Продажа полиуретановых трубок диаметром 4 х 6 мм бренда AIGNEP в Минске. +375 (29) 741-52-26',''),(221,2,'1.0221',7,'trubka_tbpu00860nt','Трубка полиуретановая<br/> TBPU 00 860 NT','','AIGNEP',3,'3.40 руб / м','ZHBL - Трубка полиуретановая 6 х 8 мм AIGNEP (Минск)','Продажа полиуретановых трубок диаметром 6 х 8 мм бренда AIGNEP в Минске. +375 (29) 741-52-26',''),(222,8,'1.0222',7,'trubka_tbpf00640nt','Трубка тефлоновая<br/> TBPF 00 640 NT','','AIGNEP',3,'13.44 руб / м','ZHBL - Трубка тефлоновая 4 х 6 мм AIGNEP (Минск)','Продажа тефлоновых трубок диаметром 4 х 6 мм бренда AIGNEP в Минске. +375 (29) 741-52-26',''),(223,15,'1.0223',7,'shlang_tbpl3_40bl080','Шланг для адаптеров с обжимом<br/> TBPL 3/4 0 BL 080','','AIGNEP',3,'45.40 руб / м','ZHBL - Шланг для адаптеров с обжимом 19.2 х 26.5 мм AIGNEP (Минск)','Продажа ПВХ шлангов для адаптеров с обжимом диаметром 19.2 х 26.5 мм бренда AIGNEP в Минске. +375 (29) 741-52-26',''),(224,14,'1.0224',7,'shlang_tbpl5_80bl080','Шланг для адаптеров с обжимом<br/> TBPL 5/8 0 BL 080','','AIGNEP',3,'39.50 руб / м','ZHBL - Шланг для адаптеров с обжимом 16 х 22.9 мм AIGNEP (Минск)','Продажа ПВХ шлангов для адаптеров с обжимом диаметром 16 х 22.9 мм бренда AIGNEP в Минске. +375 (29) 741-52-26',''),(225,9,'1.0225',7,'shlang_tbpvm01106az','Шланг ПВХ<br/> TBPVM 011 06 AZ','','AIGNEP',3,'3.90 руб / м','ZHBL - Шланг ПВХ 6.3 х 11 мм AIGNEP (Минск)','Продажа ПВХ шлангов диаметром 6.3 х 11 мм бренда AIGNEP в Минске. +375 (29) 741-52-26',''),(226,10,'1.0226',7,'shlang_tbpvm01308az','Шланг ПВХ<br/> TBPVM 013 08 AZ','','AIGNEP',3,'4.20 руб / м','ZHBL - Шланг ПВХ 8 х 13 мм AIGNEP (Минск)','Продажа ПВХ шлангов диаметром 8 х 13 мм бренда AIGNEP в Минске. +375 (29) 741-52-26',''),(227,11,'1.0227',7,'shlang_tbpvm15510az','Шланг ПВХ<br/> TBPVM 155 10 AZ','','AIGNEP',3,'5.30 руб / м','ZHBL - Шланг ПВХ 10 х 15.5 мм AIGNEP (Минск)','Продажа ПВХ шлангов диаметром 10 х 15.5 мм бренда AIGNEP в Минске. +375 (29) 741-52-26',''),(228,1,'1.0228',37,'14lc_25','Скобы 14 LC / 25','','EMES',5,'183.50 руб / уп','ZHBL - Каркасные скобы 14 LC / 25 (Минск)','Продажа каркасной скобы крупного сечения для скобозабивного пистолета 14 LC / 25 в Минске. Всего за 183.50 руб / уп. +375 (29) 741-52-26',''),(229,2,'1.0229',37,'14lc_30','Скобы 14 LC / 30','','EMES',5,'142.50 руб / уп','ZHBL - Каркасные скобы 14 LC / 30 (Минск)','Продажа каркасной скобы крупного сечения для скобозабивного пистолета 14 LC / 30 в Минске. Всего за 142.50 руб / уп. +375 (29) 741-52-26',''),(230,4,'1.0230',37,'14lc_38','Скобы 14 LC / 38','','EMES',5,'134.20 руб / уп','ZHBL - Каркасные скобы 14 LC / 38 (Минск)','Продажа каркасной скобы крупного сечения для скобозабивного пистолета 14 LC / 38 в Минске. Всего за 134.20 руб / уп. +375 (29) 741-52-26',''),(231,1,'1.0231',38,'90_10r','Скобы 90 / 10 R','\n  Аналог: BeA 90 (190), Prebena E, Bostitch SJK 5040, Senco L\n','EMES',5,'46.60 руб / уп','ZHBL - Каркасные разводные скобы 90 / 10 R (Минск)','Продажа каркасной скобы мелкого сечения для скобозабивного пистолета 90 / 10 R (разводная) в Минске. Всего за 46.60 руб / уп. +375 (29) 741-52-26',''),(232,2,'1.0232',38,'90_14','Скобы 90 / 14','\n  Аналог: BeA 90 (190), Prebena E, Bostitch SJK 5040, Senco L\n','EMES',5,'38.80 руб / уп','ZHBL - Каркасные скобы 90 / 14 (Минск)','Продажа каркасной скобы мелкого сечения для скобозабивного пистолета 90 / 14 в Минске. Всего за 38.80 руб / уп. +375 (29) 741-52-26',''),(233,3,'1.0233',38,'90_16','Скобы 90 / 16','\n  Аналог: BeA 90 (190), Prebena E, Bostitch SJK 5040, Senco L\n','EMES',5,'38.80 руб / уп','ZHBL - Каркасные скобы 90 / 16 (Минск)','Продажа каркасной скобы мелкого сечения для скобозабивного пистолета 90 / 16 в Минске. Всего за 38.80 руб / уп. +375 (29) 741-52-26',''),(234,4,'1.0234',38,'90_18','Скобы 90 / 18','\n  Аналог: BeA 90 (190), Prebena E, Bostitch SJK 5040, Senco L\n','EMES',5,'31.10 руб / уп','ZHBL - Каркасные скобы 90 / 18 (Минск)','Продажа каркасной скобы мелкого сечения для скобозабивного пистолета 90 / 18 в Минске. Всего за 31.10 руб / уп. +375 (29) 741-52-26',''),(235,5,'1.0235',38,'90_25','Скобы 90 / 25','\n  Аналог: BeA 90 (190), Prebena E, Bostitch SJK 5040, Senco L\n','EMES',5,'23.30 руб / уп','ZHBL - Каркасные скобы 90 / 25 (Минск)','Продажа каркасной скобы мелкого сечения для скобозабивного пистолета 90 / 25 в Минске. Всего за 23.30 руб / уп. +375 (29) 741-52-26',''),(237,6,'1.0237',38,'90_32','Скобы 90 / 32','\n  Аналог: BeA 90 (190), Prebena E, Bostitch SJK 5040, Senco L\n','EMES',5,'36.20 руб / уп','ZHBL - Каркасные скобы 90 / 32 (Минск)','Продажа каркасной скобы мелкого сечения для скобозабивного пистолета 90 / 32 в Минске. Всего за 36.20 руб / уп. +375 (29) 741-52-26',''),(238,7,'1.0238',38,'90_38','Скобы 90 / 38','\n  Аналог: BeA 90 (190), Prebena E, Bostitch SJK 5040, Senco L\n','EMES',5,'41.40 руб / уп','ZHBL - Каркасные скобы 90 / 38 (Минск)','Продажа каркасной скобы мелкого сечения для скобозабивного пистолета 90 / 38 в Минске. Всего за 41.40 руб / уп. +375 (29) 741-52-26',''),(239,1,'1.0239',39,'92_25','Скобы 92 / 25','','EMES',5,'59.40 руб / уп','ZHBL - Каркасные скобы 92 / 25 (Минск)','Продажа каркасной скобы среднего сечения для скобозабивного пистолета 92 / 25 в Минске. Всего за 59.40 руб / уп. +375 (29) 741-52-26',''),(240,2,'1.0240',39,'92_40','Скобы 92 / 40','','EMES',5,'41.40 руб / уп','ZHBL - Каркасные скобы 92 / 40 (Минск)','Продажа каркасной скобы среднего сечения для скобозабивного пистолета 92 / 40 в Минске. Всего за 41.40 руб / уп. +375 (29) 741-52-26',''),(241,1,'1.0241',40,'97_14','Скобы 97 / 14','\n  Аналог: BeA 97, Prebena O, Bostitch SX 4023, Senco W\n','EMES',5,'44.10 руб / уп','ZHBL - Обувные скобы 97 / 14 (Минск)','Продажа обувной скобы для скобозабивного пистолета 97 / 14 в Минске. Всего за 44.10 руб / уп. +375 (29) 741-52-26',''),(242,2,'1.0242',40,'97_16','Скобы 97 / 16','\n  Аналог: BeA 97, Prebena O, Bostitch SX 4023, Senco W\n','EMES',5,'38.10 руб / уп','ZHBL - Обувные скобы 97 / 16 (Минск)','Продажа обувной скобы для скобозабивного пистолета 97 / 16 в Минске. Всего за 38.10 руб / уп. +375 (29) 741-52-26',''),(243,1,'1.0243',41,'380_4','Скобы 380 / 4','\n  Аналог: BeA 80, 115, Prebena A, Bostitch 86/AZ33, Senco AT\n','ERGO',8,'35.80 руб / уп','ZHBL - Мебельные скобы 380 / 4 (Минск)','Продажа мебельной скобы для скобозабивного пистолета 380 / 4 в Минске. Всего за 35.80 руб / уп. +375 (29) 741-52-26',''),(244,2,'1.0244',41,'380_6','Скобы 380 / 6','\n  Аналог: BeA 80, 115, Prebena A, Bostitch 86/AZ33, Senco AT\n','ERGO',8,'36.50 руб / уп','ZHBL - Мебельные скобы 380 / 6 (Минск)','Продажа мебельной скобы для скобозабивного пистолета 380 / 6 в Минске. Всего за 36.50 руб / уп. +375 (29) 741-52-26',''),(245,3,'1.0245',41,'380_8','Скобы 380 / 8','\n  Аналог: BeA 80, 115, Prebena A, Bostitch 86/AZ33, Senco AT\n','ERGO',8,'25.10 руб / уп','ZHBL - Мебельные скобы 380 / 8 (Минск)','Продажа мебельной скобы для скобозабивного пистолета 380 / 8 в Минске. Всего за 25.10 руб / уп. +375 (29) 741-52-26',''),(246,4,'1.0246',41,'380_10','Скобы 380 / 10','\n  Аналог: BeA 80, 115, Prebena A, Bostitch 86/AZ33, Senco AT\n','ERGO',8,'27.90 руб / уп','ZHBL - Мебельные скобы 380 / 10 (Минск)','Продажа мебельной скобы для скобозабивного пистолета 380 / 10 в Минске. Всего за 27.90 руб / уп. +375 (29) 741-52-26',''),(247,5,'1.0247',41,'380_12','Скобы 380 / 12','\n  Аналог: BeA 80, 115, Prebena A, Bostitch 86/AZ33, Senco AT\n','ERGO',8,'23.80 руб / уп','ZHBL - Мебельные скобы 380 / 12 (Минск)','Продажа мебельной скобы для скобозабивного пистолета 380 / 12 в Минске. Всего за 23.80 руб / уп. +375 (29) 741-52-26',''),(248,6,'1.0248',41,'380_14','Скобы 380 / 14','\n  Аналог: BeA 80, 115, Prebena A, Bostitch 86/AZ33, Senco AT\n','ERGO',8,'21.50 руб / уп','ZHBL - Мебельные скобы 380 / 14 (Минск)','Продажа мебельной скобы для скобозабивного пистолета 380 / 14 в Минске. Всего за 21.50 руб / уп. +375 (29) 741-52-26',''),(249,7,'1.0249',41,'380_16','Скобы 380 / 16','\n  Аналог: BeA 80, 115, Prebena A, Bostitch 86/AZ33, Senco AT\n','ERGO',8,'19.30 руб / уп','ZHBL - Мебельные скобы 380 / 16 (Минск)','Продажа мебельной скобы для скобозабивного пистолета 380 / 4 в Минске. Всего за 19.30 руб / уп. +375 (29) 741-52-26',''),(250,1,'1.0250',42,'145_16','Скобы 145 / 16','','EMES',5,'127.10 руб / уп','ZHBL - Каркасные скобы 145 / 16 (Минск)','Продажа широкой каркасной скобы для скобозабивного пистолета 145 / 16 в Минске. Всего за 127.10 руб / уп. +375 (29) 741-52-26',''),(251,2,'1.0251',42,'145_21','Скобы 145 / 21','','EMES',5,'42.10 руб / уп','ZHBL - Каркасные скобы 145 / 21 (Минск)','Продажа широкой каркасной скобы для скобозабивного пистолета 145 / 16 в Минске. Всего за 42.10 руб / уп. +375 (29) 741-52-26',''),(252,1,'1.0252',43,'c_2','Скобы C / 2','','EMES',5,'89.30 руб / уп','ZHBL - Габионные скобы C / 2 (Минск)','Продажа габионной скобы для обжимного пистолета C / 2 зеленого цвета в Минске. Всего за 89.30 руб / уп. +375 (29) 741-52-26',''),(253,1,'1.0253',44,'c_3','Скобы C / 3','\n  Аналог: C-ring, Fasco OM16\n','EMES',5,'80.70 руб / уп','ZHBL - Обжимные скобы C / 3 (Минск)','Продажа обжимной скобы для обжимного пистолета C / 3 в Минске. Всего за 80.70 руб / уп. +375 (29) 741-52-26',''),(254,1,'1.0254',45,'cf_13','Скобы CF / 13','\n  Аналог: SENCO X, Omer CF\n','EMES',5,'83.30 руб / уп','ZHBL - Гофроскобы CF / 13 (Минск)','Продажа гофроскобы для мкобозабивного пистолета CF / 13 в Минске. Всего за 83.30 руб / уп. +375 (29) 741-52-26',''),(255,1,'1.0255',46,'k33_18','Скобы K 33 / 18','\n  Аналог: Omer 34, BeA Packfix A, Fasco Blue A, PREBENA B, SENCO XB, Bostitch A\n','EMES',5,'24.00 руб / уп','ZHBL - Упаковочные скобы K 33 / 18 (Минск)','Продажа упаковочной скобы для скобозабивного пистолета K 33 / 18 в Минске. Всего за 24.00 руб / уп. +375 (29) 741-52-26',''),(256,2,'1.0256',46,'k33_21','Скобы K 33 / 21','\n  Аналог: Omer 34, BeA Packfix A, Fasco Blue A, PREBENA B, SENCO XB, Bostitch A\n','EMES',5,'26.30 руб / уп','ZHBL - Упаковочные скобы K 33 / 21 (Минск)','Продажа упаковочной скобы для скобозабивного пистолета K 33 / 21 в Минске. Всего за 26.30 руб / уп. +375 (29) 741-52-26',''),(257,1,'1.0257',35,'s06_10','Шпильки S 0.6 / 10','\n  Аналог: Omer Pins 6, BeA S700, Bostitch Minipins, Fasco A64, Prebena AL, Senco CZ\n','EMES',5,'30.00 руб / уп','ZHBL - Шпильки без шляпки S 0.6 / 10 (Минск)','Продажа шпилек без шляпки для пневмоинструмента S 0.6 / 10 в Минске. Всего за 30.00 руб / уп. +375 (29) 741-52-26',''),(258,2,'1.0258',35,'s06_12','Шпильки S 0.6 / 12','\n  Аналог: Omer Pins 6, BeA S700, Bostitch Minipins, Fasco A64, Prebena AL, Senco CZ\n','EMES',5,'34.60 руб / уп','ZHBL - Шпильки без шляпки S 0.6 / 12 (Минск)','Продажа шпилек без шляпки для пневмоинструмента S 0.6 / 12 в Минске. Всего за 34.60 руб / уп. +375 (29) 741-52-26',''),(259,3,'1.0259',35,'s06_15','Шпильки S 0.6 / 15','\n  Аналог: Omer Pins 6, BeA S700, Bostitch Minipins, Fasco A64, Prebena AL, Senco CZ\n','EMES',5,'35.10 руб / уп','ZHBL - Шпильки без шляпки S 0.6 / 15 (Минск)','Продажа шпилек без шляпки для пневмоинструмента S 0.6 / 15 в Минске. Всего за 35.10 руб / уп. +375 (29) 741-52-26',''),(260,4,'1.0260',35,'s06_17','Шпильки S 0.6 / 17','\n  Аналог: Omer Pins 6, BeA S700, Bostitch Minipins, Fasco A64, Prebena AL, Senco CZ\n','EMES',5,'40.10 руб / уп','ZHBL - Шпильки без шляпки S 0.6 / 17 (Минск)','Продажа шпилек без шляпки для пневмоинструмента S 0.6 / 17 в Минске. Всего за 40.10 руб / уп. +375 (29) 741-52-26',''),(261,5,'1.0261',35,'s06_18','Шпильки S 0.6 / 18','\n  Аналог: Omer Pins 6, BeA S700, Bostitch Minipins, Fasco A64, Prebena AL, Senco CZ\n','EMES',5,'40.10 руб / уп','ZHBL - Шпильки без шляпки S 0.6 / 18 (Минск)','Продажа шпилек без шляпки для пневмоинструмента S 0.6 / 18 в Минске. Всего за 40.10 руб / уп. +375 (29) 741-52-26',''),(262,6,'1.0262',35,'s06_22','Шпильки S 0.6 / 22','\n  Аналог: Omer Pins 6, BeA S700, Bostitch Minipins, Fasco A64, Prebena AL, Senco CZ\n','EMES',5,'51.30 руб / уп','ZHBL - Шпильки без шляпки S 0.6 / 22 (Минск)','Продажа шпилек без шляпки для пневмоинструмента S 0.6 / 22 в Минске. Всего за 51.30 руб / уп. +375 (29) 741-52-26',''),(263,7,'1.0263',35,'s06_25','Шпильки S 0.6 / 25','\n  Аналог: Omer Pins 6, BeA S700, Bostitch Minipins, Fasco A64, Prebena AL, Senco CZ\n','EMES',5,'51.30 руб / уп','ZHBL - Шпильки без шляпки S 0.6 / 25 (Минск)','Продажа шпилек без шляпки для пневмоинструмента S 0.6 / 25 в Минске. Всего за 51.30 руб / уп. +375 (29) 741-52-26',''),(264,8,'1.0264',35,'s06_30','Шпильки S 0.6 / 30','\n  Аналог: Omer Pins 6, BeA S700, Bostitch Minipins, Fasco A64, Prebena AL, Senco CZ\n','EMES',5,'61.30 руб / уп','ZHBL - Шпильки без шляпки S 0.6 / 30 (Минск)','Продажа шпилек без шляпки для пневмоинструмента S 0.6 / 30 в Минске. Всего за 61.30 руб / уп. +375 (29) 741-52-26',''),(265,1,'1.0265',47,'st06_10','Штифты ST 0.6 / 10','\n  Аналог: Omer Brads 6, Fasco MICRO BRADS, Prebena J, Senco AX/AY\n','EMES',5,'40.00 руб / уп','ZHBL - Штифты со шляпкой ST 0.6 / 10 (Минск)','Продажа штифтов со шляпкой для пневмоинструмента ST 0.6 / 10 в Минске. Всего за 40.00 руб / уп. +375 (29) 741-52-26',''),(266,2,'1.0266',47,'st06_12','Штифты ST 0.6 / 12','\n  Аналог: Omer Brads 6, Fasco MICRO BRADS, Prebena J, Senco AX/AY\n','EMES',5,'46.00 руб / уп','ZHBL - Штифты со шляпкой ST 0.6 / 12 (Минск)','Продажа штифтов со шляпкой для пневмоинструмента ST 0.6 / 12 в Минске. Всего за 46.00 руб / уп. +375 (29) 741-52-26',''),(267,3,'1.0267',47,'st06_15','Штифты ST 0.6 / 15','\n  Аналог: Omer Brads 6, Fasco MICRO BRADS, Prebena J, Senco AX/AY\n','EMES',5,'Под заказ','ZHBL - Штифты со шляпкой ST 0.6 / 15 (Минск)','Продажа штифтов со шляпкой для пневмоинструмента ST 0.6 / 15 в Минске. Данная позиция только под заказ. +375 (29) 741-52-26',''),(268,4,'1.0268',47,'st06_17','Штифты ST 0.6 / 17','\n  Аналог: Omer Brads 6, Fasco MICRO BRADS, Prebena J, Senco AX/AY\n','EMES',5,'50.00 руб / уп','ZHBL - Штифты со шляпкой ST 0.6 / 17 (Минск)','Продажа штифтов со шляпкой для пневмоинструмента ST 0.6 / 17 в Минске. Всего за 50.00 руб / уп. +375 (29) 741-52-26',''),(269,5,'1.0269',47,'st06_18','Штифты ST 0.6 / 18','\n  Аналог: Omer Brads 6, Fasco MICRO BRADS, Prebena J, Senco AX/AY\n','EMES',5,'Под заказ','ZHBL - Штифты со шляпкой ST 0.6 / 18 (Минск)','Продажа штифтов со шляпкой для пневмоинструмента ST 0.6 / 18 в Минске. Данная позиция только под заказ. +375 (29) 741-52-26',''),(270,6,'1.0270',47,'st06_22','Штифты ST 0.6 / 22','\n  Аналог: Omer Brads 6, Fasco MICRO BRADS, Prebena J, Senco AX/AY\n','EMES',5,'70.00 руб / уп','ZHBL - Штифты со шляпкой ST 0.6 / 22 (Минск)','Продажа штифтов со шляпкой для пневмоинструмента ST 0.6 / 22 в Минске. Всего за 70.00 руб / уп. +375 (29) 741-52-26',''),(271,7,'1.0271',47,'st06_25','Штифты ST 0.6 / 25','\n  Аналог: Omer Brads 6, Fasco MICRO BRADS, Prebena J, Senco AX/AY\n','EMES',5,'55.00 руб / уп','ZHBL - Штифты со шляпкой ST 0.6 / 25 (Минск)','Продажа штифтов со шляпкой для пневмоинструмента ST 0.6 / 25 в Минске. Всего за 55.00 руб / уп. +375 (29) 741-52-26',''),(272,8,'1.0272',47,'st06_30','Штифты ST 0.6 / 30','\n  Аналог: Omer Brads 6, Fasco MICRO BRADS, Prebena J, Senco AX/AY\n','EMES',5,'Под заказ','ZHBL - Штифты со шляпкой ST 0.6 / 30 (Минск)','Продажа штифтов со шляпкой для пневмоинструмента ST 0.6 / 30 в Минске. Данная позиция только под заказ. +375 (29) 741-52-26',''),(273,2,'1.0273',48,'st12_15','Штифты ST 1.2 / 15','\n  Аналог: Omer Brads 12, BeA SK300, Fasco GN BRADS, Bostitch BT13, Prebena J, Senco AX/AY\n','EMES',5,'16.80 руб / уп','ZHBL - Штифты со шляпкой ST 1.2 / 15 (Минск)','Продажа штифтов со шляпкой для пневмоинструмента ST 1.2 / 15 в Минске. Всего за 16.80 руб / уп. +375 (29) 741-52-26',''),(274,3,'1.0274',48,'st12_19','Штифты ST 1.2 / 19','\n  Аналог: Omer Brads 12, BeA SK300, Fasco GN BRADS, Bostitch BT13, Prebena J, Senco AX/AY\n','EMES',5,'26.60 руб / уп','ZHBL - Штифты со шляпкой ST 1.2 / 19 (Минск)','Продажа штифтов со шляпкой для пневмоинструмента ST 1.2 / 19 в Минске. Всего за 26.60 руб / уп. +375 (29) 741-52-26',''),(275,4,'1.0275',48,'st12_25','Штифты ST 1.2 / 25','\n  Аналог: Omer Brads 12, BeA SK300, Fasco GN BRADS, Bostitch BT13, Prebena J, Senco AX/AY\n','EMES',5,'29.80 руб / уп','ZHBL - Штифты со шляпкой ST 1.2 / 25 (Минск)','Продажа штифтов со шляпкой для пневмоинструмента ST 1.2 / 25 в Минске. Всего за 29.80 руб / уп. +375 (29) 741-52-26',''),(276,5,'1.0276',48,'st12_30','Штифты ST 1.2 / 30','\n  Аналог: Omer Brads 12, BeA SK300, Fasco GN BRADS, Bostitch BT13, Prebena J, Senco AX/AY\n','EMES',5,'32.40 руб / уп','ZHBL - Штифты со шляпкой ST 1.2 / 30 (Минск)','Продажа штифтов со шляпкой для пневмоинструмента ST 1.2 / 30 в Минске. Всего за 32.40 руб / уп. +375 (29) 741-52-26',''),(277,6,'1.0277',48,'st12_35','Штифты ST 1.2 / 35','\n  Аналог: Omer Brads 12, BeA SK300, Fasco GN BRADS, Bostitch BT13, Prebena J, Senco AX/AY\n','EMES',5,'36.40 руб / уп','ZHBL - Штифты со шляпкой ST 1.2 / 35 (Минск)','Продажа штифтов со шляпкой для пневмоинструмента ST 1.2 / 35 в Минске. Всего за 36.40 руб / уп. +375 (29) 741-52-26',''),(278,7,'1.0278',48,'st12_38','Штифты ST 1.2 / 38','\n  Аналог: Omer Brads 12, BeA SK300, Fasco GN BRADS, Bostitch BT13, Prebena J, Senco AX/AY\n','EMES',5,'28.20 руб / уп','ZHBL - Штифты со шляпкой ST 1.2 / 38 (Минск)','Продажа штифтов со шляпкой для пневмоинструмента ST 1.2 / 38 в Минске. Всего за 28.20 руб / уп. +375 (29) 741-52-26',''),(279,8,'1.0279',48,'st12_45','Штифты ST 1.2 / 45','\n  Аналог: Omer Brads 12, BeA SK300, Fasco GN BRADS, Bostitch BT13, Prebena J, Senco AX/AY\n','EMES',5,'42.40 руб / уп','ZHBL - Штифты со шляпкой ST 1.2 / 45 (Минск)','Продажа штифтов со шляпкой для пневмоинструмента ST 1.2 / 45 в Минске. Всего за 42.40 руб / уп. +375 (29) 741-52-26',''),(280,9,'1.0280',48,'st12_50','Штифты ST 1.2 / 50','\n  Аналог: Omer Brads 12, BeA SK300, Fasco GN BRADS, Bostitch BT13, Prebena J, Senco AX/AY\n','EMES',5,'48.00 руб / уп','ZHBL - Штифты со шляпкой ST 1.2 / 50 (Минск)','Продажа штифтов со шляпкой для пневмоинструмента ST 1.2 / 50 в Минске. Всего за 48.00 руб / уп. +375 (29) 741-52-26',''),(281,12,'1.0281',7,'shlang_tbpvm19127az','Шланг ПВХ<br/> TBPVM 191 27 AZ','','AIGNEP',3,'6.70 руб / м','ZHBL - Шланг ПВХ 12.7 х 19 мм AIGNEP (Минск)','Продажа ПВХ шлангов диаметром 12.7 х 19 мм бренда AIGNEP в Минске. +375 (29) 741-52-26',''),(282,13,'1.0282',7,'shlang_tbpvm02316az','Шланг ПВХ<br/> TBPVM 023 16 AZ','','AIGNEP',3,'9.10 руб / м','ZHBL - Шланг ПВХ 16 х 23 мм AIGNEP (Минск)','Продажа ПВХ шлангов диаметром 16 х 23 мм бренда AIGNEP в Минске. +375 (29) 741-52-26',''),(283,4,'1.0283',8,'bachok_52007w','Алюминиевый бачок 500 мл<br/> 52007/W','Данный бачок подходит для краскопультов WALCOM следующих серий: EGO CARBONIO, EGO, SLIM XLIGHT, SLIM.\n','WALCOM',3,'85.00 руб / шт','ZHBL - Алюминиевый бачок 500 мл WALCOM 52007/W (Минск)','Алюминиевый бачок для краски 500 мл WALCOM 52007/W для краскопультов серий Ego Carbonio, Ego, Slim, Xlight в Минске. Всего за 85.00 руб. +375 (29) 741-52-52','бачок для краски, алюминиевый бачок для краски, бачок для краскопульта, алюминиевый бачок для краскопульта, бачок для xlight, бачок для краскопульта xlight, бачок для ego, бачок для краскопульта ego, бачок для slim, бачок для краскопульта slim, бачок для ego carbonio, бачок для краскопульта ego carbonio, бачок для краски 500, бачок для краски 500 мл, бачок для краскопульта 500 мл, бачок для краски walcom, бачок для краскопульта walcom, бачок для краскопульта walcom 500 мл, бачок для slim 500 мл, бачок для xlight 500 мл'),(284,6,'1.0284',8,'bachok_52005w','Алюминиевый бачок 750 мл<br/> 52005/W','Данный бачок подходит для краскопультов WALCOM следующих серий: EGO CARBONIO, EGO, SLIM XLIGHT, SLIM.\n','WALCOM',3,'85.00 руб / шт','ZHBL - Алюминиевый бачок 750 мл WALCOM 52005/W (Минск)','Алюминиевый бачок для краски 750 мл WALCOM 52005/W для краскопультов серий Ego Carbonio, Ego,Slim, Xlightв Минске. Всего за 85.00 руб. +375 (29) 741-52-51','бачок для краски, алюминиевый бачок для краски, бачок для краскопульта, алюминиевый бачок для краскопульта, бачок для xlight, бачок для краскопульта xlight, бачок для ego, бачок для краскопульта ego, бачок для slim, бачок для краскопульта slim, бачок для ego carbonio, бачок для краскопульта ego carbonio, бачок для краски 750, бачок для краски 750 мл, бачок для краскопульта 750 мл, бачок для краски walcom, бачок для краскопульта walcom, бачок для краскопульта walcom 750 мл, бачок для slim 750 мл, бачок для xlight 750 мл'),(285,7,'1.0285',8,'bachok_52010w','Пластиковый бачок 680 мл<br/> 52010/W','Данный бачок подходит для краскопультов WALCOM следующих серий: EGO CARBONIO, EGO, SLIM XLIGHT, SLIM.\n','WALCOM',3,'110.00 руб / шт','ZHBL - Пластиковый бачок 680 мл WALCOM 52010/W (Минск)','Пластиковый бачок для краски 680 мл WALCOM 52010/W для краскопультов серий Ego Carbonio, Ego, Slim, Xlight в Минске. Всего за 110.00 руб. +375 (29) 741-52-53','бачок для краски, пластиковый бачок для краски, бачок для краскопульта, пластиковый бачок для краскопульта, бачок для xlight, бачок для краскопульта xlight, бачок для ego, бачок для краскопульта ego, бачок для slim, бачок для краскопульта slim, бачок для ego carbonio, бачок для краскопульта ego carbonio, бачок для краски 680, бачок для краски 680 мл, бачок для краскопульта 680 мл, бачок для краски walcom, бачок для краскопульта walcom, бачок для краскопульта walcom 680 мл, бачок для slim 680 мл, бачок для xlight 680 мл'),(286,1,'1.0286',9,'krishka_90128','Защитная крышка для манометра 90128','Защитная крышка для манометра из прозрачного, ударопрочного и устойчивого к воздействию растворителей пластика. ','WALCOM',3,'10.00 руб / шт','ZHBL - Защитная крышка для манометра WALCOM 90128 (Минск)','Защитная крышка для манометра WALCOM 90128 в Минске. Всего за 10.00 руб. +375 (29) 741-52-49','защитная крышка, защитная крышка для манометра, защитная крышка для краскопульта, крышка на манометр, крышка на манометр walcom, защитная крышка walcom, защитная крышка для манометра walcom'),(287,2,'1.0287',9,'regulyator_90106w','Регулятор давления 90106/W','Регулятор давления сжатого воздуха для краскораспылителей. Регулятор изготовлен из высококачественной латуни.','WALCOM',3,'50.00 руб / шт','ZHBL - Регулятор давления WALCOM 90106/W (Минск)','Регуляторы давления WALCOM 90106/W в Минске. Всего за 50.00 руб. +375 (29) 741-52-48','регулятор давления, регулятор, регулятор walcom, регулятор давления walcom, регулятор давления для краскопульта walcom, регулятор давления для пневмоинструмента, регулятор давления для краскопульта, регулятор давления для краскопульта walcom'),(288,3,'1.0288',9,'manometr_61306','Манометр 61306','Манометр для регулирования входного давления в краскопульт. Корпус манометра изготовлен из металла и имеет стеклянное окошко.','WALCOM',3,'60.00 руб / шт','ZHBL - Манометр WALCOM 61306 (Минск)','Манометр WALCOM 61306 в Минске. Всего за 60.00 руб. +375 (29) 741-52-50','манометр, манометр walcom, манометр walmec, манометр для регулятора давления, манометр для прессостата, манометр для давления, манометр для редуктора давления, манометр для давления walcom'),(289,5,'1.0289',37,'14lc_50','Скобы 14 LC / 50','','EMES',5,'163.00 руб / уп','ZHBL - Каркасные скобы 14 LC / 50 (Минск)','Продажа каркасной скобы крупного сечения для скобозабивного пистолета 14 LC / 50 в Минске. Всего за 163.00 руб / уп. +375 (29) 741-52-26',''),(290,3,'1.0290',37,'14lc_35','Скобы 14 LC / 35','','EMES',5,'174.60 руб / уп','ZHBL - Каркасные скобы 14 LC / 35 (Минск)','Продажа каркасной скобы крупного сечения для скобозабивного пистолета 14 LC / 35 в Минске. Всего за 174.60 руб / уп. +375 (29) 741-52-26',''),(291,1,'1.0291',48,'st12_13','Штифты ST 1.2 / 13','','EMES',5,'15.20 руб / уп','ZHBL - Штифты со шляпкой ST 1.2 / 13 (Минск)','Продажа штифтов со шляпкой для пневмоинструмента ST 1.2 / 13 в Минске. Всего за 15.20 руб / уп. +375 (29) 741-52-26',''),(292,1,'1.0292',49,'st16_30','Штифты ST 1.6 / 30','','EMES',5,'34.70 руб / уп','ZHBL - Штифты со шляпкой ST 1.6 / 30 (Минск)','Продажа штифтов со шляпкой для пневмоинструмента ST 1.6 / 30 в Минске. Всего за 34.70 руб / уп. +375 (29) 741-52-26',''),(293,2,'1.0293',49,'st16_45','Штифты ST 1.6 / 45','','EMES',5,'42.60 руб / уп','ZHBL - Штифты со шляпкой ST 1.6 / 45 (Минск)','Продажа штифтов со шляпкой для пневмоинструмента ST 1.6 / 45 в Минске. Всего за 42.60 руб / уп. +375 (29) 741-52-26','');
/*!40000 ALTER TABLE `items` ENABLE KEYS */;
UNLOCK TABLES;

--
-- Table structure for table `options`
--

DROP TABLE IF EXISTS `options`;
/*!40101 SET @saved_cs_client     = @@character_set_client */;
/*!50503 SET character_set_client = utf8mb4 */;
CREATE TABLE `options` (
  `id` bigint unsigned NOT NULL AUTO_INCREMENT,
  `item_id` bigint unsigned NOT NULL,
  `position` int unsigned NOT NULL,
  `name` varchar(50) NOT NULL,
  `value` varchar(150) NOT NULL,
  `show_item` int DEFAULT '1',
  `show_menu` int DEFAULT '0',
  `is_dropdown` int DEFAULT '0',
  PRIMARY KEY (`id`),
  UNIQUE KEY `id` (`id`),
  KEY `item_id` (`item_id`),
  CONSTRAINT `options_ibfk_1` FOREIGN KEY (`item_id`) REFERENCES `items` (`id`) ON DELETE CASCADE ON UPDATE CASCADE
) ENGINE=InnoDB AUTO_INCREMENT=1119 DEFAULT CHARSET=utf8mb4 COLLATE=utf8mb4_0900_ai_ci;
/*!40101 SET character_set_client = @saved_cs_client */;

--
-- Dumping data for table `options`
--

LOCK TABLES `options` WRITE;
/*!40000 ALTER TABLE `options` DISABLE KEYS */;
INSERT INTO `options` VALUES (1,1,1,'Материал','Алюминий',1,1,0),(2,1,2,'Объем','750 мл',1,1,0),(3,1,3,'Вес','158 г',1,0,0),(4,1,4,'Резьба','M 16x1.5',1,1,0),(5,2,1,'Материал','Пластик',1,0,0),(6,2,2,'Объем','680 мл',1,1,0),(7,2,3,'Вес','170 г',1,0,0),(8,2,4,'Резьба','M 12x1',1,1,0),(9,3,1,'Материал','Пластик',1,0,0),(10,3,2,'Объем','180 мл',1,1,0),(11,3,3,'Вес','100 г',1,0,0),(12,3,4,'Резьба','M 12x1',1,1,0),(13,4,1,'Материал','Пластик',1,0,0),(14,4,2,'Объем','180 мл',1,1,0),(15,4,3,'Вес','100 г',1,0,0),(16,4,4,'Резьба','M 12x1',1,1,0),(17,5,1,'Материал','Пластик',1,0,0),(18,5,2,'Объем','75 мл',1,1,0),(19,5,3,'Вес','50 г',1,0,0),(20,5,4,'Резьба','M 12x1',1,1,0),(21,6,1,'Материал','Пластик',1,0,0),(22,6,2,'Объем','680 мл',1,1,0),(23,6,3,'Вес','170 г',1,0,0),(24,6,4,'Резьба','M 16 x 1.5',1,1,0),(25,7,1,'Материал','Пластик',1,0,0),(26,7,2,'Объем','680 мл',1,1,0),(27,7,3,'Вес','170 г',1,0,0),(28,7,4,'Резьба','M 16 x 1.5',1,1,0),(29,283,1,'Материал','Пластик',1,0,0),(30,283,2,'Объем','500 мл',1,1,0),(31,283,3,'Вес','116 г',1,0,0),(32,283,4,'Резьба','M 12x1',1,1,0),(33,284,1,'Материал','Пластик',1,0,0),(34,284,2,'Объем','750 мл',1,1,0),(35,284,3,'Вес','158 г',1,0,0),(36,284,4,'Резьба','M 12x1',1,1,0),(37,285,1,'Материал','Пластик',1,0,0),(38,285,2,'Объем','680 мл',1,1,0),(39,285,3,'Вес','235 г',1,0,0),(40,285,4,'Резьба','M 12x1',1,1,0),(41,8,1,'Вес','152 гр',1,0,0),(42,9,2,'Диаметр','40 мм',1,0,0),(43,8,3,'Наружная резьба','1/4\"',1,1,0),(44,8,4,'Внутреняя резьба','1/4\"',1,1,0),(45,8,5,'Рабочее давление','0 - 10 бар',1,1,0),(46,9,1,'Вес','138 гр',1,0,0),(47,9,2,'Диаметр','40 мм',1,0,0),(48,9,3,'Наружная резьба','1/4\"',1,1,0),(49,9,4,'Внутреняя резьба','1/4\"',1,1,0),(50,9,5,'Рабочее давление','0 - 10 бар',1,1,0),(51,10,1,'Вес','127 гр',1,0,0),(52,10,2,'Наружная резьба','1/4\"',1,1,0),(53,10,3,'Внутреняя резьба','1/4\"',1,1,0),(54,10,4,'Рабочее давление','0 - 12 бар',1,1,0),(55,10,5,'Угол регулирования','30°',1,0,0),(56,286,1,'Вес','10 гр',1,0,0),(57,286,2,'Диаметр','39 - 43 мм',1,1,0),(58,287,4,'Вес','68 гр',1,0,0),(59,287,2,'Наружная резьба','1/4\"',1,1,0),(60,287,3,'Внутреняя резьба','1/4\"',1,1,0),(61,288,1,'Вес','70 гр',1,0,0),(62,288,2,'Наружная резьба','1/4\"',1,1,0),(63,121,1,'Объем ресивера','24 л',1,1,0),(64,121,2,'Цилиндры / Ступени','1 / 1',1,0,0),(65,121,3,'Объем всасывания','200 л / мин',1,1,0),(66,121,4,'Максимальное давление','8 атм',1,1,0),(67,121,5,'Мощность электродвигателя','1.5 кВт',1,1,0),(68,121,6,'Напряжение','220 В',1,0,0),(69,121,7,'Вес','27 кг',1,0,0),(70,121,8,'Габариты','620 х 300 х 600 мм',1,0,0),(71,122,1,'Объем ресивера','24 л',1,1,0),(72,122,2,'Цилиндры / Ступени','1 / 1',1,0,0),(73,122,3,'Объем всасывания','260 л / мин',1,1,0),(74,122,4,'Максимальное давление','8 атм',1,1,0),(75,122,5,'Мощность электродвигателя','1.8 кВт',1,1,0),(76,122,6,'Напряжение','220 В',1,0,0),(77,122,7,'Вес','28 кг',1,0,0),(78,122,8,'Габариты','600 х 280 х 680 мм',1,0,0),(79,123,1,'Объем ресивера','50 л',1,1,0),(80,123,2,'Цилиндры / Ступени','1 / 1',1,0,0),(81,123,3,'Объем всасывания','200 л / мин',1,1,0),(82,123,4,'Максимальное давление','8 атм',1,1,0),(83,123,5,'Мощность электродвигателя','1.5 кВт',1,1,0),(84,123,6,'Напряжение','220 В',1,0,0),(85,123,7,'Вес','39 кг',1,0,0),(86,123,8,'Габариты','840 х 435 х 680 мм',1,0,0),(87,124,1,'Объем ресивера','50 л',1,1,0),(88,124,2,'Цилиндры / Ступени','1 / 1',1,0,0),(89,124,3,'Объем всасывания','260 л / мин',1,1,0),(90,124,4,'Максимальное давление','8 атм',1,1,0),(91,124,5,'Мощность электродвигателя','1.8 кВт',1,1,0),(92,124,6,'Напряжение','220 В',1,0,0),(93,124,7,'Вес','41 кг',1,0,0),(94,124,8,'Габариты','850 х 400 х 740 мм',1,0,0),(95,125,1,'Объем ресивера','50 л',1,1,0),(96,125,2,'Цилиндры / Ступени','2 / 1',1,0,0),(97,125,3,'Объем всасывания','400 л / мин',1,1,0),(98,125,4,'Максимальное давление','8 атм',1,1,0),(99,125,5,'Мощность электродвигателя','2.2 кВт',1,1,0),(100,125,6,'Напряжение','220 В',1,0,0),(101,125,7,'Вес','58 кг',1,0,0),(102,125,8,'Габариты','850 х 435 х 725 мм',1,0,0),(103,126,1,'Объем ресивера','100 л',1,1,0),(104,126,2,'Цилиндры / Ступени','2 / 1',1,0,0),(105,126,3,'Объем всасывания','400 л / мин',1,1,0),(106,126,4,'Максимальное давление','8 атм',1,1,0),(107,126,5,'Мощность электродвигателя','2.2 кВт',1,1,0),(108,126,6,'Напряжение','220 В',1,0,0),(109,126,7,'Вес','74 кг',1,0,0),(110,126,8,'Габариты','1080 х 490 х 805 мм',1,0,0),(111,127,1,'Объем ресивера','50 л',1,1,0),(112,127,2,'Цилиндры / Ступени','2 / 1',1,0,0),(113,127,3,'Объем всасывания','360 л / мин',1,1,0),(114,127,4,'Максимальное давление','10 атм',1,1,0),(115,127,5,'Мощность электродвигателя','2.2 кВт',1,1,0),(116,127,6,'Напряжение','220 В',1,0,0),(117,127,7,'Вес','74 кг',1,0,0),(118,127,8,'Габариты','820 х 440 х 750 мм',1,0,0),(119,128,1,'Объем ресивера','50 л',1,1,0),(120,128,2,'Цилиндры / Ступени','2 / 1',1,0,0),(121,128,3,'Объем всасывания','360 л / мин',1,1,0),(122,128,4,'Максимальное давление','10 атм',1,1,0),(123,128,5,'Мощность электродвигателя','2.2 кВт',1,1,0),(124,128,6,'Напряжение','360 В',1,0,0),(125,128,7,'Вес','74 кг',1,0,0),(126,128,8,'Габариты','820 х 440 х 750 мм',1,0,0),(127,129,1,'Объем ресивера','100 л',1,1,0),(128,129,2,'Цилиндры / Ступени','2 / 1',1,0,0),(129,129,3,'Объем всасывания','360 л / мин',1,1,0),(130,129,4,'Максимальное давление','10 атм',1,1,0),(131,129,5,'Мощность электродвигателя','2.2 кВт',1,1,0),(132,129,6,'Напряжение','220 В',1,0,0),(133,129,7,'Вес','86 кг',1,0,0),(134,129,8,'Габариты','1100 х 490 х 830 мм',1,0,0),(135,130,1,'Объем ресивера','100 л',1,1,0),(136,130,2,'Цилиндры / Ступени','2 / 1',1,0,0),(137,130,3,'Объем всасывания','360 л / мин',1,1,0),(138,130,4,'Максимальное давление','10 атм',1,1,0),(139,130,5,'Мощность электродвигателя','2.2 кВт',1,1,0),(140,130,6,'Напряжение','380 В',1,0,0),(141,130,7,'Вес','86 кг',1,0,0),(142,130,8,'Габариты','1100 х 490 х 830 мм',1,0,0),(143,131,1,'Объем ресивера','50 л',1,1,0),(144,131,2,'Цилиндры / Ступени','2 / 1',1,0,0),(145,131,3,'Объем всасывания','420 л / мин',1,1,0),(146,131,4,'Максимальное давление','10 атм',1,1,0),(147,131,5,'Мощность электродвигателя','2.2 кВт',1,1,0),(148,131,6,'Напряжение','220 В',1,0,0),(149,131,7,'Вес','80 кг',1,0,0),(150,131,8,'Габариты','850 х 400 х 770 мм',1,0,0),(151,132,1,'Объем ресивера','50 л',1,1,0),(152,132,2,'Цилиндры / Ступени','2 / 1',1,0,0),(153,132,3,'Объем всасывания','420 л / мин',1,1,0),(154,132,4,'Максимальное давление','10 атм',1,1,0),(155,132,5,'Мощность электродвигателя','2.2 кВт',1,1,0),(156,132,6,'Напряжение','380 В',1,0,0),(157,132,7,'Вес','80 кг',1,0,0),(158,132,8,'Габариты','850 х 400 х 770 мм',1,0,0),(159,133,1,'Объем ресивера','100 л',1,1,0),(160,133,2,'Цилиндры / Ступени','2 / 1',1,0,0),(161,133,3,'Объем всасывания','420 л / мин',1,1,0),(162,133,4,'Максимальное давление','10 атм',1,1,0),(163,133,5,'Мощность электродвигателя','2.2 кВт',1,1,0),(164,133,6,'Напряжение','220 В',1,0,0),(165,133,7,'Вес','90 кг',1,0,0),(166,133,8,'Габариты','1150 х 190 х 850 мм',1,0,0),(167,134,1,'Объем ресивера','100 л',1,1,0),(168,134,2,'Цилиндры / Ступени','2 / 1',1,0,0),(169,134,3,'Объем всасывания','420 л / мин',1,1,0),(170,134,4,'Максимальное давление','10 атм',1,1,0),(171,134,5,'Мощность электродвигателя','2.2 кВт',1,1,0),(172,134,6,'Напряжение','380 В',1,0,0),(173,134,7,'Вес','90 кг',1,0,0),(174,134,8,'Габариты','1150 х 490 х 850 мм',1,0,0),(175,135,1,'Объем ресивера','200 л',1,1,0),(176,135,2,'Цилиндры / Ступени','2 / 1',1,0,0),(177,135,3,'Объем всасывания','420 л / мин',1,1,0),(178,135,4,'Максимальное давление','10 атм',1,1,0),(179,135,5,'Мощность электродвигателя','2.2 кВт',1,1,0),(180,135,6,'Напряжение','220 В',1,0,0),(181,135,7,'Вес','126 кг',1,0,0),(182,135,8,'Габариты','1550 х 560 х 1000 мм',1,0,0),(183,136,1,'Объем ресивера','200 л',1,1,0),(184,136,2,'Цилиндры / Ступени','2 / 1',1,0,0),(185,136,3,'Объем всасывания','420 л / мин',1,1,0),(186,136,4,'Максимальное давление','10 атм',1,1,0),(187,136,5,'Мощность электродвигателя','2.2 кВт',1,1,0),(188,136,6,'Напряжение','380 В',1,0,0),(189,136,7,'Вес','126 кг',1,0,0),(190,136,8,'Габариты','1550 х 560 х 1000 мм',1,0,0),(191,137,1,'Объем ресивера','100 л',1,1,0),(192,137,2,'Цилиндры / Ступени','3 / 1',1,0,0),(193,137,3,'Объем всасывания','580 л / мин',1,1,0),(194,137,4,'Максимальное давление','10 атм',1,1,0),(195,137,5,'Мощность электродвигателя','3.0 кВт',1,1,0),(196,137,6,'Напряжение','380 В',1,0,0),(197,137,7,'Вес','100 кг',1,0,0),(198,137,8,'Габариты','1130 х 500 х 880 мм',1,0,0),(199,138,1,'Объем ресивера','200 л',1,1,0),(200,138,2,'Цилиндры / Ступени','3 / 1',1,0,0),(201,138,3,'Объем всасывания','580 л / мин',1,1,0),(202,138,4,'Максимальное давление','10 атм',1,1,0),(203,138,5,'Мощность электродвигателя','3.0 кВт',1,1,0),(204,138,6,'Напряжение','380 В',1,0,0),(205,138,7,'Вес','140 кг',1,0,0),(206,138,8,'Габариты','1460 х 640 х 1150 мм',1,0,0),(207,139,1,'Объем ресивера','100 л',1,1,0),(208,139,2,'Цилиндры / Ступени','2 / 1',1,0,0),(209,139,3,'Объем всасывания','690 л / мин',1,1,0),(210,139,4,'Максимальное давление','10 атм',1,1,0),(211,139,5,'Мощность электродвигателя','4.0 кВт',1,1,0),(212,139,6,'Напряжение','380 В',1,0,0),(213,139,7,'Вес','130 кг',1,0,0),(214,139,8,'Габариты','1150 х 500 х 1000 мм',1,0,0),(215,140,1,'Объем ресивера','270 л',1,1,0),(216,140,2,'Цилиндры / Ступени','2 / 1',1,0,0),(217,140,3,'Объем всасывания','690 л / мин',1,1,0),(218,140,4,'Максимальное давление','10 атм',1,1,0),(219,140,5,'Мощность электродвигателя','4.0 кВт',1,1,0),(220,140,6,'Напряжение','380 В',1,0,0),(221,140,7,'Вес','180 кг',1,0,0),(222,140,8,'Габариты','1590 х 500 х 1100 мм',1,0,0),(223,141,1,'Объем ресивера','100 л',1,1,0),(224,141,2,'Цилиндры / Ступени','3 / 1',1,0,0),(225,141,3,'Объем всасывания','950 л / мин',1,1,0),(226,141,4,'Максимальное давление','10 атм',1,1,0),(227,141,5,'Мощность электродвигателя','5.5 кВт',1,1,0),(228,141,6,'Напряжение','380 В',1,0,0),(229,141,7,'Вес','143 кг',1,0,0),(230,141,8,'Габариты','1150 х 505 х 1150 мм',1,0,0),(231,142,1,'Объем ресивера','270 л',1,1,0),(232,142,2,'Цилиндры / Ступени','3 / 1',1,0,0),(233,142,3,'Объем всасывания','950 л / мин',1,1,0),(234,142,4,'Максимальное давление','10 атм',1,1,0),(235,142,5,'Мощность электродвигателя','5.5 кВт',1,1,0),(236,142,6,'Напряжение','380 В',1,0,0),(237,142,7,'Вес','195 кг',1,0,0),(238,142,8,'Габариты','1650 х 510 х 1150 мм',1,0,0),(239,143,1,'Объем ресивера','500 л',1,1,0),(240,143,2,'Цилиндры / Ступени','3 / 1',1,0,0),(241,143,3,'Объем всасывания','950 л / мин',1,1,0),(242,143,4,'Максимальное давление','10 атм',1,1,0),(243,143,5,'Мощность электродвигателя','5.5 кВт',1,1,0),(244,143,6,'Напряжение','380 В',1,0,0),(245,143,7,'Вес','230 кг',1,0,0),(246,143,8,'Габариты','2000 х 610 х 1250 мм',1,0,0),(247,144,1,'Объем ресивера','500 л',1,1,0),(248,144,2,'Цилиндры / Ступени','4 / 2',1,0,0),(249,144,3,'Объем всасывания','1400 л / мин',1,1,0),(250,144,4,'Максимальное давление','10 атм',1,1,0),(251,144,5,'Мощность электродвигателя','7.5 кВт',1,1,0),(252,144,6,'Напряжение','380 В',1,0,0),(253,144,7,'Вес','340 кг',1,0,0),(254,144,8,'Габариты','2000 х 610 х 1250 мм',1,0,0),(255,145,1,'Объем ресивера','500 л',1,1,0),(256,145,2,'Цилиндры / Ступени','4 / 2',1,0,0),(257,145,3,'Объем всасывания','1700 л / мин',1,1,0),(258,145,4,'Максимальное давление','10 атм',1,1,0),(259,145,5,'Мощность электродвигателя','11.0 кВт',1,1,0),(260,145,6,'Напряжение','380 В',1,0,0),(261,145,7,'Вес','340 кг',1,0,0),(262,145,8,'Габариты','2000 х 615 х 1250 мм',1,0,0),(263,146,1,'Рабочее давление','0.5 - 2.5 бар',1,0,0),(264,146,2,'Расход воздуха','145 л / мин при 2 бар',1,1,0),(265,146,3,'Ширина факела','150 - 180 мм',1,1,0),(266,146,5,'Бачки','75 и 180 мл (Пластик)',1,0,0),(267,146,6,'Вес','190 г',1,1,0),(268,147,1,'Рабочее давление','0.5 - 2.5 бар',1,0,0),(269,147,2,'Расход воздуха','160 л / мин при 2 бар',1,1,0),(270,147,3,'Ширина факела','150 - 180 мм',1,1,0),(271,147,5,'Бачки','75 и 180 мл (Пластик)',1,0,0),(272,147,6,'Вес','190 г',1,1,0),(273,148,1,'Рабочее давление','2.0 бар',1,0,0),(274,148,2,'Расход воздуха','380 л / мин',1,1,0),(275,148,3,'Ширина факела','320 - 340 мм',1,1,0),(276,148,5,'Бачок','680 мл (Пластик)',1,0,0),(277,148,6,'Вес','360 г',1,1,0),(278,149,1,'Рабочее давление','2.0 бар',1,0,0),(279,149,2,'Расход воздуха','350 л / мин',1,1,0),(280,149,3,'Ширина факела','360 - 380 мм',1,1,0),(281,149,5,'Бачки','680 мл (Пластик)',1,0,0),(282,149,6,'Вес','340 г',1,1,0),(283,150,1,'Рабочее давление','2.0 бар',1,0,0),(284,150,2,'Расход воздуха','360 л / мин',1,1,0),(285,150,3,'Ширина факела','300 - 320 мм',1,1,0),(286,150,5,'Бачки','680 мл (Пластик)',1,0,0),(287,150,6,'Вес','360 г',1,1,0),(288,151,1,'Рабочее давление','2.0 бар',1,0,0),(289,151,2,'Расход воздуха','380 л / мин',1,1,0),(290,151,3,'Ширина факела','320 - 340 мм',1,1,0),(291,151,5,'Бачки','680 мл (Пластик)',1,0,0),(292,151,6,'Вес','360 г',1,1,0),(293,152,1,'Рабочее давление','2.0 бар',1,0,0),(294,152,2,'Расход воздуха','350 л / мин',1,1,0),(295,152,3,'Ширина факела','360 - 380 мм',1,1,0),(296,152,5,'Бачки','680 мл (Пластик)',1,0,0),(297,152,6,'Вес','340 г',1,1,0),(298,153,1,'Рабочее давление','2.0 бар',1,0,0),(299,153,2,'Расход воздуха','360 л / мин',1,1,0),(300,153,3,'Ширина факела','300 - 320 мм',1,1,0),(301,153,5,'Бачки','680 мл (Пластик)',1,0,0),(302,153,6,'Вес','360 г',1,1,0),(303,154,1,'Рабочее давление','2.0 бар',1,0,0),(304,154,2,'Расход воздуха','350 л / мин',1,1,0),(305,154,3,'Ширина факела','360 - 380 мм',1,1,0),(306,154,5,'Бачки','680 мл (Пластик)',1,0,0),(307,154,6,'Вес','340 г',1,1,0),(308,155,1,'Рабочее давление','2.0 бар',1,0,0),(309,155,2,'Расход воздуха','425 л / мин',1,1,0),(310,155,3,'Ширина факела','280 - 300 мм',1,1,0),(311,155,5,'Бачки','680 мл (Пластик)',1,0,0),(312,155,6,'Вес','360 г',1,1,0),(313,156,1,'Рабочее давление','2.0 бар',1,0,0),(314,156,2,'Расход воздуха','425 л / мин',1,1,0),(315,156,3,'Ширина факела','280 - 300 мм',1,1,0),(316,156,5,'Бачки','680 мл (Пластик)',1,0,0),(317,156,6,'Вес','360 г',1,1,0),(318,157,1,'Рабочее давление','2.0 бар',1,0,0),(319,157,2,'Расход воздуха','150 л / мин',1,1,0),(320,157,3,'Ширина факела','100 - 160 мм',1,1,0),(321,157,5,'Бачки','75 и 180 мл (Пластик)',1,0,0),(322,157,6,'Вес','295 г',1,1,0),(323,159,1,'Рабочее давление','2.0 - 2.5 бар',1,0,0),(324,159,2,'Расход воздуха','300 - 340 л / мин',1,1,0),(325,159,3,'Ширина факела','260 - 280 мм',1,1,0),(326,159,5,'Бачок','750 мл (Алюминий)',1,0,0),(327,159,6,'Вес','565 г',1,1,0),(328,160,1,'Рабочее давление','2.0 - 2.5 бар',1,0,0),(329,160,2,'Расход воздуха','300 - 340 л / мин',1,1,0),(330,160,3,'Ширина факела','260 - 280 мм',1,1,0),(331,160,5,'Подача ЛКМ','Нижняя под давлением',1,0,0),(332,160,6,'Входной фитинг','М1/4\"',1,0,0),(333,160,7,'Вес','605 г',1,1,0),(334,161,1,'Рабочее давление','2.0 - 2.5 бар',1,0,0),(335,161,2,'Расход воздуха','300 - 340 л / мин',1,1,0),(336,161,3,'Ширина факела','260 - 280 мм',1,1,0),(337,161,5,'Бачок-автоклав','1000 мл (Алюминий)',1,0,0),(338,161,6,'Вес','605 г',1,1,0),(339,162,1,'Рабочее давление','2.0 - 2.5 бар',1,0,0),(340,162,2,'Расход воздуха','310 - 350 л / мин',1,1,0),(341,162,3,'Ширина факела','220 - 240 мм',1,1,0),(342,162,5,'Бачок','680 мл (Пластик)',1,0,0),(343,162,6,'Вес','565 г',1,1,0),(344,163,1,'Рабочее давление','2.0 - 2.5 бар',1,0,0),(345,163,2,'Расход воздуха','310 - 350 л / мин',1,1,0),(346,163,3,'Ширина факела','220 - 240 мм',1,1,0),(347,163,5,'Подача ЛКМ','Нижняя под давлением',1,0,0),(348,163,6,'Входной фитинг','М1/4\"',1,0,0),(349,163,7,'Вес','605 г',1,1,0),(350,164,1,'Рабочее давление','2.0 - 2.5 бар',1,0,0),(351,164,2,'Расход воздуха','310 - 350 л / мин',1,1,0),(352,164,3,'Ширина факела','220 - 240 мм',1,1,0),(353,164,5,'Бачок-автоклав','1000 мл (Алюминий)',1,0,0),(354,164,6,'Вес','605 г',1,1,0),(355,165,1,'Рабочее давление','2.0 - 2.5 бар',1,0,0),(356,165,2,'Расход воздуха','320 - 360 л / мин',1,1,0),(357,165,3,'Ширина факела','240 - 260 мм',1,1,0),(358,165,5,'Бачок','680 мл (Пластик)',1,0,0),(359,165,6,'Вес','560 г',1,1,0),(360,166,1,'Рабочее давление','2.0 - 2.5 бар',1,0,0),(361,166,2,'Расход воздуха','320 - 360 л / мин',1,1,0),(362,166,3,'Ширина факела','240 - 260 мм',1,1,0),(363,166,5,'Подача ЛКМ','Нижняя под давлением',1,0,0),(364,166,6,'Входной фитинг','М1/4\"',1,0,0),(365,166,7,'Вес','600 г',1,1,0),(366,167,1,'Рабочее давление','2.0 - 2.5 бар',1,0,0),(367,167,2,'Расход воздуха','320 - 360 л / мин',1,1,0),(368,167,3,'Ширина факела','240 - 260 мм',1,1,0),(369,167,5,'Бачок','1000 мл (Алюминий)',1,0,0),(370,167,6,'Вес','600 г',1,1,0),(371,168,1,'Рабочее давление','2.0 - 2.5 бар',1,0,0),(372,168,2,'Расход воздуха','265 л / мин',1,1,0),(373,168,3,'Ширина факела','280 - 300 мм',1,1,0),(374,168,5,'Бачок','680 мл (Пластик)',1,0,0),(375,168,6,'Вес','380 г',1,1,0),(376,169,1,'Рабочее давление','2.0 - 2.5 бар',1,0,0),(377,169,2,'Расход воздуха','265 л / мин',1,1,0),(378,169,3,'Ширина факела','280 - 300 мм',1,1,0),(379,169,5,'Бачок','680 мл (Пластик)',1,0,0),(380,169,6,'Вес','380 г',1,1,0),(381,170,1,'Рабочее давление','2.0 - 2.5 бар',1,0,0),(382,170,2,'Расход воздуха','265 л / мин',1,1,0),(383,170,3,'Ширина факела','280 - 300 мм',1,1,0),(384,170,5,'Бачок','680 мл (Пластик)',1,0,0),(385,170,6,'Вес','380 г',1,1,0),(386,171,1,'Рабочее давление','2.0 бар',1,0,0),(387,171,2,'Расход воздуха','315 л / мин',1,1,0),(388,171,3,'Ширина факела','240 - 260 мм',1,1,0),(389,171,5,'Бачок','680 мл (Пластик)',1,0,0),(390,171,6,'Вес','380 г',1,1,0),(391,172,1,'Рабочее давление','2.0 бар',1,0,0),(392,172,2,'Расход воздуха','315 л / мин',1,1,0),(393,172,3,'Ширина факела','240 - 260 мм',1,1,0),(394,172,5,'Бачок','680 мл (Пластик)',1,0,0),(395,172,6,'Вес','380 г',1,1,0),(396,173,1,'Рабочее давление','2.0 - 2.5 бар',1,0,0),(397,173,2,'Расход воздуха','220 - 260 л / мин',1,1,0),(398,173,3,'Ширина факела','230 - 250 мм',1,1,0),(399,173,5,'Бачок','680 мл (Пластик)',1,0,0),(400,173,6,'Вес','535 г',1,1,0),(401,174,1,'Рабочее давление','2.0 - 2.5 бар',1,0,0),(402,174,2,'Расход воздуха','220 - 260 л / мин',1,1,0),(403,174,3,'Ширина факела','230 - 250 мм',1,1,0),(404,174,5,'Бачок','680 мл (Пластик)',1,0,0),(405,174,6,'Вес','535 г',1,1,0),(406,175,1,'Рабочее давление','2.0 бар',1,0,0),(407,175,2,'Расход воздуха','230 л / мин',1,1,0),(408,175,3,'Ширина факела','220 - 240 мм',1,1,0),(409,175,5,'Бачок','680 мл (Пластик)',1,0,0),(410,175,6,'Вес','535 г',1,1,0),(411,176,1,'Рабочее давление','2.0 - 2.5 бар',1,0,0),(412,176,2,'Расход воздуха','220 - 260 л / мин',1,1,0),(413,176,3,'Ширина факела','230 - 250 мм',1,1,0),(414,176,4,'Подача ЛКМ','Нижняя под давлением',1,0,0),(415,176,4,'Входной фитинг','М1/4\"',1,0,0),(416,176,6,'Вес','544 г',1,1,0),(417,177,1,'Рабочее давление','2.0 - 2.5 бар',1,0,0),(418,177,2,'Расход воздуха','220 - 260 л / мин',1,1,0),(419,177,3,'Ширина факела','230 - 250 мм',1,1,0),(420,177,4,'Подача ЛКМ','Нижняя под давлением',1,0,0),(421,177,4,'Входной фитинг','М1/4\"',1,0,0),(422,177,6,'Вес','544 г',1,1,0),(423,178,1,'Рабочее давление','2.0 - 2.5 бар',1,0,0),(424,178,2,'Расход воздуха','220 - 260 л / мин',1,1,0),(425,178,3,'Ширина факела','230 - 250 мм',1,1,0),(426,178,5,'Бачок','1000 мл (Алюминий)',1,0,0),(427,178,6,'Вес','544 г',1,1,0),(428,179,1,'Рабочее давление','2.0 - 2.5 бар',1,0,0),(429,179,2,'Расход воздуха','220 - 260 л / мин',1,1,0),(430,179,3,'Ширина факела','230 - 250 мм',1,1,0),(431,179,5,'Бачок','1000 мл (Алюминий)',1,0,0),(432,179,6,'Вес','544 г',1,1,0),(433,180,1,'Рабочее давление','2.0 - 2.5 бар',1,0,0),(434,180,2,'Расход воздуха','240 - 280 л / мин',1,1,0),(435,180,3,'Ширина факела','230 - 250 мм',1,1,0),(436,180,5,'Бачок','680 мл (Пластик)',1,0,0),(437,180,6,'Вес','535 г',1,1,0),(438,181,1,'Рабочее давление','2.0 бар',1,0,0),(439,181,2,'Расход воздуха','230 л / мин',1,1,0),(440,181,3,'Ширина факела','220 - 240 мм',1,1,0),(441,181,5,'Подача ЛКМ','Нижняя под давлением',1,0,0),(442,181,6,'Входной фитинг','М1/4\"',1,0,0),(443,181,7,'Вес','544 г',1,1,0),(444,182,1,'Рабочее давление','2.0 бар',1,0,0),(445,182,2,'Расход воздуха','230 л / мин',1,1,0),(446,182,3,'Ширина факела','220 - 240 мм',1,1,0),(447,182,6,'Бачок','1000 мл (Алюминий)',1,0,0),(448,182,7,'Вес','544 г',1,1,0),(449,183,1,'Рабочее давление','2.0 бар',1,0,0),(450,183,2,'Расход воздуха','260 л / мин',1,1,0),(451,183,3,'Ширина факела','280 - 300 мм',1,1,0),(452,183,5,'Бачок','680 мл (Пластик)',1,0,0),(453,183,6,'Вес','445 г',1,1,0),(454,184,1,'Рабочее давление','2.0 бар',1,0,0),(455,184,2,'Расход воздуха','260 л / мин',1,1,0),(456,184,3,'Ширина факела','280 - 300 мм',1,1,0),(457,184,5,'Бачок','680 мл (Пластик)',1,0,0),(458,184,6,'Вес','445 г',1,1,0),(459,185,1,'Рабочее давление','2.0 бар',1,0,0),(460,185,2,'Расход воздуха','295 л / мин',1,1,0),(461,185,3,'Ширина факела','240 - 260 мм',1,1,0),(462,185,5,'Бачок','680 мл (Пластик)',1,0,0),(463,185,6,'Вес','445 г',1,1,0),(464,186,1,'Рабочее давление','2.0 бар',1,0,0),(465,186,2,'Расход воздуха','260 л / мин',1,1,0),(466,186,3,'Ширина факела','260 - 300 мм',1,1,0),(467,186,5,'Подача ЛКМ','Нижняя под давлением',1,0,0),(468,186,6,'Входной фитинг','М1/4\"',1,0,0),(469,186,7,'Вес','455 г',1,1,0),(470,187,1,'Рабочее давление','2.0 бар',1,0,0),(471,187,2,'Расход воздуха','260 л / мин',1,1,0),(472,187,3,'Ширина факела','260 - 300 мм',1,1,0),(473,187,5,'Подача ЛКМ','Нижняя под давлением',1,0,0),(474,187,6,'Входной фитинг','М1/4\"',1,0,0),(475,187,7,'Вес','455 г',1,1,0),(476,188,1,'Рабочее давление','2.0 бар',1,0,0),(477,188,2,'Расход воздуха','260 л / мин',1,1,0),(478,188,3,'Ширина факела','260 - 300 мм',1,1,0),(479,188,6,'Бачок','1000 мл (Алюминий)',1,0,0),(480,188,7,'Вес','463 г',1,1,0),(481,189,1,'Рабочее давление','2.0 бар',1,0,0),(482,189,2,'Расход воздуха','260 л / мин',1,1,0),(483,189,3,'Ширина факела','280 - 300 мм',1,1,0),(484,189,5,'Бачок','680 мл (Пластик)',1,0,0),(485,189,6,'Вес','445 г',1,1,0),(486,190,1,'Рабочее давление','2.0 бар',1,0,0),(487,190,2,'Расход воздуха','295 л / мин',1,1,0),(488,190,3,'Ширина факела','240 - 260 мм',1,1,0),(489,190,5,'Бачок','1000 мл (Алюминий)',1,0,0),(490,190,6,'Вес','463 г',1,1,0),(491,191,1,'Длина гвоздей','25 - 57 мм',1,1,0),(492,191,2,'Сечение гвоздей','2.1 - 2.3 мм',1,1,0),(493,191,3,'Угол забивки','15 градусов',1,1,0),(494,191,4,'Расход воздуха','1.46 л / выстрел',1,1,0),(495,191,5,'Емкость магазина','300 шт',1,0,0),(496,191,6,'Рабочее давление','5 - 7 бар',1,0,0),(497,191,7,'Диаметр входного фитинга','1/4\"',1,0,0),(498,191,8,'Вес','2700 гр',1,0,0),(499,192,1,'Длина гвоздей','45 - 70 мм',1,1,0),(500,192,2,'Сечение гвоздей','2.3 - 2.9 мм',1,1,0),(501,192,3,'Угол забивки','15 градусов',1,1,0),(502,192,4,'Расход воздуха','1.68 л / выстрел',1,1,0),(503,192,5,'Емкость магазина','300 шт',1,0,0),(504,192,6,'Рабочее давление','5 - 8 бар',1,0,0),(505,192,7,'Диаметр входного фитинга','1/4\"',1,0,0),(506,192,8,'Вес','3450 гр',1,0,0),(507,193,1,'Длина гвоздей','50 - 83 мм',1,1,0),(508,193,2,'Сечение гвоздей','2.5 - 3.3 мм',1,1,0),(509,193,3,'Угол забивки','15 градусов',1,1,0),(510,193,4,'Расход воздуха','1.86 л / выстрел',1,1,0),(511,193,5,'Емкость магазина','300 шт',1,0,0),(512,193,6,'Рабочее давление','5 - 8 бар',1,0,0),(513,193,7,'Диаметр входного фитинга','1/4\"',1,0,0),(514,193,8,'Вес','3850 гр',1,0,0),(515,194,1,'Длина гвоздей','45 - 90 мм',1,1,0),(516,194,2,'Сечение гвоздей','2.5 - 3.4 мм',1,1,0),(517,194,3,'Угол забивки','15 градусов',1,1,0),(518,194,4,'Расход воздуха','2.82 л / выстрел',1,1,0),(519,194,5,'Емкость магазина','300 шт',1,0,0),(520,194,6,'Рабочее давление','5 - 8 бар',1,0,0),(521,194,7,'Диаметр входного фитинга','1/4\"',1,0,0),(522,194,8,'Вес','3700 гр',1,0,0),(523,195,1,'Длина скобы','4 - 16 мм',1,1,0),(524,195,2,'Ширина скобы','12.9 мм',1,1,0),(525,195,3,'Сечение скобы','0.65 х 0.95 мм',1,1,0),(526,195,4,'Расход воздуха','0.25 л / выстрел',1,1,0),(527,195,5,'Емкость магазина','110 шт',1,0,0),(528,195,6,'Рабочее давление','4 - 6 бар',1,0,0),(529,195,7,'Диаметр входного фитинга','1/4\"',1,0,0),(530,195,8,'Вес','900 гр',1,0,0),(531,196,1,'Длина скобы','6 - 16 мм',1,1,0),(532,196,2,'Ширина скобы','12.8 мм',1,1,0),(533,196,3,'Сечение скобы','0.6 х 0.9 мм',1,1,0),(534,196,4,'Расход воздуха','0.37 л / выстрел',1,1,0),(535,196,5,'Емкость магазина','140 шт',1,0,0),(536,196,6,'Рабочее давление','4 - 7 бар',1,0,0),(537,196,7,'Диаметр входного фитинга','1/4\"',1,0,0),(538,196,8,'Вес','780 гр',1,0,0),(539,197,1,'Длина скобы','6 - 19 мм',1,1,0),(540,197,2,'Ширина скобы','4.6 мм',1,1,0),(541,197,3,'Сечение скобы','0.7 х 0.9 мм',1,1,0),(542,197,4,'Расход воздуха','0.37 л / выстрел',1,1,0),(543,197,5,'Емкость магазина','150 шт',1,0,0),(544,197,6,'Рабочее давление','4 - 7 бар',1,0,0),(545,197,7,'Диаметр входного фитинга','1/4\"',1,0,0),(546,197,8,'Вес','835 гр',1,0,0),(547,198,1,'Длина скобы','16 - 40 мм',1,1,0),(548,198,2,'Ширина скобы','5.7 мм',1,1,0),(549,198,3,'Сечение скобы','1.05 х 1.25 мм',1,1,0),(550,198,4,'Расход воздуха','0.55 л / выстрел',1,1,0),(551,198,5,'Емкость магазина','110 шт',1,0,0),(552,198,6,'Рабочее давление','4 - 7 бар',1,0,0),(553,198,7,'Диаметр входного фитинга','1/4\"',1,0,0),(554,198,8,'Вес','1000 гр',1,0,0),(555,199,1,'Длина скобы','16 - 40 мм',1,1,0),(556,199,2,'Ширина скобы','8.7 мм',1,1,0),(557,199,3,'Сечение скобы','1.0 х 1.25 мм',1,1,0),(558,199,4,'Расход воздуха','0.7 л / выстрел',1,1,0),(559,199,5,'Емкость магазина','92 шт',1,0,0),(560,199,6,'Рабочее давление','4 - 7 бар',1,0,0),(561,199,7,'Диаметр входного фитинга','1/4\"',1,0,0),(562,199,8,'Вес','1420 гр',1,0,0),(563,200,1,'Длина скобы','18 - 50 мм',1,1,0),(564,200,2,'Ширина скобы','11.1 мм',1,1,0),(565,200,3,'Сечение скобы','1.4 х 1.6 мм',1,1,0),(566,200,4,'Расход воздуха','2.2 л / выстрел',1,1,0),(567,200,5,'Емкость магазина','90 шт',1,0,0),(568,200,6,'Рабочее давление','5 - 7 бар',1,0,0),(569,200,7,'Диаметр входного фитинга','1/4\"',1,0,0),(570,200,8,'Вес','2880 гр',1,0,0),(571,201,1,'Длина скобы','20 - 40 мм',1,1,0),(572,201,2,'Ширина скобы','8.3 x 8.9 мм',1,1,0),(573,201,3,'Сечение скобы','1.05 x 1.25 мм',1,1,0),(574,201,4,'Расход воздуха','0.85 л / выстрел',1,1,0),(575,201,5,'Емкость магазина','110 шт',1,0,0),(576,201,6,'Рабочее давление','5 - 7 бар',1,0,0),(577,201,7,'Диаметр входного фитинга','1/4\"',1,0,0),(578,201,8,'Вес','1480 гр',1,0,0),(579,202,1,'Длина скобы','25 - 50 мм',1,1,0),(580,202,2,'Ширина скобы','11.1 мм',1,1,0),(581,202,3,'Сечение скобы','1.4 x 1.6 мм',1,1,0),(582,202,4,'Расход воздуха','1.16 л / выстрел',1,1,0),(583,202,5,'Емкость магазина','155 шт',1,0,0),(584,202,6,'Рабочее давление','5 - 7 бар',1,0,0),(585,202,7,'Диаметр входного фитинга','1/4\"',1,0,0),(586,202,8,'Вес','2250 гр',1,0,0),(587,203,1,'Длина шпильки / штифтов','12 - 30 мм',1,1,0),(588,203,2,'Сечение шпильки / штифтов','0.6 - 0.64 мм',1,1,0),(589,203,3,'Расход воздуха','0.31 л / выстрел',1,1,0),(590,203,4,'Емкость магазина','140 шт',1,0,0),(591,203,5,'Рабочее давление','4 - 6 бар',1,0,0),(592,203,6,'Диаметр входного фитинга','1/4\"',1,0,0),(593,203,7,'Вес','940 гр',1,0,0),(594,204,1,'Длина шпильки / штифтов','12 - 35 мм',1,1,0),(595,204,2,'Сечение шпильки / штифтов','0.6 - 0.64 мм',1,1,0),(596,204,3,'Расход воздуха','0.44 л / выстрел',1,1,0),(597,204,4,'Емкость магазина','120 шт',1,0,0),(598,204,5,'Рабочее давление','5 - 7 бар',1,0,0),(599,204,6,'Диаметр входного фитинга','1/4\"',1,0,0),(600,204,7,'Вес','990 гр',1,0,0),(601,205,1,'Длина шпильки / штифтов','18 - 31 мм',1,1,0),(602,205,2,'Сечение шпильки / штифтов','1.0 х 1.27 мм',1,1,0),(603,205,3,'Расход воздуха','0.36 л / выстрел',1,1,0),(604,205,4,'Емкость магазина','100 шт',1,0,0),(605,205,5,'Рабочее давление','4 - 7 бар',1,0,0),(606,205,6,'Диаметр входного фитинга','1/4\"',1,0,0),(607,205,7,'Вес','1020 гр',1,0,0),(608,206,1,'Длина шпильки / штифтов','10 - 32 мм',1,1,0),(609,206,2,'Сечение шпильки / штифтов','1.05 х 1.26 мм',1,1,0),(610,206,3,'Расход воздуха','0.65 л / выстрел',1,1,0),(611,206,4,'Емкость магазина','100 шт',1,0,0),(612,206,5,'Рабочее давление','4 - 6 бар',1,0,0),(613,206,6,'Диаметр входного фитинга','1/4\"',1,0,0),(614,206,7,'Вес','990 гр',1,0,0),(615,207,1,'Длина шпильки / штифтов','15 - 40 мм',1,1,0),(616,207,2,'Сечение шпильки / штифтов','1.0 х 1.27 мм',1,1,0),(617,207,3,'Расход воздуха','0.43 л / выстрел',1,1,0),(618,207,4,'Емкость магазина','105 шт',1,0,0),(619,207,5,'Рабочее давление','5 - 7 бар',1,0,0),(620,207,6,'Диаметр входного фитинга','1/4\"',1,0,0),(621,207,7,'Вес','1280 гр',1,0,0),(622,208,1,'Длина шпильки / штифтов','15 - 40 мм',1,1,0),(623,208,2,'Сечение шпильки / штифтов','1.0 х 1.27 мм',1,1,0),(624,208,3,'Расход воздуха','0.43 л / выстрел',1,1,0),(625,208,4,'Емкость магазина','105 шт',1,0,0),(626,208,5,'Рабочее давление','5 - 7 бар',1,0,0),(627,208,6,'Диаметр входного фитинга','1/4\"',1,0,0),(628,208,7,'Вес','1280 гр',1,0,0),(629,209,1,'Длина шпильки / штифтов','15 - 50 мм',1,1,0),(630,209,2,'Сечение шпильки / штифтов','1.05 х 1.26 мм',1,1,0),(631,209,3,'Расход воздуха','0.9 л / выстрел',1,1,0),(632,209,4,'Емкость магазина','100 шт',1,0,0),(633,209,5,'Рабочее давление','5 - 7 бар',1,0,0),(634,209,6,'Диаметр входного фитинга','1/4\"',1,0,0),(635,209,7,'Вес','1370 гр',1,0,0),(636,210,1,'Длина шпильки / штифтов','15 - 50 мм',1,1,0),(637,210,2,'Сечение шпильки / штифтов','1.35 х 1.6 мм',1,1,0),(638,210,3,'Расход воздуха','0.73 л / выстрел',1,1,0),(639,210,4,'Емкость магазина','80 шт',1,0,0),(640,210,5,'Рабочее давление','5 - 7 бар',1,0,0),(641,210,6,'Диаметр входного фитинга','1/4\"',1,0,0),(642,210,7,'Вес','1350 гр',1,0,0),(643,211,1,'Длина шпильки / штифтов','15 - 50 мм',1,1,0),(644,211,2,'Сечение шпильки / штифтов','1.4 х 1.6 мм',1,1,0),(645,211,3,'Расход воздуха','0.85 л / выстрел',1,1,0),(646,211,4,'Емкость магазина','100 шт',1,0,0),(647,211,5,'Рабочее давление','5 - 7 бар',1,0,0),(648,211,6,'Диаметр входного фитинга','1/4\"',1,0,0),(649,211,7,'Вес','1710 гр',1,0,0),(650,212,1,'Длина шпильки / штифтов','15 - 40 мм',1,1,0),(651,212,2,'Сечение шпильки / штифтов','1.2 мм',1,1,0),(652,212,3,'Расход воздуха','0.43 л / выстрел',1,1,0),(653,212,4,'Емкость магазина','105 шт',1,0,0),(654,212,5,'Рабочее давление','4 - 7 бар',1,0,0),(655,212,6,'Диаметр входного фитинга','1/4\"',1,0,0),(656,212,7,'Вес','1340 гр',1,0,0),(657,213,1,'Длина шпильки / штифтов','16 - 42 мм',1,1,0),(658,213,2,'Сечение шпильки / штифтов','1.1 x 1.25 мм',1,1,0),(659,213,3,'Расход воздуха','0.88 л / выстрел',1,1,0),(660,213,4,'Емкость магазина','110 шт',1,0,0),(661,213,5,'Рабочее давление','5 - 8 бар',1,0,0),(662,213,6,'Диаметр входного фитинга','1/4\"',1,0,0),(663,213,7,'Вес','1170 гр',1,0,0),(664,215,1,'Код производителя','TB12 00 640 NT',1,1,0),(665,215,2,'Наружный диаметр','6 мм',1,1,0),(666,215,3,'Внутренний диаметр','4 мм',1,1,0),(667,215,4,'Радиус изгиба','30 мм',1,0,0),(668,215,5,'Рабочее давление','27 бар',1,1,0),(669,215,6,'Давления разрыва','80 бар',1,0,0),(670,215,7,'Минимальная температура','-40°C',1,0,0),(671,215,8,'Максимальная температура','+100°C',1,0,0),(672,215,9,'Допуск','± 0.07 мм',1,0,0),(673,215,10,'Цвет','Белый',1,0,0),(674,216,1,'Код производителя','TB12 00 860 NT',1,1,0),(675,216,2,'Наружный диаметр','8 мм',1,1,0),(676,216,3,'Внутренний диаметр','6 мм',1,1,0),(677,216,4,'Радиус изгиба','40 мм',1,0,0),(678,216,5,'Рабочее давление','19 бар',1,1,0),(679,216,6,'Давления разрыва','57 бар',1,0,0),(680,216,7,'Минимальная температура','-40°C',1,0,0),(681,216,8,'Максимальная температура','+100°C',1,0,0),(682,216,9,'Допуск','± 0.07 мм',1,0,0),(683,216,10,'Цвет','Белый',1,0,0),(684,217,1,'Код производителя','TB12 01 080 NT',1,1,0),(685,217,2,'Наружный диаметр','10 мм',1,1,0),(686,217,3,'Внутренний диаметр','8 мм',1,1,0),(687,217,4,'Радиус изгиба','60 мм',1,0,0),(688,217,5,'Рабочее давление','15 бар',1,1,0),(689,217,6,'Давления разрыва','44 бар',1,0,0),(690,217,7,'Минимальная температура','-40°C',1,0,0),(691,217,8,'Максимальная температура','+100°C',1,0,0),(692,217,9,'Допуск','± 0.07 мм',1,0,0),(693,217,10,'Цвет','Белый',1,0,0),(694,218,1,'Код производителя','TB12 12 100NT',1,1,0),(695,218,2,'Наружный диаметр','12 мм',1,1,0),(696,218,3,'Внутренний диаметр','10 мм',1,1,0),(697,218,4,'Радиус изгиба','85 мм',1,0,0),(698,218,5,'Рабочее давление','12 бар',1,1,0),(699,218,6,'Давления разрыва','36 бар',1,0,0),(700,218,7,'Минимальная температура','-40°C',1,0,0),(701,218,8,'Максимальная температура','+100°C',1,0,0),(702,218,9,'Допуск','± 0.10 мм',1,0,0),(703,218,10,'Цвет','Белый',1,0,0),(704,219,1,'Код производителя','TB12 14 120AZ',1,1,0),(705,219,2,'Наружный диаметр','14 мм',1,1,0),(706,219,3,'Внутренний диаметр','12 мм',1,1,0),(707,219,4,'Радиус изгиба','100 мм',1,0,0),(708,219,5,'Рабочее давление','10 бар',1,1,0),(709,219,6,'Давления разрыва','30 бар',1,0,0),(710,219,7,'Минимальная температура','-40°C',1,0,0),(711,219,8,'Максимальная температура','+100°C',1,0,0),(712,219,9,'Допуск','± 0.10 мм',1,0,0),(713,219,10,'Цвет','Синий',1,0,0),(714,220,1,'Код производителя','TBPU 00 640 NT',1,1,0),(715,220,2,'Наружный диаметр','6 мм',1,1,0),(716,220,3,'Внутренний диаметр','4 мм',1,1,0),(717,220,4,'Радиус изгиба','18 мм',1,0,0),(718,220,5,'Рабочее давление','10 бар',1,1,0),(719,220,6,'Давления разрыва','40 бар',1,0,0),(720,220,7,'Минимальная температура','-40°C',1,0,0),(721,220,8,'Максимальная температура','+60°C',1,0,0),(722,220,9,'Допуск','± 0.10 мм',1,0,0),(723,220,10,'Цвет','Белый',1,0,0),(724,221,1,'Код производителя','TBPU 00 860 NT',1,1,0),(725,221,2,'Наружный диаметр','8 мм',1,1,0),(726,221,3,'Внутренний диаметр','6 мм',1,1,0),(727,221,4,'Радиус изгиба','35 мм',1,0,0),(728,221,5,'Рабочее давление','7 бар',1,1,0),(729,221,6,'Давления разрыва','28 бар',1,0,0),(730,221,7,'Минимальная температура','-40°C',1,0,0),(731,221,8,'Максимальная температура','+60°C',1,0,0),(732,221,9,'Допуск','± 0.10 мм',1,0,0),(733,221,10,'Цвет','Белый',1,0,0),(734,222,1,'Код производителя','TBPF 00 640 NT',1,1,0),(735,222,2,'Наружный диаметр','6 мм',1,1,0),(736,222,3,'Внутренний диаметр','4 мм',1,1,0),(737,222,4,'Радиус изгиба','36 мм',1,0,0),(738,222,5,'Рабочее давление','23 бар',1,1,0),(739,222,6,'Давления разрыва','70 бар',1,0,0),(740,222,7,'Минимальная температура','-60°C',1,0,0),(741,222,8,'Максимальная температура','+260°C',1,0,0),(742,222,9,'Допуск','± 0.10 мм',1,0,0),(743,222,10,'Цвет','Белый',1,0,0),(744,223,1,'Код производителя','TBPL 3/4 0 BL 080',1,1,0),(745,223,2,'Наружный диаметр','26.5 мм',1,1,0),(746,223,3,'Внутренний диаметр','19.2 мм (3/4\")',1,1,0),(747,223,4,'Радиус изгиба','135 мм',1,0,0),(748,223,5,'Рабочее давление','16 бар',1,1,0),(749,223,6,'Давления разрыва','64 бар',1,0,0),(750,223,7,'Минимальная температура','0°C',1,0,0),(751,223,8,'Максимальная температура','+100°C',1,0,0),(752,223,9,'Цвет','Синий',1,0,0),(753,224,1,'Код производителя','TBPL 5/8 0 BL 080',1,1,0),(754,224,2,'Наружный диаметр','22.9 мм',1,1,0),(755,224,3,'Внутренний диаметр','16 мм (5/8\")',1,1,0),(756,224,4,'Радиус изгиба','115 мм',1,0,0),(757,224,5,'Рабочее давление','16 бар',1,1,0),(758,224,6,'Давления разрыва','64 бар',1,0,0),(759,224,7,'Минимальная температура','0°C',1,0,0),(760,224,8,'Максимальная температура','+100°C',1,0,0),(761,224,9,'Цвет','Синий',1,0,0),(762,225,1,'Код производителя','TBPVM 011 06 AZ',1,1,0),(763,225,2,'Наружный диаметр','11 мм',1,1,0),(764,225,3,'Внутренний диаметр','6.3 мм',1,1,0),(765,225,4,'Радиус изгиба','32 мм',1,0,0),(766,225,5,'Рабочее давление','15 бар',1,1,0),(767,225,6,'Давления разрыва','60 бар',1,0,0),(768,225,7,'Минимальная температура','-20°C',1,0,0),(769,225,8,'Максимальная температура','+60°C',1,0,0),(770,225,9,'Цвет','Синий',1,0,0),(771,226,1,'Код производителя','TBPVM 013 08 AZ',1,1,0),(772,226,2,'Наружный диаметр','13 мм',1,1,0),(773,226,3,'Внутренний диаметр','8 мм',1,1,0),(774,226,4,'Радиус изгиба','41 мм',1,0,0),(775,226,5,'Рабочее давление','15 бар',1,1,0),(776,226,6,'Давления разрыва','60 бар',1,0,0),(777,226,7,'Минимальная температура','-20°C',1,0,0),(778,226,8,'Максимальная температура','+60°C',1,0,0),(779,226,9,'Цвет','Синий',1,0,0),(780,227,1,'Код производителя','TBPVM 155 10 AZ',1,1,0),(781,227,2,'Наружный диаметр','15.5 мм',1,1,0),(782,227,3,'Внутренний диаметр','10 мм',1,1,0),(783,227,4,'Радиус изгиба','80 мм',1,0,0),(784,227,5,'Рабочее давление','15 бар',1,1,0),(785,227,6,'Давления разрыва','60 бар',1,0,0),(786,227,7,'Минимальная температура','-20°C',1,0,0),(787,227,8,'Максимальная температура','+60°C',1,0,0),(788,227,9,'Цвет','Синий',1,0,0),(789,281,1,'Код производителя','TBPVM 191 27 AZ',1,1,0),(790,281,2,'Наружный диаметр','19 мм',1,1,0),(791,281,3,'Внутренний диаметр','12.7 мм',1,1,0),(792,281,4,'Радиус изгиба','41 мм',1,0,0),(793,281,5,'Рабочее давление','15 бар',1,1,0),(794,281,6,'Давления разрыва','60 бар',1,0,0),(795,281,7,'Минимальная температура','-20°C',1,0,0),(796,281,8,'Максимальная температура','+60°C',1,0,0),(797,281,9,'Цвет','Синий',1,0,0),(798,282,1,'Код производителя','TBPVM 023 16 AZ',1,1,0),(799,282,2,'Наружный диаметр','23 мм',1,1,0),(800,282,3,'Внутренний диаметр','16 мм',1,1,0),(801,282,4,'Радиус изгиба','60 мм',1,0,0),(802,282,5,'Рабочее давление','15 бар',1,1,0),(803,282,6,'Давления разрыва','60 бар',1,0,0),(804,282,7,'Минимальная температура','-20°C',1,0,0),(805,282,8,'Максимальная температура','+60°C',1,0,0),(806,282,9,'Цвет','Синий',1,0,0),(807,228,1,'Тип скобы','14 LC',1,0,0),(808,228,2,'Внутрянняя ширина скобы','7.8 мм',1,1,0),(809,228,3,'Наружная ширина скобы','10.4 мм',1,1,0),(810,228,4,'Высота скобы','25 мм',1,1,0),(811,228,5,'Количество в упаковке','24.300 шт',1,1,0),(812,229,1,'Тип скобы','14 LC',1,0,0),(813,229,2,'Внутрянняя ширина скобы','7.8 мм',1,1,0),(814,229,3,'Наружная ширина скобы','10.4 мм',1,1,0),(815,229,4,'Высота скобы','30 мм',1,1,0),(816,229,5,'Количество в упаковке','20.400 шт',1,1,0),(817,289,1,'Тип скобы','14 LC',1,0,0),(818,289,2,'Внутрянняя ширина скобы','7.8 мм',1,1,0),(819,289,3,'Наружная ширина скобы','10.4 мм',1,1,0),(820,289,4,'Высота скобы','50 мм',1,1,0),(821,289,5,'Количество в упаковке','12.600 шт',1,1,0),(822,290,1,'Тип скобы','14 LC',1,0,0),(823,290,2,'Внутрянняя ширина скобы','7.8 мм',1,1,0),(824,290,3,'Наружная ширина скобы','10.4 мм',1,1,0),(825,290,4,'Высота скобы','35 мм',1,1,0),(826,290,5,'Количество в упаковке','18.000 шт',1,1,0),(827,228,1,'Тип скобы','14 LC',1,0,0),(828,230,2,'Внутрянняя ширина скобы','7.8 мм',1,1,0),(829,230,3,'Наружная ширина скобы','10.4 мм ',1,10,0),(830,230,4,'Высота скобы','38 мм',1,1,0),(831,230,5,'Количество в упаковке','15.400 шт',1,1,0),(832,231,1,'Тип скобы','90',1,0,0),(833,231,2,'Внутрянняя ширина скобы','3.5 мм',1,1,0),(834,231,3,'Наружная ширина скобы','5.5 мм',1,1,0),(835,231,4,'Высота скобы','10 мм',1,1,0),(836,231,5,'Скобы','Разводные',1,0,0),(837,231,6,'Количество в упаковке','6.600 шт',1,1,0),(838,232,1,'Тип скобы','90',1,0,0),(839,232,2,'Внутрянняя ширина скобы','3.5 мм',1,1,0),(840,232,3,'Наружная ширина скобы','5.5 мм',1,1,0),(841,232,4,'Высота скобы','14 мм',1,1,0),(842,232,5,'Количество в упаковке','9.600 шт',1,1,0),(843,233,1,'Тип скобы','90',1,0,0),(844,233,2,'Внутрянняя ширина скобы','3.5 мм',1,1,0),(845,233,3,'Наружная ширина скобы','5.5 мм',1,1,0),(846,233,4,'Высота скобы','16 мм',1,1,0),(847,233,5,'Количество в упаковке','9.600 шт',1,1,0),(848,234,1,'Тип скобы','90',1,0,0),(849,234,2,'Внутрянняя ширина скобы','3.5 мм',1,1,0),(850,234,3,'Наружная ширина скобы','5.5 мм',1,1,0),(851,234,4,'Высота скобы','18 мм',1,1,0),(852,234,5,'Количество в упаковке','9.600 шт',1,1,0),(853,235,1,'Тип скобы','90',1,0,0),(854,235,2,'Внутрянняя ширина скобы','3.5 мм',1,1,0),(855,235,3,'Наружная ширина скобы','5.5 мм',1,1,0),(856,235,4,'Высота скобы','25 мм',1,1,0),(857,235,5,'Количество в упаковке','6.400 шт',1,1,0),(858,237,1,'Тип скобы','90',1,0,0),(859,237,2,'Внутрянняя ширина скобы','3.5 мм',1,1,0),(860,237,3,'Наружная ширина скобы','5.5 мм',1,1,0),(861,237,4,'Высота скобы','32 мм',1,1,0),(862,237,5,'Количество в упаковке','6.400 шт',1,1,0),(863,238,1,'Тип скобы','90',1,0,0),(864,238,2,'Внутрянняя ширина скобы','3.5 мм',1,1,0),(865,238,3,'Наружная ширина скобы','5.5 мм',1,1,0),(866,238,4,'Высота скобы','38 мм',1,1,0),(867,238,5,'Количество в упаковке','6.400 шт',1,1,0),(868,239,1,'Тип скобы','92',1,0,0),(869,239,2,'Внутрянняя ширина скобы','6.5 мм',1,1,0),(870,239,3,'Наружная ширина скобы','8.5 мм',1,1,0),(871,239,4,'Высота скобы','25 мм',1,1,0),(872,239,5,'Количество в упаковке','8.800 шт',1,1,0),(873,240,1,'Тип скобы','92',1,0,0),(874,240,2,'Внутрянняя ширина скобы','6.5 мм',1,1,0),(875,240,3,'Наружная ширина скобы','8.5 мм',1,1,0),(876,240,4,'Высота скобы','40 мм',1,1,0),(877,240,5,'Количество в упаковке','6.600 шт',1,1,0),(878,241,1,'Тип скобы','97',1,0,0),(879,241,2,'Внутрянняя ширина скобы','3.0 мм',1,1,0),(880,241,3,'Наружная ширина скобы','4.3 мм',1,1,0),(881,241,4,'Высота скобы','14 мм',1,1,0),(882,241,5,'Количество в упаковке','22.400 шт',1,1,0),(883,242,1,'Тип скобы','97',1,0,0),(884,242,2,'Внутрянняя ширина скобы','3.0 мм',1,1,0),(885,242,3,'Наружная ширина скобы','4.3 мм',1,1,0),(886,242,4,'Высота скобы','16 мм',1,1,0),(887,242,5,'Количество в упаковке','16.800 шт',1,1,0),(888,243,1,'Тип скобы','380',1,0,0),(889,243,2,'Внутрянняя ширина скобы','11.4 мм',1,1,0),(890,243,3,'Наружная ширина скобы','12.7 мм',1,1,0),(891,243,4,'Высота скобы','4 мм',1,1,0),(892,243,5,'Количество в упаковке','30.000 шт',1,1,0),(893,244,1,'Тип скобы','380',1,0,0),(894,244,2,'Внутрянняя ширина скобы','11.4 мм',1,1,0),(895,244,3,'Наружная ширина скобы','12.7 мм',1,1,0),(896,244,4,'Высота скобы','6 мм',1,1,0),(897,244,5,'Количество в упаковке','18.000 шт',1,1,0),(898,245,1,'Тип скобы','380',1,0,0),(899,245,2,'Внутрянняя ширина скобы','11.4 мм',1,1,0),(900,245,3,'Наружная ширина скобы','12.7 мм',1,1,0),(901,245,4,'Высота скобы','8 мм',1,1,0),(902,245,5,'Количество в упаковке','21.600 шт',1,1,0),(903,246,1,'Тип скобы','380',1,0,0),(904,246,2,'Внутрянняя ширина скобы','11.4 мм',1,1,0),(905,246,3,'Наружная ширина скобы','12.7 мм',1,1,0),(906,246,4,'Высота скобы','10 мм',1,1,0),(907,246,5,'Количество в упаковке','18.000 шт',1,1,0),(908,247,1,'Тип скобы','380',1,0,0),(909,247,2,'Внутрянняя ширина скобы','11.4 мм',1,1,0),(910,247,3,'Наружная ширина скобы','12.7 мм',1,1,0),(911,247,4,'Высота скобы','12 мм',1,1,0),(912,247,5,'Количество в упаковке','15.000 шт',1,1,0),(913,248,1,'Тип скобы','380',1,0,0),(914,248,2,'Внутрянняя ширина скобы','11.4 мм',1,1,0),(915,248,3,'Наружная ширина скобы','12.7 мм',1,1,0),(916,248,4,'Высота скобы','14 мм',1,1,0),(917,248,5,'Количество в упаковке','12.600 шт',1,1,0),(918,249,1,'Тип скобы','380',1,0,0),(919,249,2,'Внутрянняя ширина скобы','11.4 мм',1,1,0),(920,249,3,'Наружная ширина скобы','12.7 мм',1,1,0),(921,249,4,'Высота скобы','16 мм',1,1,0),(922,249,5,'Количество в упаковке','10.800 шт',1,1,0),(923,250,1,'Тип скобы','145',1,0,0),(924,250,2,'Внутрянняя ширина скобы','23.6 мм',1,1,0),(925,250,3,'Наружная ширина скобы','26.2 мм',1,1,0),(926,250,4,'Высота скобы','16 мм',1,1,0),(927,250,5,'Количество в упаковке','13.500 шт',1,1,0),(928,251,1,'Тип скобы','145',1,0,0),(929,251,2,'Внутрянняя ширина скобы','23.6 мм',1,1,0),(930,251,3,'Наружная ширина скобы','26.2 мм',1,1,0),(931,251,4,'Высота скобы','21 мм',1,1,0),(932,251,5,'Количество в упаковке','3.750 шт',1,1,0),(933,252,1,'Тип скобы','C / 2',1,0,0),(934,252,2,'Цвет','Зеленый',1,0,0),(935,252,3,'Внутрянняя ширина скобы','20 мм',1,1,0),(936,252,4,'Наружная ширина скобы','23.2 мм',1,1,0),(937,252,5,'Высота скобы','12 мм',1,1,0),(938,252,6,'Количество в упаковке','5.200 шт',1,1,0),(939,253,1,'Тип скобы','C / 3',1,0,0),(940,253,2,'Внутрянняя ширина скобы','13.4 мм',1,1,0),(941,253,3,'Наружная ширина скобы','16 мм',1,1,0),(942,253,4,'Высота скобы','8 мм',1,1,0),(943,253,5,'Количество в упаковке','4.060 шт',1,1,0),(944,254,1,'Тип скобы','CF',1,0,0),(945,254,2,'Ширина скобы','24.5 мм',1,1,0),(946,254,3,'Высота скобы','13 мм',1,1,0),(947,254,4,'Количество в упаковке','1.750 шт',1,1,0),(948,255,1,'Тип скобы','K 33',1,0,0),(949,255,2,'Внутрянняя ширина скобы','33 мм',1,1,0),(950,255,3,'Наружная ширина скобы','34.8 мм',1,1,0),(951,255,4,'Высота скобы','18 мм',1,1,0),(952,255,5,'Количество в упаковке','2.000 шт',1,1,0),(953,256,1,'Тип скобы','K 33',1,0,0),(954,256,2,'Внутрянняя ширина скобы','33 мм',1,1,0),(955,256,3,'Наружная ширина скобы','34.8 мм',1,1,0),(956,256,4,'Высота скобы','21 мм',1,1,0),(957,256,5,'Количество в упаковке','2.000 шт',1,1,0),(958,257,1,'Сечение шпильки','0.64 мм',1,1,0),(959,257,2,'Длина шпильки','10 мм',1,1,0),(960,257,3,'Количество в упаковке','20.000 шт',1,1,0),(961,258,1,'Сечение шпильки','0.64 мм',1,1,0),(962,258,2,'Длина шпильки','12 мм',1,1,0),(963,258,3,'Количество в упаковке','22.000 шт',1,1,0),(964,259,1,'Сечение шпильки','0.64 мм',1,1,0),(965,259,2,'Длина шпильки','15 мм',1,1,0),(966,259,3,'Количество в упаковке','20.000 шт',1,1,0),(967,260,1,'Сечение шпильки','0.64 мм',1,1,0),(968,260,2,'Длина шпильки','17 мм',1,1,0),(969,260,3,'Количество в упаковке','20.000 шт',1,1,0),(970,261,1,'Сечение шпильки','0.64 мм',1,1,0),(971,261,2,'Длина шпильки','18 мм',1,1,0),(972,261,3,'Количество в упаковке','20.000 шт',1,1,0),(973,262,1,'Сечение шпильки','0.64 мм',1,1,0),(974,262,2,'Длина шпильки','22 мм',1,1,0),(975,262,3,'Количество в упаковке','20.000 шт',1,1,0),(976,263,1,'Сечение шпильки','0.64 мм',1,1,0),(977,263,2,'Длина шпильки','25 мм',1,1,0),(978,263,3,'Количество в упаковке','20.000 шт',1,1,0),(979,264,1,'Сечение шпильки','0.64 мм',1,1,0),(980,264,2,'Длина шпильки','30 мм',1,1,0),(981,264,3,'Количество в упаковке','20.000 шт',1,1,0),(982,265,1,'Шляпка штифта','0.7 мм',1,1,0),(983,265,2,'Сечение штифта','0.64 мм',1,1,0),(984,265,3,'Длина штифта','10 мм',1,1,0),(985,265,4,'Количество в упаковке','20.000 шт',1,1,0),(986,266,1,'Шляпка штифта','0.7 мм',1,1,0),(987,266,2,'Сечение штифта','0.64 мм',1,1,0),(988,266,3,'Длина штифта','12 мм',1,1,0),(989,266,4,'Количество в упаковке','20.000 шт',1,1,0),(990,267,1,'Шляпка штифта','0.7 мм',1,1,0),(991,267,2,'Сечение штифта','0.64 мм',1,1,0),(992,267,3,'Длина штифта','15 мм',1,1,0),(993,267,4,'Количество в упаковке','20.000 шт',1,1,0),(994,268,1,'Шляпка штифта','0.7 мм',1,1,0),(995,268,2,'Сечение штифта','0.64 мм',1,1,0),(996,268,3,'Длина штифта','17 мм',1,1,0),(997,268,4,'Количество в упаковке','20.000 шт',1,1,0),(998,269,1,'Шляпка штифта','0.7 мм',1,1,0),(999,269,2,'Сечение штифта','0.64 мм',1,1,0),(1000,269,3,'Длина штифта','18 мм',1,1,0),(1001,269,4,'Количество в упаковке','20.000 шт',1,1,0),(1002,270,1,'Шляпка штифта','0.7 мм',1,1,0),(1003,270,2,'Сечение штифта','0.64 мм',1,1,0),(1004,270,3,'Длина штифта','22 мм',1,1,0),(1005,270,4,'Количество в упаковке','20.000 шт',1,1,0),(1006,271,1,'Шляпка штифта','0.7 мм',1,1,0),(1007,271,2,'Сечение штифта','0.64 мм',1,1,0),(1008,271,3,'Длина штифта','25 мм',1,1,0),(1009,271,4,'Количество в упаковке','20.000 шт',1,1,0),(1010,272,1,'Шляпка штифта','0.7 мм',1,1,0),(1011,272,2,'Сечение штифта','0.64 мм',1,1,0),(1012,272,3,'Длина штифта','30 мм',1,1,0),(1013,272,4,'Количество в упаковке','20.000 шт',1,1,0),(1014,291,1,'Шляпка штифта','1.25 мм',1,1,0),(1015,291,2,'Сечение штифта','1.0 мм',1,1,0),(1016,291,3,'Длина штифта','13 мм',1,1,0),(1017,291,4,'Количество в упаковке','7.000 шт',1,1,0),(1018,273,1,'Шляпка штифта','1.25 мм',1,1,0),(1019,273,2,'Сечение штифта','1.0 мм',1,1,0),(1020,273,3,'Длина штифта','15 мм',1,1,0),(1021,273,4,'Количество в упаковке','7.000 шт',1,1,0),(1022,274,1,'Шляпка штифта','1.25 мм',1,1,0),(1023,274,2,'Сечение штифта','1.0 мм',1,1,0),(1024,274,3,'Длина штифта','19 мм',1,1,0),(1025,274,4,'Количество в упаковке','7.000 шт',1,1,0),(1026,275,1,'Шляпка штифта','1.25 мм',1,1,0),(1027,275,2,'Сечение штифта','1.0 мм',1,1,0),(1028,275,3,'Длина штифта','25 мм',1,1,0),(1029,275,4,'Количество в упаковке','7.000 шт',1,1,0),(1030,276,1,'Шляпка штифта','1.25 мм',1,1,0),(1031,276,2,'Сечение штифта','1.0 мм',1,1,0),(1032,276,3,'Длина штифта','30 мм',1,1,0),(1033,276,4,'Количество в упаковке','7.000 шт',1,1,0),(1034,277,1,'Шляпка штифта','1.25 мм',1,1,0),(1035,277,2,'Сечение штифта','1.0 мм',1,1,0),(1036,277,3,'Длина штифта','35 мм',1,1,0),(1037,277,4,'Количество в упаковке','7.000 шт',1,1,0),(1038,278,1,'Шляпка штифта','1.25 мм',1,1,0),(1039,278,2,'Сечение штифта','1.0 мм',1,1,0),(1040,278,3,'Длина штифта','38 мм',1,1,0),(1041,278,4,'Количество в упаковке','5.000 шт',1,1,0),(1042,279,1,'Шляпка штифта','1.25 мм',1,1,0),(1043,279,2,'Сечение штифта','1.0 мм',1,1,0),(1044,279,3,'Длина штифта','45 мм',1,1,0),(1045,279,4,'Количество в упаковке','7.000 шт',1,1,0),(1046,280,1,'Шляпка штифта','1.25 мм',1,1,0),(1047,280,2,'Сечение штифта','1.0 мм',1,1,0),(1048,280,3,'Длина штифта','50 мм',1,1,0),(1049,280,4,'Количество в упаковке','7.000 шт',1,1,0),(1050,292,1,'Шляпка штифта','1.6 мм',1,1,0),(1051,292,2,'Сечение штифта','1.4 мм',1,1,0),(1052,292,3,'Длина штифта','30 мм',1,1,0),(1053,292,4,'Количество в упаковке','3.850 шт',1,1,0),(1054,293,1,'Шляпка штифта','1.6 мм',1,1,0),(1055,293,2,'Сечение штифта','1.4 мм',1,1,0),(1056,293,3,'Длина штифта','45 мм',1,1,0),(1057,293,4,'Количество в упаковке','3.850 шт',1,1,0),(1058,146,0,'Диаметр сопла','0.5-0.7-1.0-1.2-1.4',1,0,1),(1059,147,0,'Диаметр сопла','0.5-0.7-1.0-1.2-1.4',1,0,1),(1060,148,0,'Диаметр сопла','1.1-1.2-1.3-1.4-1.7-1.9',1,0,1),(1061,149,0,'Диаметр сопла','1.0-1.2-1.3-1.4-1.7-1.9',1,0,1),(1062,150,0,'Диаметр сопла','1.1-1.2-1.3-1.4-1.5-1.7-1.9',1,0,1),(1063,151,0,'Диаметр сопла','1.1-1.2-1.3-1.4-1.7-1.9',1,0,1),(1064,152,0,'Диаметр сопла','1.0-1.1-1.2-1.3-1.4-1.7-1.9',1,0,1),(1065,153,0,'Диаметр сопла','1.1-1.2-1.3-1.4-1.5-1.7-1.9',1,0,1),(1066,154,0,'Диаметр сопла','1.0-1.1-1.2-1.3-1.4-1.7-1.9',1,0,1),(1067,155,0,'Диаметр сопла','1.0-1.1-1.2-1.3-1.4-1.5-1.7-1.9',1,0,1),(1068,156,0,'Диаметр сопла','1.0-1.1-1.2-1.3-1.4-1.5-1.7-1.9',1,0,1),(1069,157,0,'Диаметр сопла','0.5-0.7-1.0-1.2-1.4',1,0,1),(1070,159,0,'Диаметр сопла','1.0-1.2-1.3-1.4-1.7-1.9',1,0,1),(1071,160,0,'Диаметр сопла','1.0-1.2-1.3-1.4-1.7-1.9',1,0,1),(1072,161,0,'Диаметр сопла','1.0-1.2-1.3-1.4-1.7-1.9',1,0,1),(1073,162,0,'Диаметр сопла','1.0-1.2-1.3-1.4-1.7-1.9',1,0,1),(1074,163,0,'Диаметр сопла','1.0-1.2-1.3-1.4-1.7-1.9',1,0,1),(1075,164,0,'Диаметр сопла','1.0-1.2-1.3-1.4-1.7-1.9',1,0,1),(1076,165,0,'Диаметр сопла','1.0-1.3-1.5-1.7-1.9',1,0,1),(1077,166,0,'Диаметр сопла','1.0-1.3-1.5-1.7-1.9',1,0,1),(1078,167,0,'Диаметр сопла','1.0-1.3-1.5-1.7-1.9',1,0,1),(1079,168,0,'Диаметр сопла','1.0-1.1-1.2-1.3-1.4-1.5-1.7-1.8-1.9-2.2-2.5',1,0,1),(1080,169,0,'Диаметр сопла','1.0-1.1-1.2-1.3-1.4-1.5-1.7-1.8-1.9-2.2-2.5',1,0,1),(1081,170,0,'Диаметр сопла','1.0-1.1-1.2-1.3-1.4-1.5-1.7-1.8-1.9-2.2-2.5',1,0,1),(1082,171,0,'Диаметр сопла','1.0-1.1-1.2-1.3-1.4-1.5-1.7-1.8-1.9-2.2-2.5',1,0,1),(1083,172,0,'Диаметр сопла','1.0-1.1-1.2-1.3-1.4-1.5-1.7-1.8-1.9-2.2-2.5',1,0,1),(1084,173,0,'Диаметр сопла','1.0-1.2-1.3-1.5-1.7-1.9-2.2-2.5',1,0,1),(1085,174,0,'Диаметр сопла','1.0-1.2-1.3-1.5-1.7-1.9-2.2-2.5',1,0,1),(1086,175,0,'Диаметр сопла','1.3-1.5-1.7-1.9-2.2',1,0,1),(1087,176,0,'Диаметр сопла','1.0-1.2-1.3-1.5-1.7-1.9-2.2',1,0,1),(1088,177,0,'Диаметр сопла','1.0-1.2-1.3-1.5-1.7-1.9-2.2',1,0,1),(1089,178,0,'Диаметр сопла','1.0-1.2-1.3-1.5-1.7-1.9-2.2-2.5',1,0,1),(1090,179,0,'Диаметр сопла','1.0-1.2-1.3-1.5-1.7-1.9-2.2-2.5',1,0,1),(1091,180,0,'Диаметр сопла','1.3-1.5-1.7-1.9-2.2',1,0,1),(1092,181,0,'Диаметр сопла','1.0-1.3-1.5-1.7-1.9-2.2',1,0,1),(1093,182,0,'Диаметр сопла','1.7-1.9-2.2',1,0,1),(1094,183,0,'Диаметр сопла','1.0-1.1-1.2-1.3-1.4-1.5-1.7-1.8-1.9-2.2-2.5',1,0,1),(1095,184,0,'Диаметр сопла','1.0-1.1-1.2-1.3-1.4-1.5-1.7-1.8-1.9-2.2-2.5',1,0,1),(1096,185,0,'Диаметр сопла','1.0-1.1-1.2-1.3-1.4-1.5-1.7-1.8-1.9-2.2-2.5',1,0,1),(1097,186,0,'Диаметр сопла','1.0-1.1-1.2-1.3-1.4-1.5-1.7-1.8-1.9',1,0,1),(1098,187,0,'Диаметр сопла','1.0-1.1-1.2-1.3-1.4-1.5-1.7-1.8-1.9',1,0,1),(1099,188,0,'Диаметр сопла','1.3-1.4-1.5-1.7-1.9-2.2',1,0,1),(1100,189,0,'Диаметр сопла','1.3-1.5-1.7-1.9-2.2',1,0,1),(1101,190,0,'Диаметр сопла','1.3-1.4-1.5-1.7-1.8-1.9-2.2',1,0,1),(1102,11,0,'Диаметр дюзы','1.0-1.1-1.2-1.3-1.4-1.5-1.7-1.9',1,0,1),(1103,12,0,'Диаметр дюзы','1.0-1.1-1.2-1.3-1.4-1.7-1.9',1,0,1),(1104,13,0,'Диаметр дюзы','1.1-1.2-1.3-1.4-1.7-1.9',1,0,1),(1105,14,0,'Диаметр дюзы','1.1-1.2-1.3-1.4-1.5-1.7-1.9',1,0,1),(1106,15,0,'Диаметр дюзы','0.5-0.7-1.0-1.2-1.4',1,0,1),(1107,16,0,'Диаметр дюзы','0.5-0.7-1.0-1.2-1.4',1,0,1),(1108,17,0,'Диаметр дюзы','0.5-0.7-1.0-1.2-1.4',1,0,1),(1109,18,0,'Диаметр дюзы','0.5-0.7-1.0-1.2-1.4',1,0,1),(1110,19,0,'Диаметр дюзы','1.0-1.3-1.5-1.7-1.9',1,0,1),(1111,20,0,'Диаметр дюзы','1.0-1.2-1.3-1.4-1.7-1.9',1,0,1),(1112,21,0,'Диаметр дюзы','1.0-1.2-1.3-1.4-1.7-1.9',1,0,1),(1113,22,0,'Диаметр дюзы','1.0-1.2-1.3-1.4-1.5-1.7-1.9-2.2-2.5',1,0,1),(1114,23,0,'Диаметр дюзы','1.2-1.3-1.4-1.5-1.7-1.9-2.2-2.5',1,0,1),(1115,24,0,'Диаметр дюзы','1.0-1.2-1.3-1.5-1.7-1.9-2.2-2.5',1,0,1),(1116,25,0,'Диаметр дюзы','1.3-1.5-1.7-1.9-2.2',1,0,1),(1117,26,0,'Диаметр дюзы','1.2-1.3-1.4-1.5-1.7-1.9-2.2-2.5',1,0,1),(1118,27,0,'Диаметр дюзы','1.3-1.4-1.5-1.7-1.9-2.2-2.5',1,0,1);
/*!40000 ALTER TABLE `options` ENABLE KEYS */;
UNLOCK TABLES;

--
-- Table structure for table `pages`
--

DROP TABLE IF EXISTS `pages`;
/*!40101 SET @saved_cs_client     = @@character_set_client */;
/*!50503 SET character_set_client = utf8mb4 */;
CREATE TABLE `pages` (
  `url` varchar(70) NOT NULL,
  `name` varchar(70) NOT NULL,
  `text` text,
  `seo_title` varchar(70) DEFAULT NULL,
  `seo_description` text,
  `seo_keywords` text,
  PRIMARY KEY (`url`),
  UNIQUE KEY `url` (`url`)
) ENGINE=InnoDB DEFAULT CHARSET=utf8mb4 COLLATE=utf8mb4_0900_ai_ci;
/*!40101 SET character_set_client = @saved_cs_client */;

--
-- Dumping data for table `pages`
--

LOCK TABLES `pages` WRITE;
/*!40000 ALTER TABLE `pages` DISABLE KEYS */;
INSERT INTO `pages` VALUES ('arenda_prizepa','','','ZHBL - Аренда автоприцепов (Минск)','Аренда автоприцепов с тентом и без тента в Минске. Цена - 20 руб/сут. Телефон: +375 (44) 758-16-43','аренда прицепа минск, прицеп на колесах аренда, перевозки, легковой автоприцеп, цена на прицеп, прокат прицепа, взять в аренду автоприцеп, прицеп, аренда прицепа, ип жибуль, ип жибуль и.а, автоприцеп на прокат, прицеп на сутки, автоприцеп в аренду, аренда прицепа с тентом, аренда прицепа минск, аренда прицепа без тента, аренда легкового прицепа, аренда автомобилей прицепов, аренда прицепа для легкового автомобиля, взять прицеп в аренду, аренда прицепа цена, прицеп на колесах аренда, аренда прицепов в минске, аренда прицепа для перевозки, взять в аренду легковой прицеп, аренда легкового прицепа цена, прицеп для легкового автомобиля взять в аренду, аренда автомобильного прицепа, аренда прицепов белоруснефть, аренда прицепа недорого, снять прицеп в аренду, аренда легковых прицепов минск, аренда прицепа для мотоцикла, аренда прицепа стоимость, аренда прицепа азс, а100 аренда прицепов, аренда прицепа без водителя, аренда прицепов в минске для легковых автомобилей, аренда прицепа кг, аренда прицепа для легковых автомобилей газпром, аренда прицепа заправка, аренда прицепа беларусь, аренда прицепа в минске цены, аренда прицепа для перевозки мотоцикла, аренда п прицепов, прицеп для легкового авто в аренду, сколько стоит прицеп в аренду, прицеп прокат аренда, аренда прицепа для легковой машины, аренда прицепа на сутки, аренда прицепа до 750 кг, аренда прицепа а100 минск, ома аренда прицепа, где взять прицеп в аренду, аренда прицепов беларусьнефть, аренда легкового прицепа стоимость, лукойл аренда прицепов, аренда прицепа для легкового газпромнефть, а100 аренда прицепа цена, аренда прицепа курган, аренда прицепа на азс белоруснефть, взять прицеп в аренду в минске'),('contacts','КОНТАКТНАЯ ИНФОРМАЦИЯ','','Контакты - ZHBL - Все для пневмооборудования (Минск)','Адрес: г. Минск, ул. Селицкого 21К, 4 этаж, помещение 8. Телефон: +375 (29) 741-52-26. E-mail: zhibul.maksim@yandex.ru','деревообработка, компрессоры, скоба, штифты, шпилька, гвозди, масло, фитинги, жбл, zhbl, пневмоинструмент, пневматический инструмент, крепеж, ez-fasten, fasco, emes, remeza, fiac, oldc, slim, gav, walcom, walmec, купить крепеж в минске, ип жибуль, краскопульты, xlight, hte, hvlp, скобозабиватель, штифтозабиватель, шпилечник, ремонт пневмоинструмента'),('dostavka','Доставка по Беларуси','Доставка по Республике Беларусь осуществляется тремя способами:<ol><li>Автолайт экспресс</li><li>Европочта (возможен наложенный платёж)</li><li>СДЭК</li></ol><br/>Стоимость доставки уточняйте у менеджера.<br/><br/><br/><h1 class=\"text-center\">Бесплатная доставка</h1><br/>Бесплатная доставка осуществляется в пределах зелёной зоны, которая отмечена на карте ниже. Данный вид доставки возможен только при покупке от 400 белорусских рублей.<br/><br/>В неё не входят следующие категории:<br/><ol><li>Компрессорное оборудование</li><li>Осушители</li><li>Фильтры</li></ol><br/>','ZHBL - Доставка по Беларуси (Минск)','Страница доставки и оплаты','доставка,оплата'),('index','','','Компания ZHBL - Все для пневмооборудования (Минск)','Широкий выбор крепежных изделий, пневматических пистолетов, компрессоров, соединительных элементов, запчастей для компрессоров и сопутствующих товаров для пневмооборудования. +375 (29) 741-52-26','пневмоинструмент, крепеж, zhbl, ип жибуль,компрессоры, соединительные элементы, скобозабивной пистолет, скобы, штифтозабивной пистолет, штифты, шпилькозабивной пистолет, шпилька, гвоздезабивной пистолет, скобозабиватель, ремеза, remeza, walcom, краскопульты, масла, запчасти для пневмоинструмента, ремонт пневмоинструмента, фитинги, ремнаборы для краскопультов, бачки для краскопультов, манометры, осушители воздуха, фильтры для компрессора, крепежные изделия, пневматика, резьбовые соединения, цанговые соединения'),('katalog','','','ZHBL - Каталог товаров (Минск)','',''),('rembaza','ОБСЛУЖИВАНИЕ И РЕМОНТ ПНЕВМОИНСТРУМЕНТА','Наша компания ZHBL располагает собственной ремонтно-технической базой.\n<br/><br/>\nМы предлагаем оригинальные запасные части для пневматических инструментов таких брендов,\nкак: BeA, BOSTITCH, DYNABRADE, EZ-FASTEN, FASCO (BECK), HITACHI, MAX, PREBENA, SENCO, SUMAKE.<br/><br/>\nРемонтируем следующие типы пневматического оборудования:<br/>\n\n<ol>\n  <li>Гвоздезабивные пистолеты</li>\n  <li>Пневматические шлифмашинки</li>\n  <li>Скобозабивные пистолеты</li><li>Шпилькозабивные пистолеты</li>\n  <li>Штифтозабивные пистолеты</li>\n</ol>\n\n<br/>В ремонт не принимаются следующие типы инструментов: гайковерты, пневмозаклепочники, пневмомолотки, \nпневмотрещетки, пневмотрещетки, пневмолобзики, пневматические дрели, пнеевмоотвертки.','ZHBL - Ремонт пневматического инструмента (Минск)','Компания ZHBL осуществляет ремонт пневматического инструмента и оборудования.\nЕсть возможность выезда специалиста на производства. Телефон: +375 (44) 758-16-43','Ремонт пневмоинструмента, ремонт пневмооборудования, ремонт компрессора, ип жибуль, ремонт шлифмашинки,\nремонт шпилькозабивного пистолета, ремонт скобозабивателя,\nремонт пневмостеплера, ремонт, штифтозабивного пистолета, ремонт инструмента fasco, ez-fasten, bostitch,\nsumake, fasco, hitachi, senco, prebena, ремонт ez-fasten,\nремонт bostitch, ремонт sumake, ремонт hitachi, ремонт prebena, ремонт senco, ремонт инструмента минск,\nремонт пневмоинструмента минск, боек для шпилечника'),('uslugi','','','ZHBL - Ремонт пневмоинструмента и аренда прицепов (Минск)','','');
/*!40000 ALTER TABLE `pages` ENABLE KEYS */;
UNLOCK TABLES;

--
-- Table structure for table `slider_images`
--

DROP TABLE IF EXISTS `slider_images`;
/*!40101 SET @saved_cs_client     = @@character_set_client */;
/*!50503 SET character_set_client = utf8mb4 */;
CREATE TABLE `slider_images` (
  `slide_id` bigint unsigned NOT NULL,
  `display` varchar(50) NOT NULL,
  `src` varchar(200) NOT NULL,
  KEY `slide_id` (`slide_id`),
  CONSTRAINT `slider_images_ibfk_1` FOREIGN KEY (`slide_id`) REFERENCES `slides` (`id`) ON DELETE CASCADE ON UPDATE CASCADE
) ENGINE=InnoDB DEFAULT CHARSET=utf8mb4 COLLATE=utf8mb4_0900_ai_ci;
/*!40101 SET character_set_client = @saved_cs_client */;

--
-- Dumping data for table `slider_images`
--

LOCK TABLES `slider_images` WRITE;
/*!40000 ALTER TABLE `slider_images` DISABLE KEYS */;
INSERT INTO `slider_images` VALUES (1,'desktop','https://api.zhbl.by/slider/slide1.png'),(2,'desktop','https://api.zhbl.by/slider/slide2.png'),(3,'desktop','https://api.zhbl.by/slider/slide3.png'),(1,'mobile','https://api.zhbl.by/slider/mob-slide1.png'),(2,'mobile','https://api.zhbl.by/slider/mob-slide2.png'),(3,'mobile','https://api.zhbl.by/slider/mob-slide3.png');
/*!40000 ALTER TABLE `slider_images` ENABLE KEYS */;
UNLOCK TABLES;

--
-- Table structure for table `slides`
--

DROP TABLE IF EXISTS `slides`;
/*!40101 SET @saved_cs_client     = @@character_set_client */;
/*!50503 SET character_set_client = utf8mb4 */;
CREATE TABLE `slides` (
  `id` bigint unsigned NOT NULL AUTO_INCREMENT,
  `url` varchar(70) NOT NULL,
  `title` varchar(120) NOT NULL,
  `brand` varchar(70) NOT NULL,
  PRIMARY KEY (`id`),
  UNIQUE KEY `id` (`id`)
) ENGINE=InnoDB AUTO_INCREMENT=4 DEFAULT CHARSET=utf8mb4 COLLATE=utf8mb4_0900_ai_ci;
/*!40101 SET character_set_client = @saved_cs_client */;

--
-- Dumping data for table `slides`
--

LOCK TABLES `slides` WRITE;
/*!40000 ALTER TABLE `slides` DISABLE KEYS */;
INSERT INTO `slides` VALUES (1,'kraskoraspyliteli','Краскораспылители','WALCOM'),(2,'kompressory','Компрессоры','REMEZA'),(3,'krepezh','Крепежные изделия','EMES');
/*!40000 ALTER TABLE `slides` ENABLE KEYS */;
UNLOCK TABLES;

--
-- Table structure for table `trailer_images`
--

DROP TABLE IF EXISTS `trailer_images`;
/*!40101 SET @saved_cs_client     = @@character_set_client */;
/*!50503 SET character_set_client = utf8mb4 */;
CREATE TABLE `trailer_images` (
  `trailer_id` bigint unsigned NOT NULL,
  `src` varchar(200) NOT NULL,
  KEY `trailer_id` (`trailer_id`),
  CONSTRAINT `trailer_images_ibfk_1` FOREIGN KEY (`trailer_id`) REFERENCES `trailer_rent` (`id`) ON DELETE CASCADE ON UPDATE CASCADE
) ENGINE=InnoDB DEFAULT CHARSET=utf8mb4 COLLATE=utf8mb4_0900_ai_ci;
/*!40101 SET character_set_client = @saved_cs_client */;

--
-- Dumping data for table `trailer_images`
--

LOCK TABLES `trailer_images` WRITE;
/*!40000 ALTER TABLE `trailer_images` DISABLE KEYS */;
INSERT INTO `trailer_images` VALUES (1,'https://api.zhbl.by/trailer/tent1.jpg'),(1,'https://api.zhbl.by/trailer/tent2.png'),(1,'https://api.zhbl.by/trailer/tent3.jpg'),(2,'https://api.zhbl.by/trailer/without_tent1.jpg'),(2,'https://api.zhbl.by/trailer/without_tent2.jpg'),(2,'https://api.zhbl.by/trailer/without_tent3.jpg');
/*!40000 ALTER TABLE `trailer_images` ENABLE KEYS */;
UNLOCK TABLES;

--
-- Table structure for table `trailer_options`
--

DROP TABLE IF EXISTS `trailer_options`;
/*!40101 SET @saved_cs_client     = @@character_set_client */;
/*!50503 SET character_set_client = utf8mb4 */;
CREATE TABLE `trailer_options` (
  `id` bigint unsigned NOT NULL AUTO_INCREMENT,
  `trailer_id` bigint unsigned NOT NULL,
  `icon` varchar(120) NOT NULL,
  `name` varchar(120) NOT NULL,
  `text` varchar(250) NOT NULL,
  PRIMARY KEY (`id`),
  UNIQUE KEY `id` (`id`),
  KEY `trailer_id` (`trailer_id`),
  CONSTRAINT `trailer_options_ibfk_1` FOREIGN KEY (`trailer_id`) REFERENCES `trailer_rent` (`id`) ON DELETE CASCADE ON UPDATE CASCADE
) ENGINE=InnoDB AUTO_INCREMENT=9 DEFAULT CHARSET=utf8mb4 COLLATE=utf8mb4_0900_ai_ci;
/*!40101 SET character_set_client = @saved_cs_client */;

--
-- Dumping data for table `trailer_options`
--

LOCK TABLES `trailer_options` WRITE;
/*!40000 ALTER TABLE `trailer_options` DISABLE KEYS */;
INSERT INTO `trailer_options` VALUES (1,1,'size','Габариты кузова','Длина кузова - 3010 мм<br/>Ширина кузова - 1480 мм'),(2,1,'height','Высота кузова','Высота кузова - 380 мм<br/>Высота каркаса (тента) - 1500 мм'),(3,1,'options','Грузоподъемность','По документам - 460 кг<br/>По факту - до 750 кг'),(4,1,'exclamation-mark','Общая информация','Минимальный срок аренды - 3 часа<br/>Цена за сутки - 20 рублей'),(5,2,'size','Габариты кузова','Длина кузова - 3000 мм<br/>Ширина кузова - 1500 мм'),(6,2,'info','Шасси','Тип подвески - рессорно-амортизаторная<br/>Размер колес - R13 4х98'),(7,2,'options','Грузоподъемность','По документам - 500 кг<br/>По факту - до 740 кг'),(8,2,'exclamation-mark','Общая информация','Минимальный срок аренды - 3 часа<br/>Цена за сутки - 20 рублей');
/*!40000 ALTER TABLE `trailer_options` ENABLE KEYS */;
UNLOCK TABLES;

--
-- Table structure for table `trailer_rent`
--

DROP TABLE IF EXISTS `trailer_rent`;
/*!40101 SET @saved_cs_client     = @@character_set_client */;
/*!50503 SET character_set_client = utf8mb4 */;
CREATE TABLE `trailer_rent` (
  `id` bigint unsigned NOT NULL AUTO_INCREMENT,
  `title` text NOT NULL,
  `description` text NOT NULL,
  `url` varchar(150) NOT NULL,
  `image_src` text,
  `seo_title` text,
  `seo_description` text,
  `seo_keywords` text,
  PRIMARY KEY (`id`),
  UNIQUE KEY `id` (`id`),
  UNIQUE KEY `url` (`url`)
) ENGINE=InnoDB AUTO_INCREMENT=3 DEFAULT CHARSET=utf8mb4 COLLATE=utf8mb4_0900_ai_ci;
/*!40101 SET character_set_client = @saved_cs_client */;

--
-- Dumping data for table `trailer_rent`
--

LOCK TABLES `trailer_rent` WRITE;
/*!40000 ALTER TABLE `trailer_rent` DISABLE KEYS */;
INSERT INTO `trailer_rent` VALUES (1,'Аренда автоприцепа с тентом','В концепцию прицепа был заложен крепкий кузов уникальных размеров 3 на 1,5 метра. На легковом прицепе \"Атлет\" удобно перевозить\nкак материалы для строительства, так и технику для экстримального отдыха. Высота кузова от пола до тента 1,5 метра.','arenda-s-tentom','https://api.zhbl.by/trailers/preview-with-tent.png','ZHBL - Аренда автоприцепов с тентом (Минск)','',''),(2,'Аренда автоприцепа без тента','В концепцию прицепа был заложен крепкий кузов уникальных размеров 3 на 1,5 метра. Прицеп Титан-3000 для легковых\nавтомобилей решает вопрос перевозки тяжёлых (до 500 кг) и габаритных грузов, когда нет возможности или потребности в покупке грузового транспорта.\nОборудован высоким жёстким каркасом, к которому можно крепить грузы для их большей устойчивости.','arenda-bez-tenta','https://api.zhbl.by/trailers/preview-without-tent.jpg','ZHBL - Аренда автоприцепов без тента (Минск)','','');
/*!40000 ALTER TABLE `trailer_rent` ENABLE KEYS */;
UNLOCK TABLES;

--
-- Table structure for table `trailers`
--

DROP TABLE IF EXISTS `trailers`;
/*!40101 SET @saved_cs_client     = @@character_set_client */;
/*!50503 SET character_set_client = utf8mb4 */;
CREATE TABLE `trailers` (
  `id` bigint unsigned NOT NULL AUTO_INCREMENT,
  `trailer_rent_id` bigint unsigned NOT NULL,
  `title` varchar(250) NOT NULL,
  `text` text NOT NULL,
  PRIMARY KEY (`id`),
  UNIQUE KEY `id` (`id`),
  KEY `trailer_rent_id` (`trailer_rent_id`),
  CONSTRAINT `trailers_ibfk_1` FOREIGN KEY (`trailer_rent_id`) REFERENCES `trailer_rent` (`id`) ON DELETE CASCADE ON UPDATE CASCADE
) ENGINE=InnoDB AUTO_INCREMENT=3 DEFAULT CHARSET=utf8mb4 COLLATE=utf8mb4_0900_ai_ci;
/*!40101 SET character_set_client = @saved_cs_client */;

--
-- Dumping data for table `trailers`
--

LOCK TABLES `trailers` WRITE;
/*!40000 ALTER TABLE `trailers` DISABLE KEYS */;
INSERT INTO `trailers` VALUES (1,1,'Аренда автоприцепа с тентом','В концепцию прицепа был заложен крепкий кузов уникальных размеров 3 на 1,5 метра. На легковом прицепе \"Атлет\" удобно перевозить как материалы для строительства, так и технику для экстримального отдыха. Подвеска прицепа для легковых автомобилей имеет уникальную рессору с подрессорником. Для защиты грузов от внешнего воздействия (осадки, грязь, пыль и тп.) на прицепе \"Атлет\" устанавливается тент. Высота кузова от пола до тента 1,5 метра. Тент имеет аэродинамический скос, позволяющий умешить сопротивление воздуха при езде с прицепом. При установке удлинителя дышла в крайнее положение на прицепе можно перевозить длиномерные грузы до 6 метров, при этом следует помнить, что груз выступающий за 1 метр от кузова прицепа надо обозначить знаком \"крупногабаритный груз\".'),(2,2,'Аренда автоприцепа без тента','Прицеп Титан-3000 для легковых автомобилей решает вопрос перевозки тяжёлых (до 500 кг) и габаритных грузов, когда нет возможности или потребности в покупке грузового транспорта. Оборудован высоким жёстким каркасом, к которому можно крепить грузы для их большей устойчивости. На каркас можно натянуть водонепроницаемый тент, который защитит перевозимые грузы от осадков, пыли и грязи (например, при перевозке по грязным дорогам в дождь). Так же тент скроет содержимое прицепа от посторонних глаз.');
/*!40000 ALTER TABLE `trailers` ENABLE KEYS */;
UNLOCK TABLES;

--
-- Table structure for table `users`
--

DROP TABLE IF EXISTS `users`;
/*!40101 SET @saved_cs_client     = @@character_set_client */;
/*!50503 SET character_set_client = utf8mb4 */;
CREATE TABLE `users` (
  `id` bigint unsigned NOT NULL AUTO_INCREMENT,
  `phone` varchar(20) NOT NULL,
  `name` varchar(50) NOT NULL,
  `company` varchar(100) DEFAULT NULL,
  `email` varchar(70) DEFAULT NULL,
  `comment` text,
  `time` varchar(120) DEFAULT NULL,
  PRIMARY KEY (`id`),
  UNIQUE KEY `id` (`id`)
) ENGINE=InnoDB AUTO_INCREMENT=2 DEFAULT CHARSET=utf8mb4 COLLATE=utf8mb4_0900_ai_ci;
/*!40101 SET character_set_client = @saved_cs_client */;

--
-- Dumping data for table `users`
--

LOCK TABLES `users` WRITE;
/*!40000 ALTER TABLE `users` DISABLE KEYS */;
INSERT INTO `users` VALUES (1,'+375 (29) 205-81-73','Александр',NULL,NULL,NULL,'1691089350891');
/*!40000 ALTER TABLE `users` ENABLE KEYS */;
UNLOCK TABLES;
/*!40103 SET TIME_ZONE=@OLD_TIME_ZONE */;

/*!40101 SET SQL_MODE=@OLD_SQL_MODE */;
/*!40014 SET FOREIGN_KEY_CHECKS=@OLD_FOREIGN_KEY_CHECKS */;
/*!40014 SET UNIQUE_CHECKS=@OLD_UNIQUE_CHECKS */;
/*!40101 SET CHARACTER_SET_CLIENT=@OLD_CHARACTER_SET_CLIENT */;
/*!40101 SET CHARACTER_SET_RESULTS=@OLD_CHARACTER_SET_RESULTS */;
/*!40101 SET COLLATION_CONNECTION=@OLD_COLLATION_CONNECTION */;
/*!40111 SET SQL_NOTES=@OLD_SQL_NOTES */;

-- Dump completed on 2023-08-12 19:13:21
